index,user_file,user_input_url,output_url,garment_url,garment_prompt,garment_type,user_prompt,prompt_used,status,error,prepare_latency_s,tryon_latency_s,total_latency_s
1,d59b4890-cd3b-4863-b7d4-243fbea10610.jpg,https://glamifydevstorage.blob.core.windows.net/wardrobe-outputs/95259d4d-3ed5-4e76-a347-f5673c1e96cd.png,https://glamifydevstorage.blob.core.windows.net/wardrobe-outputs/701048cb-c2b2-4199-9073-f8f89fe47eaf.png,https://glamifydevstorage.blob.core.windows.net/wardrobe-outputs/1e1009b9-21cf-42aa-8ec5-d65e65622acb.png,"This garment is a fitted, short-sleeved dress with a structured bodice and a short skirt. The bodice features a sweetheart neckline with a central vertical seam that extends down the front, flanked by two angled seams converging at the waist, creating a corset-like silhouette. The front closure consists of five large, round, gold-toned buttons arranged vertically along the central seam. The sleeves are short and capped, with a slight flare at the hem, and are attached to the bodice with shoulder seams that extend from the neckline to the sleeve cap. The shoulder layout includes a square neckline with a straight upper edge, bordered by a narrow band of fabric that forms a slight V-shape at the center front. The waist transition is defined by a series of vertical seams that contour the torso, enhancing the fitted shape. The skirt is constructed from the same material as the bodice, with a smooth, continuous flow from the waist to the hem, which ends above the knee. The fabric exhibits a textured pattern resembling reptile skin, with visible grain lines running vertically along the bodice and skirt. The dress appears to be made from a structured, possibly leather-like material with a slight sheen. There are no visible boning, lining, or additional trims beyond the buttons and the subtle texture of the fabric.",dress,A young woman with blonde shoulder-length wavy hair and curvy body build.,"TRYON A young woman with blonde shoulder-length wavy hair and curvy body build. Replace the entire outfit completely with This garment is a fitted, short-sleeved dress with a structured bodice and a short skirt. The bodice features a sweetheart neckline with a central vertical seam that extends down the front, flanked by two angled seams converging at the waist, creating a corset-like silhouette. The front closure consists of five large, round, gold-toned buttons arranged vertically along the central seam. The sleeves are short and capped, with a slight flare at the hem, and are attached to the bodice with shoulder seams that extend from the neckline to the sleeve cap. The shoulder layout includes a square neckline with a straight upper edge, bordered by a narrow band of fabric that forms a slight V-shape at the center front. The waist transition is defined by a series of vertical seams that contour the torso, enhancing the fitted shape. The skirt is constructed from the same material as the bodice, with a smooth, continuous flow from the waist to the hem, which ends above the knee. The fabric exhibits a textured pattern resembling reptile skin, with visible grain lines running vertically along the bodice and skirt. The dress appears to be made from a structured, possibly leather-like material with a slight sheen. There are no visible boning, lining, or additional trims beyond the buttons and the subtle texture of the fabric. as shown in the reference image. Strictly keep the same face, body measurements, hair color, eye directions, exact foot wear, same accessories and preserve strict body pose. Preserve the exact subject scale and framing from the original image; do not zoom, crop, or change camera distance. Generate a hyper realistic virtual tryon. The final image is a full body shot.",success,,0.0,8.07830810546875,13.599425315856934
2,image.jpg,https://glamifydevstorage.blob.core.windows.net/wardrobe-outputs/ac70fdb4-93fc-466b-a0b4-98fe04173bd4.png,https://glamifydevstorage.blob.core.windows.net/wardrobe-outputs/087695ae-598b-4cf9-8fd0-ccf0fe5083ad.png,https://glamifydevstorage.blob.core.windows.net/wardrobe-outputs/1e1009b9-21cf-42aa-8ec5-d65e65622acb.png,"This garment is a fitted, short-sleeved dress with a structured bodice and a short skirt. The bodice features a sweetheart neckline with a central vertical seam that extends down the front, flanked by two angled seams converging at the waist, creating a corset-like silhouette. The front closure consists of five large, round, gold-toned buttons arranged vertically along the central seam. The sleeves are short and capped, with a slight flare at the hem, and are attached to the bodice with shoulder seams that extend from the neckline to the sleeve cap. The shoulder layout includes a square neckline with a straight upper edge, bordered by a narrow band of fabric that forms a slight V-shape at the center front. The waist transition is defined by a series of vertical seams that contour the torso, enhancing the fitted shape. The skirt is constructed from the same material as the bodice, with a smooth, continuous flow from the waist to the hem, which ends above the knee. The fabric exhibits a textured pattern resembling reptile skin, with visible grain lines running vertically along the bodice and skirt. The dress appears to be made from a structured, possibly leather-like material with a slight sheen. There are no visible boning, lining, or additional trims beyond the buttons and the subtle texture of the fabric.",dress,An adult woman with blonde shoulder-length wavy hair and curvy body build.,"TRYON An adult woman with blonde shoulder-length wavy hair and curvy body build. Replace the entire outfit completely with This garment is a fitted, short-sleeved dress with a structured bodice and a short skirt. The bodice features a sweetheart neckline with a central vertical seam that extends down the front, flanked by two angled seams converging at the waist, creating a corset-like silhouette. The front closure consists of five large, round, gold-toned buttons arranged vertically along the central seam. The sleeves are short and capped, with a slight flare at the hem, and are attached to the bodice with shoulder seams that extend from the neckline to the sleeve cap. The shoulder layout includes a square neckline with a straight upper edge, bordered by a narrow band of fabric that forms a slight V-shape at the center front. The waist transition is defined by a series of vertical seams that contour the torso, enhancing the fitted shape. The skirt is constructed from the same material as the bodice, with a smooth, continuous flow from the waist to the hem, which ends above the knee. The fabric exhibits a textured pattern resembling reptile skin, with visible grain lines running vertically along the bodice and skirt. The dress appears to be made from a structured, possibly leather-like material with a slight sheen. There are no visible boning, lining, or additional trims beyond the buttons and the subtle texture of the fabric. as shown in the reference image. Strictly keep the same face, body measurements, hair color, eye directions, exact foot wear, same accessories and preserve strict body pose. Preserve the exact subject scale and framing from the original image; do not zoom, crop, or change camera distance. Generate a hyper realistic virtual tryon. The final image is a full body shot.",success,,0.0,5.817206621170044,9.905130386352539
3,pexels-2997777-4838042.jpg,https://glamifydevstorage.blob.core.windows.net/wardrobe-outputs/49ad111f-5cff-4d9d-95b3-2c40216be44b.png,https://glamifydevstorage.blob.core.windows.net/wardrobe-outputs/c056ad0e-e2c6-4e44-b362-3524c9db1b1b.png,https://glamifydevstorage.blob.core.windows.net/wardrobe-outputs/1e1009b9-21cf-42aa-8ec5-d65e65622acb.png,"This garment is a fitted, short-sleeved dress with a structured bodice and a short skirt. The bodice features a sweetheart neckline with a central vertical seam that extends down the front, flanked by two angled seams converging at the waist, creating a corset-like silhouette. The front closure consists of five large, round, gold-toned buttons arranged vertically along the central seam. The sleeves are short and capped, with a slight flare at the hem, and are attached to the bodice with shoulder seams that extend from the neckline to the sleeve cap. The shoulder layout includes a square neckline with a straight upper edge, bordered by a narrow band of fabric that forms a slight V-shape at the center front. The waist transition is defined by a series of vertical seams that contour the torso, enhancing the fitted shape. The skirt is constructed from the same material as the bodice, with a smooth, continuous flow from the waist to the hem, which ends above the knee. The fabric exhibits a textured pattern resembling reptile skin, with visible grain lines running vertically along the bodice and skirt. The dress appears to be made from a structured, possibly leather-like material with a slight sheen. There are no visible boning, lining, or additional trims beyond the buttons and the subtle texture of the fabric.",dress,A young woman with blonde long smooth hair and slim body build.,"TRYON A young woman with blonde long smooth hair and slim body build. Replace the entire outfit completely with This garment is a fitted, short-sleeved dress with a structured bodice and a short skirt. The bodice features a sweetheart neckline with a central vertical seam that extends down the front, flanked by two angled seams converging at the waist, creating a corset-like silhouette. The front closure consists of five large, round, gold-toned buttons arranged vertically along the central seam. The sleeves are short and capped, with a slight flare at the hem, and are attached to the bodice with shoulder seams that extend from the neckline to the sleeve cap. The shoulder layout includes a square neckline with a straight upper edge, bordered by a narrow band of fabric that forms a slight V-shape at the center front. The waist transition is defined by a series of vertical seams that contour the torso, enhancing the fitted shape. The skirt is constructed from the same material as the bodice, with a smooth, continuous flow from the waist to the hem, which ends above the knee. The fabric exhibits a textured pattern resembling reptile skin, with visible grain lines running vertically along the bodice and skirt. The dress appears to be made from a structured, possibly leather-like material with a slight sheen. There are no visible boning, lining, or additional trims beyond the buttons and the subtle texture of the fabric. as shown in the reference image. Strictly keep the same face, body measurements, hair color, eye directions, exact foot wear, same accessories and preserve strict body pose. Preserve the exact subject scale and framing from the original image; do not zoom, crop, or change camera distance. Generate a hyper realistic virtual tryon. The final image is a full body shot.",success,,0.0,8.089958906173706,14.187051057815552
4,pexels-38711587-7208431.jpg,https://glamifydevstorage.blob.core.windows.net/wardrobe-outputs/3a1c9949-8cd1-4b2e-aa2b-773d4f4faa11.png,https://glamifydevstorage.blob.core.windows.net/wardrobe-outputs/2402781c-4d28-4201-843d-41dbb8b87654.png,https://glamifydevstorage.blob.core.windows.net/wardrobe-outputs/1e1009b9-21cf-42aa-8ec5-d65e65622acb.png,"This garment is a fitted, short-sleeved dress with a structured bodice and a short skirt. The bodice features a sweetheart neckline with a central vertical seam that extends down the front, flanked by two angled seams converging at the waist, creating a corset-like silhouette. The front closure consists of five large, round, gold-toned buttons arranged vertically along the central seam. The sleeves are short and capped, with a slight flare at the hem, and are attached to the bodice with shoulder seams that extend from the neckline to the sleeve cap. The shoulder layout includes a square neckline with a straight upper edge, bordered by a narrow band of fabric that forms a slight V-shape at the center front. The waist transition is defined by a series of vertical seams that contour the torso, enhancing the fitted shape. The skirt is constructed from the same material as the bodice, with a smooth, continuous flow from the waist to the hem, which ends above the knee. The fabric exhibits a textured pattern resembling reptile skin, with visible grain lines running vertically along the bodice and skirt. The dress appears to be made from a structured, possibly leather-like material with a slight sheen. There are no visible boning, lining, or additional trims beyond the buttons and the subtle texture of the fabric.",dress,A young woman with black long smooth hair and slim body build.,"TRYON A young woman with black long smooth hair and slim body build. Replace the entire outfit completely with This garment is a fitted, short-sleeved dress with a structured bodice and a short skirt. The bodice features a sweetheart neckline with a central vertical seam that extends down the front, flanked by two angled seams converging at the waist, creating a corset-like silhouette. The front closure consists of five large, round, gold-toned buttons arranged vertically along the central seam. The sleeves are short and capped, with a slight flare at the hem, and are attached to the bodice with shoulder seams that extend from the neckline to the sleeve cap. The shoulder layout includes a square neckline with a straight upper edge, bordered by a narrow band of fabric that forms a slight V-shape at the center front. The waist transition is defined by a series of vertical seams that contour the torso, enhancing the fitted shape. The skirt is constructed from the same material as the bodice, with a smooth, continuous flow from the waist to the hem, which ends above the knee. The fabric exhibits a textured pattern resembling reptile skin, with visible grain lines running vertically along the bodice and skirt. The dress appears to be made from a structured, possibly leather-like material with a slight sheen. There are no visible boning, lining, or additional trims beyond the buttons and the subtle texture of the fabric. as shown in the reference image. Strictly keep the same face, body measurements, hair color, eye directions, exact foot wear, same accessories and preserve strict body pose. Preserve the exact subject scale and framing from the original image; do not zoom, crop, or change camera distance. Generate a hyper realistic virtual tryon. The final image is a full body shot.",success,,0.0,8.105416297912598,19.398168087005615
5,pexels-48518676-7572653.jpg,https://glamifydevstorage.blob.core.windows.net/wardrobe-outputs/a376a5d9-f98c-44a6-9b7f-ca92fe8900f9.png,https://glamifydevstorage.blob.core.windows.net/wardrobe-outputs/48d43b30-a5de-42be-ab33-4796d901d2af.png,https://glamifydevstorage.blob.core.windows.net/wardrobe-outputs/1e1009b9-21cf-42aa-8ec5-d65e65622acb.png,"This garment is a fitted, short-sleeved dress with a structured bodice and a short skirt. The bodice features a sweetheart neckline with a central vertical seam that extends down the front, flanked by two angled seams converging at the waist, creating a corset-like silhouette. The front closure consists of five large, round, gold-toned buttons arranged vertically along the central seam. The sleeves are short and capped, with a slight flare at the hem, and are attached to the bodice with shoulder seams that extend from the neckline to the sleeve cap. The shoulder layout includes a square neckline with a straight upper edge, bordered by a narrow band of fabric that forms a slight V-shape at the center front. The waist transition is defined by a series of vertical seams that contour the torso, enhancing the fitted shape. The skirt is constructed from the same material as the bodice, with a smooth, continuous flow from the waist to the hem, which ends above the knee. The fabric exhibits a textured pattern resembling reptile skin, with visible grain lines running vertically along the bodice and skirt. The dress appears to be made from a structured, possibly leather-like material with a slight sheen. There are no visible boning, lining, or additional trims beyond the buttons and the subtle texture of the fabric.",dress,An adult woman with black long curly hair and slim body build.,"TRYON An adult woman with black long curly hair and slim body build. Replace the entire outfit completely with This garment is a fitted, short-sleeved dress with a structured bodice and a short skirt. The bodice features a sweetheart neckline with a central vertical seam that extends down the front, flanked by two angled seams converging at the waist, creating a corset-like silhouette. The front closure consists of five large, round, gold-toned buttons arranged vertically along the central seam. The sleeves are short and capped, with a slight flare at the hem, and are attached to the bodice with shoulder seams that extend from the neckline to the sleeve cap. The shoulder layout includes a square neckline with a straight upper edge, bordered by a narrow band of fabric that forms a slight V-shape at the center front. The waist transition is defined by a series of vertical seams that contour the torso, enhancing the fitted shape. The skirt is constructed from the same material as the bodice, with a smooth, continuous flow from the waist to the hem, which ends above the knee. The fabric exhibits a textured pattern resembling reptile skin, with visible grain lines running vertically along the bodice and skirt. The dress appears to be made from a structured, possibly leather-like material with a slight sheen. There are no visible boning, lining, or additional trims beyond the buttons and the subtle texture of the fabric. as shown in the reference image. Strictly keep the same face, body measurements, hair color, eye directions, exact foot wear, same accessories and preserve strict body pose. Preserve the exact subject scale and framing from the original image; do not zoom, crop, or change camera distance. Generate a hyper realistic virtual tryon. The final image is a full body shot.",success,,0.0,8.1674063205719,14.563559532165527
6,pexels-_ofarias-g-530112232-16986947.jpg,https://glamifydevstorage.blob.core.windows.net/wardrobe-outputs/0ac1de8e-f7a5-4001-a7a9-6f07902175ef.png,https://glamifydevstorage.blob.core.windows.net/wardrobe-outputs/412a2522-73e3-45c3-a9da-74299860e440.png,https://glamifydevstorage.blob.core.windows.net/wardrobe-outputs/1e1009b9-21cf-42aa-8ec5-d65e65622acb.png,"This garment is a fitted, short-sleeved dress with a structured bodice and a short skirt. The bodice features a sweetheart neckline with a central vertical seam that extends down the front, flanked by two angled seams converging at the waist, creating a corset-like silhouette. The front closure consists of five large, round, gold-toned buttons arranged vertically along the central seam. The sleeves are short and capped, with a slight flare at the hem, and are attached to the bodice with shoulder seams that extend from the neckline to the sleeve cap. The shoulder layout includes a square neckline with a straight upper edge, bordered by a narrow band of fabric that forms a slight V-shape at the center front. The waist transition is defined by a series of vertical seams that contour the torso, enhancing the fitted shape. The skirt is constructed from the same material as the bodice, with a smooth, continuous flow from the waist to the hem, which ends above the knee. The fabric exhibits a textured pattern resembling reptile skin, with visible grain lines running vertically along the bodice and skirt. The dress appears to be made from a structured, possibly leather-like material with a slight sheen. There are no visible boning, lining, or additional trims beyond the buttons and the subtle texture of the fabric.",dress,A young woman with brown long smooth hair and curvy body build.,"TRYON A young woman with brown long smooth hair and curvy body build. Replace the entire outfit completely with This garment is a fitted, short-sleeved dress with a structured bodice and a short skirt. The bodice features a sweetheart neckline with a central vertical seam that extends down the front, flanked by two angled seams converging at the waist, creating a corset-like silhouette. The front closure consists of five large, round, gold-toned buttons arranged vertically along the central seam. The sleeves are short and capped, with a slight flare at the hem, and are attached to the bodice with shoulder seams that extend from the neckline to the sleeve cap. The shoulder layout includes a square neckline with a straight upper edge, bordered by a narrow band of fabric that forms a slight V-shape at the center front. The waist transition is defined by a series of vertical seams that contour the torso, enhancing the fitted shape. The skirt is constructed from the same material as the bodice, with a smooth, continuous flow from the waist to the hem, which ends above the knee. The fabric exhibits a textured pattern resembling reptile skin, with visible grain lines running vertically along the bodice and skirt. The dress appears to be made from a structured, possibly leather-like material with a slight sheen. There are no visible boning, lining, or additional trims beyond the buttons and the subtle texture of the fabric. as shown in the reference image. Strictly keep the same face, body measurements, hair color, eye directions, exact foot wear, same accessories and preserve strict body pose. Preserve the exact subject scale and framing from the original image; do not zoom, crop, or change camera distance. Generate a hyper realistic virtual tryon. The final image is a full body shot.",success,,0.0,8.095746278762817,14.390073537826538
7,pexels-adhen-wijaya-kusuma-229756871-12493913.jpg,https://glamifydevstorage.blob.core.windows.net/wardrobe-outputs/c9d2f4fd-2dfa-4fea-91c0-2780e31e31db.png,https://glamifydevstorage.blob.core.windows.net/wardrobe-outputs/75605915-48b7-4f8e-bb10-d97b07b8755a.png,https://glamifydevstorage.blob.core.windows.net/wardrobe-outputs/1e1009b9-21cf-42aa-8ec5-d65e65622acb.png,"This garment is a fitted, short-sleeved dress with a structured bodice and a short skirt. The bodice features a sweetheart neckline with a central vertical seam that extends down the front, flanked by two angled seams converging at the waist, creating a corset-like silhouette. The front closure consists of five large, round, gold-toned buttons arranged vertically along the central seam. The sleeves are short and capped, with a slight flare at the hem, and are attached to the bodice with shoulder seams that extend from the neckline to the sleeve cap. The shoulder layout includes a square neckline with a straight upper edge, bordered by a narrow band of fabric that forms a slight V-shape at the center front. The waist transition is defined by a series of vertical seams that contour the torso, enhancing the fitted shape. The skirt is constructed from the same material as the bodice, with a smooth, continuous flow from the waist to the hem, which ends above the knee. The fabric exhibits a textured pattern resembling reptile skin, with visible grain lines running vertically along the bodice and skirt. The dress appears to be made from a structured, possibly leather-like material with a slight sheen. There are no visible boning, lining, or additional trims beyond the buttons and the subtle texture of the fabric.",dress,A young woman with dark long wavy hair and slim body build.,"TRYON A young woman with dark long wavy hair and slim body build. Replace the entire outfit completely with This garment is a fitted, short-sleeved dress with a structured bodice and a short skirt. The bodice features a sweetheart neckline with a central vertical seam that extends down the front, flanked by two angled seams converging at the waist, creating a corset-like silhouette. The front closure consists of five large, round, gold-toned buttons arranged vertically along the central seam. The sleeves are short and capped, with a slight flare at the hem, and are attached to the bodice with shoulder seams that extend from the neckline to the sleeve cap. The shoulder layout includes a square neckline with a straight upper edge, bordered by a narrow band of fabric that forms a slight V-shape at the center front. The waist transition is defined by a series of vertical seams that contour the torso, enhancing the fitted shape. The skirt is constructed from the same material as the bodice, with a smooth, continuous flow from the waist to the hem, which ends above the knee. The fabric exhibits a textured pattern resembling reptile skin, with visible grain lines running vertically along the bodice and skirt. The dress appears to be made from a structured, possibly leather-like material with a slight sheen. There are no visible boning, lining, or additional trims beyond the buttons and the subtle texture of the fabric. as shown in the reference image. Strictly keep the same face, body measurements, hair color, eye directions, exact foot wear, same accessories and preserve strict body pose. Preserve the exact subject scale and framing from the original image; do not zoom, crop, or change camera distance. Generate a hyper realistic virtual tryon. The final image is a full body shot.",success,,0.0,8.092691898345947,13.594309329986572
8,pexels-alan-garzon-180446366-11201615.jpg,https://glamifydevstorage.blob.core.windows.net/wardrobe-outputs/1176bc99-15b4-47a7-ab1c-293e932df8f6.png,https://glamifydevstorage.blob.core.windows.net/wardrobe-outputs/a6d857e0-5474-4108-b882-8ad7727ac443.png,https://glamifydevstorage.blob.core.windows.net/wardrobe-outputs/1e1009b9-21cf-42aa-8ec5-d65e65622acb.png,"This garment is a fitted, short-sleeved dress with a structured bodice and a short skirt. The bodice features a sweetheart neckline with a central vertical seam that extends down the front, flanked by two angled seams converging at the waist, creating a corset-like silhouette. The front closure consists of five large, round, gold-toned buttons arranged vertically along the central seam. The sleeves are short and capped, with a slight flare at the hem, and are attached to the bodice with shoulder seams that extend from the neckline to the sleeve cap. The shoulder layout includes a square neckline with a straight upper edge, bordered by a narrow band of fabric that forms a slight V-shape at the center front. The waist transition is defined by a series of vertical seams that contour the torso, enhancing the fitted shape. The skirt is constructed from the same material as the bodice, with a smooth, continuous flow from the waist to the hem, which ends above the knee. The fabric exhibits a textured pattern resembling reptile skin, with visible grain lines running vertically along the bodice and skirt. The dress appears to be made from a structured, possibly leather-like material with a slight sheen. There are no visible boning, lining, or additional trims beyond the buttons and the subtle texture of the fabric.",dress,A young woman with brown medium wavy hair and slim body build.,"TRYON A young woman with brown medium wavy hair and slim body build. Replace the entire outfit completely with This garment is a fitted, short-sleeved dress with a structured bodice and a short skirt. The bodice features a sweetheart neckline with a central vertical seam that extends down the front, flanked by two angled seams converging at the waist, creating a corset-like silhouette. The front closure consists of five large, round, gold-toned buttons arranged vertically along the central seam. The sleeves are short and capped, with a slight flare at the hem, and are attached to the bodice with shoulder seams that extend from the neckline to the sleeve cap. The shoulder layout includes a square neckline with a straight upper edge, bordered by a narrow band of fabric that forms a slight V-shape at the center front. The waist transition is defined by a series of vertical seams that contour the torso, enhancing the fitted shape. The skirt is constructed from the same material as the bodice, with a smooth, continuous flow from the waist to the hem, which ends above the knee. The fabric exhibits a textured pattern resembling reptile skin, with visible grain lines running vertically along the bodice and skirt. The dress appears to be made from a structured, possibly leather-like material with a slight sheen. There are no visible boning, lining, or additional trims beyond the buttons and the subtle texture of the fabric. as shown in the reference image. Strictly keep the same face, body measurements, hair color, eye directions, exact foot wear, same accessories and preserve strict body pose. Preserve the exact subject scale and framing from the original image; do not zoom, crop, or change camera distance. Generate a hyper realistic virtual tryon. The final image is a full body shot.",success,,0.0,8.093239307403564,14.098112106323242
9,pexels-alan-garzon-180446366-11201618.jpg,https://glamifydevstorage.blob.core.windows.net/wardrobe-outputs/1ae57210-52a6-46f5-b1b2-1db6832241ea.png,https://glamifydevstorage.blob.core.windows.net/wardrobe-outputs/fd085bd3-251f-4d21-972d-d1f8fdd55cc6.png,https://glamifydevstorage.blob.core.windows.net/wardrobe-outputs/1e1009b9-21cf-42aa-8ec5-d65e65622acb.png,"This garment is a fitted, short-sleeved dress with a structured bodice and a short skirt. The bodice features a sweetheart neckline with a central vertical seam that extends down the front, flanked by two angled seams converging at the waist, creating a corset-like silhouette. The front closure consists of five large, round, gold-toned buttons arranged vertically along the central seam. The sleeves are short and capped, with a slight flare at the hem, and are attached to the bodice with shoulder seams that extend from the neckline to the sleeve cap. The shoulder layout includes a square neckline with a straight upper edge, bordered by a narrow band of fabric that forms a slight V-shape at the center front. The waist transition is defined by a series of vertical seams that contour the torso, enhancing the fitted shape. The skirt is constructed from the same material as the bodice, with a smooth, continuous flow from the waist to the hem, which ends above the knee. The fabric exhibits a textured pattern resembling reptile skin, with visible grain lines running vertically along the bodice and skirt. The dress appears to be made from a structured, possibly leather-like material with a slight sheen. There are no visible boning, lining, or additional trims beyond the buttons and the subtle texture of the fabric.",dress,A young girl with brown medium wavy hair and slim body build.,"TRYON A young girl with brown medium wavy hair and slim body build. Replace the entire outfit completely with This garment is a fitted, short-sleeved dress with a structured bodice and a short skirt. The bodice features a sweetheart neckline with a central vertical seam that extends down the front, flanked by two angled seams converging at the waist, creating a corset-like silhouette. The front closure consists of five large, round, gold-toned buttons arranged vertically along the central seam. The sleeves are short and capped, with a slight flare at the hem, and are attached to the bodice with shoulder seams that extend from the neckline to the sleeve cap. The shoulder layout includes a square neckline with a straight upper edge, bordered by a narrow band of fabric that forms a slight V-shape at the center front. The waist transition is defined by a series of vertical seams that contour the torso, enhancing the fitted shape. The skirt is constructed from the same material as the bodice, with a smooth, continuous flow from the waist to the hem, which ends above the knee. The fabric exhibits a textured pattern resembling reptile skin, with visible grain lines running vertically along the bodice and skirt. The dress appears to be made from a structured, possibly leather-like material with a slight sheen. There are no visible boning, lining, or additional trims beyond the buttons and the subtle texture of the fabric. as shown in the reference image. Strictly keep the same face, body measurements, hair color, eye directions, exact foot wear, same accessories and preserve strict body pose. Preserve the exact subject scale and framing from the original image; do not zoom, crop, or change camera distance. Generate a hyper realistic virtual tryon. The final image is a full body shot.",success,,0.0,8.107604265213013,14.322542190551758
10,pexels-alan-garzon-180446366-11201761.jpg,https://glamifydevstorage.blob.core.windows.net/wardrobe-outputs/b197f5a8-9f47-43a8-a3ce-60f978087042.png,https://glamifydevstorage.blob.core.windows.net/wardrobe-outputs/07ae82bf-0b16-4fa3-9dbe-06b667eaa024.png,https://glamifydevstorage.blob.core.windows.net/wardrobe-outputs/1e1009b9-21cf-42aa-8ec5-d65e65622acb.png,"This garment is a fitted, short-sleeved dress with a structured bodice and a short skirt. The bodice features a sweetheart neckline with a central vertical seam that extends down the front, flanked by two angled seams converging at the waist, creating a corset-like silhouette. The front closure consists of five large, round, gold-toned buttons arranged vertically along the central seam. The sleeves are short and capped, with a slight flare at the hem, and are attached to the bodice with shoulder seams that extend from the neckline to the sleeve cap. The shoulder layout includes a square neckline with a straight upper edge, bordered by a narrow band of fabric that forms a slight V-shape at the center front. The waist transition is defined by a series of vertical seams that contour the torso, enhancing the fitted shape. The skirt is constructed from the same material as the bodice, with a smooth, continuous flow from the waist to the hem, which ends above the knee. The fabric exhibits a textured pattern resembling reptile skin, with visible grain lines running vertically along the bodice and skirt. The dress appears to be made from a structured, possibly leather-like material with a slight sheen. There are no visible boning, lining, or additional trims beyond the buttons and the subtle texture of the fabric.",dress,A young girl with brown medium curly hair and slim body build.,"TRYON A young girl with brown medium curly hair and slim body build. Replace the entire outfit completely with This garment is a fitted, short-sleeved dress with a structured bodice and a short skirt. The bodice features a sweetheart neckline with a central vertical seam that extends down the front, flanked by two angled seams converging at the waist, creating a corset-like silhouette. The front closure consists of five large, round, gold-toned buttons arranged vertically along the central seam. The sleeves are short and capped, with a slight flare at the hem, and are attached to the bodice with shoulder seams that extend from the neckline to the sleeve cap. The shoulder layout includes a square neckline with a straight upper edge, bordered by a narrow band of fabric that forms a slight V-shape at the center front. The waist transition is defined by a series of vertical seams that contour the torso, enhancing the fitted shape. The skirt is constructed from the same material as the bodice, with a smooth, continuous flow from the waist to the hem, which ends above the knee. The fabric exhibits a textured pattern resembling reptile skin, with visible grain lines running vertically along the bodice and skirt. The dress appears to be made from a structured, possibly leather-like material with a slight sheen. There are no visible boning, lining, or additional trims beyond the buttons and the subtle texture of the fabric. as shown in the reference image. Strictly keep the same face, body measurements, hair color, eye directions, exact foot wear, same accessories and preserve strict body pose. Preserve the exact subject scale and framing from the original image; do not zoom, crop, or change camera distance. Generate a hyper realistic virtual tryon. The final image is a full body shot.",success,,0.0,8.093162298202515,14.6530282497406
11,pexels-aminnaderloei-31897926.jpg,https://glamifydevstorage.blob.core.windows.net/wardrobe-outputs/68ec9540-3598-40fa-afdc-b4ee9325800b.png,https://glamifydevstorage.blob.core.windows.net/wardrobe-outputs/efeb7881-13dc-4c31-b668-8fe2fd3bbf1f.png,https://glamifydevstorage.blob.core.windows.net/wardrobe-outputs/1e1009b9-21cf-42aa-8ec5-d65e65622acb.png,"This garment is a fitted, short-sleeved dress with a structured bodice and a short skirt. The bodice features a sweetheart neckline with a central vertical seam that extends down the front, flanked by two angled seams converging at the waist, creating a corset-like silhouette. The front closure consists of five large, round, gold-toned buttons arranged vertically along the central seam. The sleeves are short and capped, with a slight flare at the hem, and are attached to the bodice with shoulder seams that extend from the neckline to the sleeve cap. The shoulder layout includes a square neckline with a straight upper edge, bordered by a narrow band of fabric that forms a slight V-shape at the center front. The waist transition is defined by a series of vertical seams that contour the torso, enhancing the fitted shape. The skirt is constructed from the same material as the bodice, with a smooth, continuous flow from the waist to the hem, which ends above the knee. The fabric exhibits a textured pattern resembling reptile skin, with visible grain lines running vertically along the bodice and skirt. The dress appears to be made from a structured, possibly leather-like material with a slight sheen. There are no visible boning, lining, or additional trims beyond the buttons and the subtle texture of the fabric.",dress,A young woman with black long smooth hair and slim body build.,"TRYON A young woman with black long smooth hair and slim body build. Replace the entire outfit completely with This garment is a fitted, short-sleeved dress with a structured bodice and a short skirt. The bodice features a sweetheart neckline with a central vertical seam that extends down the front, flanked by two angled seams converging at the waist, creating a corset-like silhouette. The front closure consists of five large, round, gold-toned buttons arranged vertically along the central seam. The sleeves are short and capped, with a slight flare at the hem, and are attached to the bodice with shoulder seams that extend from the neckline to the sleeve cap. The shoulder layout includes a square neckline with a straight upper edge, bordered by a narrow band of fabric that forms a slight V-shape at the center front. The waist transition is defined by a series of vertical seams that contour the torso, enhancing the fitted shape. The skirt is constructed from the same material as the bodice, with a smooth, continuous flow from the waist to the hem, which ends above the knee. The fabric exhibits a textured pattern resembling reptile skin, with visible grain lines running vertically along the bodice and skirt. The dress appears to be made from a structured, possibly leather-like material with a slight sheen. There are no visible boning, lining, or additional trims beyond the buttons and the subtle texture of the fabric. as shown in the reference image. Strictly keep the same face, body measurements, hair color, eye directions, exact foot wear, same accessories and preserve strict body pose. Preserve the exact subject scale and framing from the original image; do not zoom, crop, or change camera distance. Generate a hyper realistic virtual tryon. The final image is a full body shot.",success,,0.0,8.090187549591064,15.064234495162964
12,pexels-amit-chowdhury-2402860-11796004.jpg,https://glamifydevstorage.blob.core.windows.net/wardrobe-outputs/a1f3610d-e383-40cf-91a8-225d2f2cc2ed.png,https://glamifydevstorage.blob.core.windows.net/wardrobe-outputs/249d6a63-276e-4d5a-a01f-961f120f9314.png,https://glamifydevstorage.blob.core.windows.net/wardrobe-outputs/1e1009b9-21cf-42aa-8ec5-d65e65622acb.png,"This garment is a fitted, short-sleeved dress with a structured bodice and a short skirt. The bodice features a sweetheart neckline with a central vertical seam that extends down the front, flanked by two angled seams converging at the waist, creating a corset-like silhouette. The front closure consists of five large, round, gold-toned buttons arranged vertically along the central seam. The sleeves are short and capped, with a slight flare at the hem, and are attached to the bodice with shoulder seams that extend from the neckline to the sleeve cap. The shoulder layout includes a square neckline with a straight upper edge, bordered by a narrow band of fabric that forms a slight V-shape at the center front. The waist transition is defined by a series of vertical seams that contour the torso, enhancing the fitted shape. The skirt is constructed from the same material as the bodice, with a smooth, continuous flow from the waist to the hem, which ends above the knee. The fabric exhibits a textured pattern resembling reptile skin, with visible grain lines running vertically along the bodice and skirt. The dress appears to be made from a structured, possibly leather-like material with a slight sheen. There are no visible boning, lining, or additional trims beyond the buttons and the subtle texture of the fabric.",dress,A young woman with dark long wavy hair and slim body build.,"TRYON A young woman with dark long wavy hair and slim body build. Replace the entire outfit completely with This garment is a fitted, short-sleeved dress with a structured bodice and a short skirt. The bodice features a sweetheart neckline with a central vertical seam that extends down the front, flanked by two angled seams converging at the waist, creating a corset-like silhouette. The front closure consists of five large, round, gold-toned buttons arranged vertically along the central seam. The sleeves are short and capped, with a slight flare at the hem, and are attached to the bodice with shoulder seams that extend from the neckline to the sleeve cap. The shoulder layout includes a square neckline with a straight upper edge, bordered by a narrow band of fabric that forms a slight V-shape at the center front. The waist transition is defined by a series of vertical seams that contour the torso, enhancing the fitted shape. The skirt is constructed from the same material as the bodice, with a smooth, continuous flow from the waist to the hem, which ends above the knee. The fabric exhibits a textured pattern resembling reptile skin, with visible grain lines running vertically along the bodice and skirt. The dress appears to be made from a structured, possibly leather-like material with a slight sheen. There are no visible boning, lining, or additional trims beyond the buttons and the subtle texture of the fabric. as shown in the reference image. Strictly keep the same face, body measurements, hair color, eye directions, exact foot wear, same accessories and preserve strict body pose. Preserve the exact subject scale and framing from the original image; do not zoom, crop, or change camera distance. Generate a hyper realistic virtual tryon. The final image is a full body shot.",success,,0.0,8.095925331115723,14.572242259979248
13,pexels-andrea-musto-135941147-23995927.jpg,https://glamifydevstorage.blob.core.windows.net/wardrobe-outputs/b12e23a6-cc56-418f-8125-bec4545e747e.png,https://glamifydevstorage.blob.core.windows.net/wardrobe-outputs/6983522e-1938-4eae-b229-b51c5cca16f9.png,https://glamifydevstorage.blob.core.windows.net/wardrobe-outputs/1e1009b9-21cf-42aa-8ec5-d65e65622acb.png,"This garment is a fitted, short-sleeved dress with a structured bodice and a short skirt. The bodice features a sweetheart neckline with a central vertical seam that extends down the front, flanked by two angled seams converging at the waist, creating a corset-like silhouette. The front closure consists of five large, round, gold-toned buttons arranged vertically along the central seam. The sleeves are short and capped, with a slight flare at the hem, and are attached to the bodice with shoulder seams that extend from the neckline to the sleeve cap. The shoulder layout includes a square neckline with a straight upper edge, bordered by a narrow band of fabric that forms a slight V-shape at the center front. The waist transition is defined by a series of vertical seams that contour the torso, enhancing the fitted shape. The skirt is constructed from the same material as the bodice, with a smooth, continuous flow from the waist to the hem, which ends above the knee. The fabric exhibits a textured pattern resembling reptile skin, with visible grain lines running vertically along the bodice and skirt. The dress appears to be made from a structured, possibly leather-like material with a slight sheen. There are no visible boning, lining, or additional trims beyond the buttons and the subtle texture of the fabric.",dress,A young woman with black long smooth hair and slim body build.,"TRYON A young woman with black long smooth hair and slim body build. Replace the entire outfit completely with This garment is a fitted, short-sleeved dress with a structured bodice and a short skirt. The bodice features a sweetheart neckline with a central vertical seam that extends down the front, flanked by two angled seams converging at the waist, creating a corset-like silhouette. The front closure consists of five large, round, gold-toned buttons arranged vertically along the central seam. The sleeves are short and capped, with a slight flare at the hem, and are attached to the bodice with shoulder seams that extend from the neckline to the sleeve cap. The shoulder layout includes a square neckline with a straight upper edge, bordered by a narrow band of fabric that forms a slight V-shape at the center front. The waist transition is defined by a series of vertical seams that contour the torso, enhancing the fitted shape. The skirt is constructed from the same material as the bodice, with a smooth, continuous flow from the waist to the hem, which ends above the knee. The fabric exhibits a textured pattern resembling reptile skin, with visible grain lines running vertically along the bodice and skirt. The dress appears to be made from a structured, possibly leather-like material with a slight sheen. There are no visible boning, lining, or additional trims beyond the buttons and the subtle texture of the fabric. as shown in the reference image. Strictly keep the same face, body measurements, hair color, eye directions, exact foot wear, same accessories and preserve strict body pose. Preserve the exact subject scale and framing from the original image; do not zoom, crop, or change camera distance. Generate a hyper realistic virtual tryon. The final image is a full body shot.",success,,0.0,8.094954490661621,13.561731100082397
14,pexels-angela-chacon-140940805-15536313.jpg,https://glamifydevstorage.blob.core.windows.net/wardrobe-outputs/bb1920ed-ffbf-40cb-99fb-a280df0e7a5e.png,https://glamifydevstorage.blob.core.windows.net/wardrobe-outputs/f4fc709b-79b6-4d95-8fde-0cfe20f07a54.png,https://glamifydevstorage.blob.core.windows.net/wardrobe-outputs/1e1009b9-21cf-42aa-8ec5-d65e65622acb.png,"This garment is a fitted, short-sleeved dress with a structured bodice and a short skirt. The bodice features a sweetheart neckline with a central vertical seam that extends down the front, flanked by two angled seams converging at the waist, creating a corset-like silhouette. The front closure consists of five large, round, gold-toned buttons arranged vertically along the central seam. The sleeves are short and capped, with a slight flare at the hem, and are attached to the bodice with shoulder seams that extend from the neckline to the sleeve cap. The shoulder layout includes a square neckline with a straight upper edge, bordered by a narrow band of fabric that forms a slight V-shape at the center front. The waist transition is defined by a series of vertical seams that contour the torso, enhancing the fitted shape. The skirt is constructed from the same material as the bodice, with a smooth, continuous flow from the waist to the hem, which ends above the knee. The fabric exhibits a textured pattern resembling reptile skin, with visible grain lines running vertically along the bodice and skirt. The dress appears to be made from a structured, possibly leather-like material with a slight sheen. There are no visible boning, lining, or additional trims beyond the buttons and the subtle texture of the fabric.",dress,An adult woman with brown medium smooth hair and average body build.,"TRYON An adult woman with brown medium smooth hair and average body build. Replace the entire outfit completely with This garment is a fitted, short-sleeved dress with a structured bodice and a short skirt. The bodice features a sweetheart neckline with a central vertical seam that extends down the front, flanked by two angled seams converging at the waist, creating a corset-like silhouette. The front closure consists of five large, round, gold-toned buttons arranged vertically along the central seam. The sleeves are short and capped, with a slight flare at the hem, and are attached to the bodice with shoulder seams that extend from the neckline to the sleeve cap. The shoulder layout includes a square neckline with a straight upper edge, bordered by a narrow band of fabric that forms a slight V-shape at the center front. The waist transition is defined by a series of vertical seams that contour the torso, enhancing the fitted shape. The skirt is constructed from the same material as the bodice, with a smooth, continuous flow from the waist to the hem, which ends above the knee. The fabric exhibits a textured pattern resembling reptile skin, with visible grain lines running vertically along the bodice and skirt. The dress appears to be made from a structured, possibly leather-like material with a slight sheen. There are no visible boning, lining, or additional trims beyond the buttons and the subtle texture of the fabric. as shown in the reference image. Strictly keep the same face, body measurements, hair color, eye directions, exact foot wear, same accessories and preserve strict body pose. Preserve the exact subject scale and framing from the original image; do not zoom, crop, or change camera distance. Generate a hyper realistic virtual tryon. The final image is a full body shot.",success,,0.0,8.094395160675049,14.222370386123657
15,pexels-asio-9688592.jpg,https://glamifydevstorage.blob.core.windows.net/wardrobe-outputs/9ad09133-e416-4c95-846f-c575ffd1a7f9.png,https://glamifydevstorage.blob.core.windows.net/wardrobe-outputs/9220a207-6830-499b-8fd4-91d3510c3ff7.png,https://glamifydevstorage.blob.core.windows.net/wardrobe-outputs/1e1009b9-21cf-42aa-8ec5-d65e65622acb.png,"This garment is a fitted, short-sleeved dress with a structured bodice and a short skirt. The bodice features a sweetheart neckline with a central vertical seam that extends down the front, flanked by two angled seams converging at the waist, creating a corset-like silhouette. The front closure consists of five large, round, gold-toned buttons arranged vertically along the central seam. The sleeves are short and capped, with a slight flare at the hem, and are attached to the bodice with shoulder seams that extend from the neckline to the sleeve cap. The shoulder layout includes a square neckline with a straight upper edge, bordered by a narrow band of fabric that forms a slight V-shape at the center front. The waist transition is defined by a series of vertical seams that contour the torso, enhancing the fitted shape. The skirt is constructed from the same material as the bodice, with a smooth, continuous flow from the waist to the hem, which ends above the knee. The fabric exhibits a textured pattern resembling reptile skin, with visible grain lines running vertically along the bodice and skirt. The dress appears to be made from a structured, possibly leather-like material with a slight sheen. There are no visible boning, lining, or additional trims beyond the buttons and the subtle texture of the fabric.",dress,A young woman with black long smooth hair and slim body build.,"TRYON A young woman with black long smooth hair and slim body build. Replace the entire outfit completely with This garment is a fitted, short-sleeved dress with a structured bodice and a short skirt. The bodice features a sweetheart neckline with a central vertical seam that extends down the front, flanked by two angled seams converging at the waist, creating a corset-like silhouette. The front closure consists of five large, round, gold-toned buttons arranged vertically along the central seam. The sleeves are short and capped, with a slight flare at the hem, and are attached to the bodice with shoulder seams that extend from the neckline to the sleeve cap. The shoulder layout includes a square neckline with a straight upper edge, bordered by a narrow band of fabric that forms a slight V-shape at the center front. The waist transition is defined by a series of vertical seams that contour the torso, enhancing the fitted shape. The skirt is constructed from the same material as the bodice, with a smooth, continuous flow from the waist to the hem, which ends above the knee. The fabric exhibits a textured pattern resembling reptile skin, with visible grain lines running vertically along the bodice and skirt. The dress appears to be made from a structured, possibly leather-like material with a slight sheen. There are no visible boning, lining, or additional trims beyond the buttons and the subtle texture of the fabric. as shown in the reference image. Strictly keep the same face, body measurements, hair color, eye directions, exact foot wear, same accessories and preserve strict body pose. Preserve the exact subject scale and framing from the original image; do not zoom, crop, or change camera distance. Generate a hyper realistic virtual tryon. The final image is a full body shot.",success,,0.0,8.092544555664062,14.364904880523682
16,pexels-bartosz-olzewski-298756944-13312741.jpg,https://glamifydevstorage.blob.core.windows.net/wardrobe-outputs/a9e26605-fad5-463a-bb1b-196c1bca1577.png,https://glamifydevstorage.blob.core.windows.net/wardrobe-outputs/07a63224-436e-462f-b729-ad37beb759e2.png,https://glamifydevstorage.blob.core.windows.net/wardrobe-outputs/1e1009b9-21cf-42aa-8ec5-d65e65622acb.png,"This garment is a fitted, short-sleeved dress with a structured bodice and a short skirt. The bodice features a sweetheart neckline with a central vertical seam that extends down the front, flanked by two angled seams converging at the waist, creating a corset-like silhouette. The front closure consists of five large, round, gold-toned buttons arranged vertically along the central seam. The sleeves are short and capped, with a slight flare at the hem, and are attached to the bodice with shoulder seams that extend from the neckline to the sleeve cap. The shoulder layout includes a square neckline with a straight upper edge, bordered by a narrow band of fabric that forms a slight V-shape at the center front. The waist transition is defined by a series of vertical seams that contour the torso, enhancing the fitted shape. The skirt is constructed from the same material as the bodice, with a smooth, continuous flow from the waist to the hem, which ends above the knee. The fabric exhibits a textured pattern resembling reptile skin, with visible grain lines running vertically along the bodice and skirt. The dress appears to be made from a structured, possibly leather-like material with a slight sheen. There are no visible boning, lining, or additional trims beyond the buttons and the subtle texture of the fabric.",dress,A young woman with dark brown shoulder-length smooth hair and slim body build.,"TRYON A young woman with dark brown shoulder-length smooth hair and slim body build. Replace the entire outfit completely with This garment is a fitted, short-sleeved dress with a structured bodice and a short skirt. The bodice features a sweetheart neckline with a central vertical seam that extends down the front, flanked by two angled seams converging at the waist, creating a corset-like silhouette. The front closure consists of five large, round, gold-toned buttons arranged vertically along the central seam. The sleeves are short and capped, with a slight flare at the hem, and are attached to the bodice with shoulder seams that extend from the neckline to the sleeve cap. The shoulder layout includes a square neckline with a straight upper edge, bordered by a narrow band of fabric that forms a slight V-shape at the center front. The waist transition is defined by a series of vertical seams that contour the torso, enhancing the fitted shape. The skirt is constructed from the same material as the bodice, with a smooth, continuous flow from the waist to the hem, which ends above the knee. The fabric exhibits a textured pattern resembling reptile skin, with visible grain lines running vertically along the bodice and skirt. The dress appears to be made from a structured, possibly leather-like material with a slight sheen. There are no visible boning, lining, or additional trims beyond the buttons and the subtle texture of the fabric. as shown in the reference image. Strictly keep the same face, body measurements, hair color, eye directions, exact foot wear, same accessories and preserve strict body pose. Preserve the exact subject scale and framing from the original image; do not zoom, crop, or change camera distance. Generate a hyper realistic virtual tryon. The final image is a full body shot.",success,,0.0,8.6597318649292,15.647529363632202
17,pexels-bgcortez-17834302.jpg,https://glamifydevstorage.blob.core.windows.net/wardrobe-outputs/bd8d888f-403e-4f78-aa49-27267e6bd19d.png,https://glamifydevstorage.blob.core.windows.net/wardrobe-outputs/5256d8a1-d668-4cec-bcfc-1cebb48775f6.png,https://glamifydevstorage.blob.core.windows.net/wardrobe-outputs/1e1009b9-21cf-42aa-8ec5-d65e65622acb.png,"This garment is a fitted, short-sleeved dress with a structured bodice and a short skirt. The bodice features a sweetheart neckline with a central vertical seam that extends down the front, flanked by two angled seams converging at the waist, creating a corset-like silhouette. The front closure consists of five large, round, gold-toned buttons arranged vertically along the central seam. The sleeves are short and capped, with a slight flare at the hem, and are attached to the bodice with shoulder seams that extend from the neckline to the sleeve cap. The shoulder layout includes a square neckline with a straight upper edge, bordered by a narrow band of fabric that forms a slight V-shape at the center front. The waist transition is defined by a series of vertical seams that contour the torso, enhancing the fitted shape. The skirt is constructed from the same material as the bodice, with a smooth, continuous flow from the waist to the hem, which ends above the knee. The fabric exhibits a textured pattern resembling reptile skin, with visible grain lines running vertically along the bodice and skirt. The dress appears to be made from a structured, possibly leather-like material with a slight sheen. There are no visible boning, lining, or additional trims beyond the buttons and the subtle texture of the fabric.",dress,A young woman with blonde long ponytail hair and slim body build.,"TRYON A young woman with blonde long ponytail hair and slim body build. Replace the entire outfit completely with This garment is a fitted, short-sleeved dress with a structured bodice and a short skirt. The bodice features a sweetheart neckline with a central vertical seam that extends down the front, flanked by two angled seams converging at the waist, creating a corset-like silhouette. The front closure consists of five large, round, gold-toned buttons arranged vertically along the central seam. The sleeves are short and capped, with a slight flare at the hem, and are attached to the bodice with shoulder seams that extend from the neckline to the sleeve cap. The shoulder layout includes a square neckline with a straight upper edge, bordered by a narrow band of fabric that forms a slight V-shape at the center front. The waist transition is defined by a series of vertical seams that contour the torso, enhancing the fitted shape. The skirt is constructed from the same material as the bodice, with a smooth, continuous flow from the waist to the hem, which ends above the knee. The fabric exhibits a textured pattern resembling reptile skin, with visible grain lines running vertically along the bodice and skirt. The dress appears to be made from a structured, possibly leather-like material with a slight sheen. There are no visible boning, lining, or additional trims beyond the buttons and the subtle texture of the fabric. as shown in the reference image. Strictly keep the same face, body measurements, hair color, eye directions, exact foot wear, same accessories and preserve strict body pose. Preserve the exact subject scale and framing from the original image; do not zoom, crop, or change camera distance. Generate a hyper realistic virtual tryon. The final image is a full body shot.",success,,0.0,8.095916509628296,14.398897171020508
18,pexels-breno-cardoso-149064345-13684160.jpg,https://glamifydevstorage.blob.core.windows.net/wardrobe-outputs/335b00d5-4ab5-4e76-b882-bb724e4b0555.png,https://glamifydevstorage.blob.core.windows.net/wardrobe-outputs/a2de5f1b-d963-4582-ade4-412ed95649a5.png,https://glamifydevstorage.blob.core.windows.net/wardrobe-outputs/1e1009b9-21cf-42aa-8ec5-d65e65622acb.png,"This garment is a fitted, short-sleeved dress with a structured bodice and a short skirt. The bodice features a sweetheart neckline with a central vertical seam that extends down the front, flanked by two angled seams converging at the waist, creating a corset-like silhouette. The front closure consists of five large, round, gold-toned buttons arranged vertically along the central seam. The sleeves are short and capped, with a slight flare at the hem, and are attached to the bodice with shoulder seams that extend from the neckline to the sleeve cap. The shoulder layout includes a square neckline with a straight upper edge, bordered by a narrow band of fabric that forms a slight V-shape at the center front. The waist transition is defined by a series of vertical seams that contour the torso, enhancing the fitted shape. The skirt is constructed from the same material as the bodice, with a smooth, continuous flow from the waist to the hem, which ends above the knee. The fabric exhibits a textured pattern resembling reptile skin, with visible grain lines running vertically along the bodice and skirt. The dress appears to be made from a structured, possibly leather-like material with a slight sheen. There are no visible boning, lining, or additional trims beyond the buttons and the subtle texture of the fabric.",dress,A young woman with blonde long wavy hair and slim body build.,"TRYON A young woman with blonde long wavy hair and slim body build. Replace the entire outfit completely with This garment is a fitted, short-sleeved dress with a structured bodice and a short skirt. The bodice features a sweetheart neckline with a central vertical seam that extends down the front, flanked by two angled seams converging at the waist, creating a corset-like silhouette. The front closure consists of five large, round, gold-toned buttons arranged vertically along the central seam. The sleeves are short and capped, with a slight flare at the hem, and are attached to the bodice with shoulder seams that extend from the neckline to the sleeve cap. The shoulder layout includes a square neckline with a straight upper edge, bordered by a narrow band of fabric that forms a slight V-shape at the center front. The waist transition is defined by a series of vertical seams that contour the torso, enhancing the fitted shape. The skirt is constructed from the same material as the bodice, with a smooth, continuous flow from the waist to the hem, which ends above the knee. The fabric exhibits a textured pattern resembling reptile skin, with visible grain lines running vertically along the bodice and skirt. The dress appears to be made from a structured, possibly leather-like material with a slight sheen. There are no visible boning, lining, or additional trims beyond the buttons and the subtle texture of the fabric. as shown in the reference image. Strictly keep the same face, body measurements, hair color, eye directions, exact foot wear, same accessories and preserve strict body pose. Preserve the exact subject scale and framing from the original image; do not zoom, crop, or change camera distance. Generate a hyper realistic virtual tryon. The final image is a full body shot.",success,,0.0,8.095649242401123,14.122570037841797
19,pexels-breno-cardoso-149064345-15728306.jpg,https://glamifydevstorage.blob.core.windows.net/wardrobe-outputs/1497f81c-8b2b-4fb4-a43e-9c5951e93559.png,https://glamifydevstorage.blob.core.windows.net/wardrobe-outputs/57bbd0b8-5271-4004-a91b-3c0be95db09c.png,https://glamifydevstorage.blob.core.windows.net/wardrobe-outputs/1e1009b9-21cf-42aa-8ec5-d65e65622acb.png,"This garment is a fitted, short-sleeved dress with a structured bodice and a short skirt. The bodice features a sweetheart neckline with a central vertical seam that extends down the front, flanked by two angled seams converging at the waist, creating a corset-like silhouette. The front closure consists of five large, round, gold-toned buttons arranged vertically along the central seam. The sleeves are short and capped, with a slight flare at the hem, and are attached to the bodice with shoulder seams that extend from the neckline to the sleeve cap. The shoulder layout includes a square neckline with a straight upper edge, bordered by a narrow band of fabric that forms a slight V-shape at the center front. The waist transition is defined by a series of vertical seams that contour the torso, enhancing the fitted shape. The skirt is constructed from the same material as the bodice, with a smooth, continuous flow from the waist to the hem, which ends above the knee. The fabric exhibits a textured pattern resembling reptile skin, with visible grain lines running vertically along the bodice and skirt. The dress appears to be made from a structured, possibly leather-like material with a slight sheen. There are no visible boning, lining, or additional trims beyond the buttons and the subtle texture of the fabric.",dress,A young woman with black long smooth hair and slim body build.,"TRYON A young woman with black long smooth hair and slim body build. Replace the entire outfit completely with This garment is a fitted, short-sleeved dress with a structured bodice and a short skirt. The bodice features a sweetheart neckline with a central vertical seam that extends down the front, flanked by two angled seams converging at the waist, creating a corset-like silhouette. The front closure consists of five large, round, gold-toned buttons arranged vertically along the central seam. The sleeves are short and capped, with a slight flare at the hem, and are attached to the bodice with shoulder seams that extend from the neckline to the sleeve cap. The shoulder layout includes a square neckline with a straight upper edge, bordered by a narrow band of fabric that forms a slight V-shape at the center front. The waist transition is defined by a series of vertical seams that contour the torso, enhancing the fitted shape. The skirt is constructed from the same material as the bodice, with a smooth, continuous flow from the waist to the hem, which ends above the knee. The fabric exhibits a textured pattern resembling reptile skin, with visible grain lines running vertically along the bodice and skirt. The dress appears to be made from a structured, possibly leather-like material with a slight sheen. There are no visible boning, lining, or additional trims beyond the buttons and the subtle texture of the fabric. as shown in the reference image. Strictly keep the same face, body measurements, hair color, eye directions, exact foot wear, same accessories and preserve strict body pose. Preserve the exact subject scale and framing from the original image; do not zoom, crop, or change camera distance. Generate a hyper realistic virtual tryon. The final image is a full body shot.",success,,0.0,8.095181226730347,14.40974736213684
20,pexels-breno-cardoso-149064345-17110661.jpg,https://glamifydevstorage.blob.core.windows.net/wardrobe-outputs/edeaf864-c28c-451d-acd1-87c3c303b082.png,https://glamifydevstorage.blob.core.windows.net/wardrobe-outputs/f11c44c5-d7b1-4983-bb68-7a2fe28e4076.png,https://glamifydevstorage.blob.core.windows.net/wardrobe-outputs/1e1009b9-21cf-42aa-8ec5-d65e65622acb.png,"This garment is a fitted, short-sleeved dress with a structured bodice and a short skirt. The bodice features a sweetheart neckline with a central vertical seam that extends down the front, flanked by two angled seams converging at the waist, creating a corset-like silhouette. The front closure consists of five large, round, gold-toned buttons arranged vertically along the central seam. The sleeves are short and capped, with a slight flare at the hem, and are attached to the bodice with shoulder seams that extend from the neckline to the sleeve cap. The shoulder layout includes a square neckline with a straight upper edge, bordered by a narrow band of fabric that forms a slight V-shape at the center front. The waist transition is defined by a series of vertical seams that contour the torso, enhancing the fitted shape. The skirt is constructed from the same material as the bodice, with a smooth, continuous flow from the waist to the hem, which ends above the knee. The fabric exhibits a textured pattern resembling reptile skin, with visible grain lines running vertically along the bodice and skirt. The dress appears to be made from a structured, possibly leather-like material with a slight sheen. There are no visible boning, lining, or additional trims beyond the buttons and the subtle texture of the fabric.",dress,A young girl with brown long wavy hair and slim body build.,"TRYON A young girl with brown long wavy hair and slim body build. Replace the entire outfit completely with This garment is a fitted, short-sleeved dress with a structured bodice and a short skirt. The bodice features a sweetheart neckline with a central vertical seam that extends down the front, flanked by two angled seams converging at the waist, creating a corset-like silhouette. The front closure consists of five large, round, gold-toned buttons arranged vertically along the central seam. The sleeves are short and capped, with a slight flare at the hem, and are attached to the bodice with shoulder seams that extend from the neckline to the sleeve cap. The shoulder layout includes a square neckline with a straight upper edge, bordered by a narrow band of fabric that forms a slight V-shape at the center front. The waist transition is defined by a series of vertical seams that contour the torso, enhancing the fitted shape. The skirt is constructed from the same material as the bodice, with a smooth, continuous flow from the waist to the hem, which ends above the knee. The fabric exhibits a textured pattern resembling reptile skin, with visible grain lines running vertically along the bodice and skirt. The dress appears to be made from a structured, possibly leather-like material with a slight sheen. There are no visible boning, lining, or additional trims beyond the buttons and the subtle texture of the fabric. as shown in the reference image. Strictly keep the same face, body measurements, hair color, eye directions, exact foot wear, same accessories and preserve strict body pose. Preserve the exact subject scale and framing from the original image; do not zoom, crop, or change camera distance. Generate a hyper realistic virtual tryon. The final image is a full body shot.",success,,0.0,8.093858003616333,13.988641262054443
21,pexels-bruno-arbigaus-gritten-2155171268-34216114.jpg,https://glamifydevstorage.blob.core.windows.net/wardrobe-outputs/521baace-09b7-4f42-a910-933ba9e82d8b.png,https://glamifydevstorage.blob.core.windows.net/wardrobe-outputs/efa96aa5-2029-4b51-a384-897f0aa59ad4.png,https://glamifydevstorage.blob.core.windows.net/wardrobe-outputs/1e1009b9-21cf-42aa-8ec5-d65e65622acb.png,"This garment is a fitted, short-sleeved dress with a structured bodice and a short skirt. The bodice features a sweetheart neckline with a central vertical seam that extends down the front, flanked by two angled seams converging at the waist, creating a corset-like silhouette. The front closure consists of five large, round, gold-toned buttons arranged vertically along the central seam. The sleeves are short and capped, with a slight flare at the hem, and are attached to the bodice with shoulder seams that extend from the neckline to the sleeve cap. The shoulder layout includes a square neckline with a straight upper edge, bordered by a narrow band of fabric that forms a slight V-shape at the center front. The waist transition is defined by a series of vertical seams that contour the torso, enhancing the fitted shape. The skirt is constructed from the same material as the bodice, with a smooth, continuous flow from the waist to the hem, which ends above the knee. The fabric exhibits a textured pattern resembling reptile skin, with visible grain lines running vertically along the bodice and skirt. The dress appears to be made from a structured, possibly leather-like material with a slight sheen. There are no visible boning, lining, or additional trims beyond the buttons and the subtle texture of the fabric.",dress,A young girl with brown long smooth hair and slim body build.,"TRYON A young girl with brown long smooth hair and slim body build. Replace the entire outfit completely with This garment is a fitted, short-sleeved dress with a structured bodice and a short skirt. The bodice features a sweetheart neckline with a central vertical seam that extends down the front, flanked by two angled seams converging at the waist, creating a corset-like silhouette. The front closure consists of five large, round, gold-toned buttons arranged vertically along the central seam. The sleeves are short and capped, with a slight flare at the hem, and are attached to the bodice with shoulder seams that extend from the neckline to the sleeve cap. The shoulder layout includes a square neckline with a straight upper edge, bordered by a narrow band of fabric that forms a slight V-shape at the center front. The waist transition is defined by a series of vertical seams that contour the torso, enhancing the fitted shape. The skirt is constructed from the same material as the bodice, with a smooth, continuous flow from the waist to the hem, which ends above the knee. The fabric exhibits a textured pattern resembling reptile skin, with visible grain lines running vertically along the bodice and skirt. The dress appears to be made from a structured, possibly leather-like material with a slight sheen. There are no visible boning, lining, or additional trims beyond the buttons and the subtle texture of the fabric. as shown in the reference image. Strictly keep the same face, body measurements, hair color, eye directions, exact foot wear, same accessories and preserve strict body pose. Preserve the exact subject scale and framing from the original image; do not zoom, crop, or change camera distance. Generate a hyper realistic virtual tryon. The final image is a full body shot.",success,,0.0,8.094626426696777,14.619835138320923
22,pexels-caio-mantovani-97605853-13919886.jpg,https://glamifydevstorage.blob.core.windows.net/wardrobe-outputs/ed45fba8-4f79-4890-881f-726e8129d2e3.png,https://glamifydevstorage.blob.core.windows.net/wardrobe-outputs/cf416f6c-218a-44c3-972c-32534873f9c5.png,https://glamifydevstorage.blob.core.windows.net/wardrobe-outputs/1e1009b9-21cf-42aa-8ec5-d65e65622acb.png,"This garment is a fitted, short-sleeved dress with a structured bodice and a short skirt. The bodice features a sweetheart neckline with a central vertical seam that extends down the front, flanked by two angled seams converging at the waist, creating a corset-like silhouette. The front closure consists of five large, round, gold-toned buttons arranged vertically along the central seam. The sleeves are short and capped, with a slight flare at the hem, and are attached to the bodice with shoulder seams that extend from the neckline to the sleeve cap. The shoulder layout includes a square neckline with a straight upper edge, bordered by a narrow band of fabric that forms a slight V-shape at the center front. The waist transition is defined by a series of vertical seams that contour the torso, enhancing the fitted shape. The skirt is constructed from the same material as the bodice, with a smooth, continuous flow from the waist to the hem, which ends above the knee. The fabric exhibits a textured pattern resembling reptile skin, with visible grain lines running vertically along the bodice and skirt. The dress appears to be made from a structured, possibly leather-like material with a slight sheen. There are no visible boning, lining, or additional trims beyond the buttons and the subtle texture of the fabric.",dress,A young girl with brown long smooth hair and slim body build.,"TRYON A young girl with brown long smooth hair and slim body build. Replace the entire outfit completely with This garment is a fitted, short-sleeved dress with a structured bodice and a short skirt. The bodice features a sweetheart neckline with a central vertical seam that extends down the front, flanked by two angled seams converging at the waist, creating a corset-like silhouette. The front closure consists of five large, round, gold-toned buttons arranged vertically along the central seam. The sleeves are short and capped, with a slight flare at the hem, and are attached to the bodice with shoulder seams that extend from the neckline to the sleeve cap. The shoulder layout includes a square neckline with a straight upper edge, bordered by a narrow band of fabric that forms a slight V-shape at the center front. The waist transition is defined by a series of vertical seams that contour the torso, enhancing the fitted shape. The skirt is constructed from the same material as the bodice, with a smooth, continuous flow from the waist to the hem, which ends above the knee. The fabric exhibits a textured pattern resembling reptile skin, with visible grain lines running vertically along the bodice and skirt. The dress appears to be made from a structured, possibly leather-like material with a slight sheen. There are no visible boning, lining, or additional trims beyond the buttons and the subtle texture of the fabric. as shown in the reference image. Strictly keep the same face, body measurements, hair color, eye directions, exact foot wear, same accessories and preserve strict body pose. Preserve the exact subject scale and framing from the original image; do not zoom, crop, or change camera distance. Generate a hyper realistic virtual tryon. The final image is a full body shot.",success,,0.0,8.09459376335144,14.887857437133789
23,pexels-caio-mantovani-97605853-14097802.jpg,https://glamifydevstorage.blob.core.windows.net/wardrobe-outputs/281f3aa6-183f-42e0-9a66-1289dfc3baff.png,https://glamifydevstorage.blob.core.windows.net/wardrobe-outputs/a2fa50ce-b63a-4e20-9c67-4c15b7516523.png,https://glamifydevstorage.blob.core.windows.net/wardrobe-outputs/1e1009b9-21cf-42aa-8ec5-d65e65622acb.png,"This garment is a fitted, short-sleeved dress with a structured bodice and a short skirt. The bodice features a sweetheart neckline with a central vertical seam that extends down the front, flanked by two angled seams converging at the waist, creating a corset-like silhouette. The front closure consists of five large, round, gold-toned buttons arranged vertically along the central seam. The sleeves are short and capped, with a slight flare at the hem, and are attached to the bodice with shoulder seams that extend from the neckline to the sleeve cap. The shoulder layout includes a square neckline with a straight upper edge, bordered by a narrow band of fabric that forms a slight V-shape at the center front. The waist transition is defined by a series of vertical seams that contour the torso, enhancing the fitted shape. The skirt is constructed from the same material as the bodice, with a smooth, continuous flow from the waist to the hem, which ends above the knee. The fabric exhibits a textured pattern resembling reptile skin, with visible grain lines running vertically along the bodice and skirt. The dress appears to be made from a structured, possibly leather-like material with a slight sheen. There are no visible boning, lining, or additional trims beyond the buttons and the subtle texture of the fabric.",dress,A young woman with multi-tone shoulder-length smooth hair and average body build.,"TRYON A young woman with multi-tone shoulder-length smooth hair and average body build. Replace the entire outfit completely with This garment is a fitted, short-sleeved dress with a structured bodice and a short skirt. The bodice features a sweetheart neckline with a central vertical seam that extends down the front, flanked by two angled seams converging at the waist, creating a corset-like silhouette. The front closure consists of five large, round, gold-toned buttons arranged vertically along the central seam. The sleeves are short and capped, with a slight flare at the hem, and are attached to the bodice with shoulder seams that extend from the neckline to the sleeve cap. The shoulder layout includes a square neckline with a straight upper edge, bordered by a narrow band of fabric that forms a slight V-shape at the center front. The waist transition is defined by a series of vertical seams that contour the torso, enhancing the fitted shape. The skirt is constructed from the same material as the bodice, with a smooth, continuous flow from the waist to the hem, which ends above the knee. The fabric exhibits a textured pattern resembling reptile skin, with visible grain lines running vertically along the bodice and skirt. The dress appears to be made from a structured, possibly leather-like material with a slight sheen. There are no visible boning, lining, or additional trims beyond the buttons and the subtle texture of the fabric. as shown in the reference image. Strictly keep the same face, body measurements, hair color, eye directions, exact foot wear, same accessories and preserve strict body pose. Preserve the exact subject scale and framing from the original image; do not zoom, crop, or change camera distance. Generate a hyper realistic virtual tryon. The final image is a full body shot.",success,,0.0,8.09211802482605,14.296037197113037
24,pexels-carolina-101603542-9412244.jpg,https://glamifydevstorage.blob.core.windows.net/wardrobe-outputs/026db383-077f-4162-92d8-6548a54304cf.png,https://glamifydevstorage.blob.core.windows.net/wardrobe-outputs/49b37597-59ed-4008-8192-efaa8793b6fe.png,https://glamifydevstorage.blob.core.windows.net/wardrobe-outputs/1e1009b9-21cf-42aa-8ec5-d65e65622acb.png,"This garment is a fitted, short-sleeved dress with a structured bodice and a short skirt. The bodice features a sweetheart neckline with a central vertical seam that extends down the front, flanked by two angled seams converging at the waist, creating a corset-like silhouette. The front closure consists of five large, round, gold-toned buttons arranged vertically along the central seam. The sleeves are short and capped, with a slight flare at the hem, and are attached to the bodice with shoulder seams that extend from the neckline to the sleeve cap. The shoulder layout includes a square neckline with a straight upper edge, bordered by a narrow band of fabric that forms a slight V-shape at the center front. The waist transition is defined by a series of vertical seams that contour the torso, enhancing the fitted shape. The skirt is constructed from the same material as the bodice, with a smooth, continuous flow from the waist to the hem, which ends above the knee. The fabric exhibits a textured pattern resembling reptile skin, with visible grain lines running vertically along the bodice and skirt. The dress appears to be made from a structured, possibly leather-like material with a slight sheen. There are no visible boning, lining, or additional trims beyond the buttons and the subtle texture of the fabric.",dress,A young girl with brown long smooth hair and slim body build.,"TRYON A young girl with brown long smooth hair and slim body build. Replace the entire outfit completely with This garment is a fitted, short-sleeved dress with a structured bodice and a short skirt. The bodice features a sweetheart neckline with a central vertical seam that extends down the front, flanked by two angled seams converging at the waist, creating a corset-like silhouette. The front closure consists of five large, round, gold-toned buttons arranged vertically along the central seam. The sleeves are short and capped, with a slight flare at the hem, and are attached to the bodice with shoulder seams that extend from the neckline to the sleeve cap. The shoulder layout includes a square neckline with a straight upper edge, bordered by a narrow band of fabric that forms a slight V-shape at the center front. The waist transition is defined by a series of vertical seams that contour the torso, enhancing the fitted shape. The skirt is constructed from the same material as the bodice, with a smooth, continuous flow from the waist to the hem, which ends above the knee. The fabric exhibits a textured pattern resembling reptile skin, with visible grain lines running vertically along the bodice and skirt. The dress appears to be made from a structured, possibly leather-like material with a slight sheen. There are no visible boning, lining, or additional trims beyond the buttons and the subtle texture of the fabric. as shown in the reference image. Strictly keep the same face, body measurements, hair color, eye directions, exact foot wear, same accessories and preserve strict body pose. Preserve the exact subject scale and framing from the original image; do not zoom, crop, or change camera distance. Generate a hyper realistic virtual tryon. The final image is a full body shot.",success,,0.0,8.094263792037964,15.069933652877808
25,pexels-cesar-o-neill-26650613-33463134.jpg,https://glamifydevstorage.blob.core.windows.net/wardrobe-outputs/2438bdea-4fd0-4f5b-9b4d-39b8472fcf59.png,https://glamifydevstorage.blob.core.windows.net/wardrobe-outputs/69bbc0bb-5042-40b1-adcb-9607d9c2c5c0.png,https://glamifydevstorage.blob.core.windows.net/wardrobe-outputs/1e1009b9-21cf-42aa-8ec5-d65e65622acb.png,"This garment is a fitted, short-sleeved dress with a structured bodice and a short skirt. The bodice features a sweetheart neckline with a central vertical seam that extends down the front, flanked by two angled seams converging at the waist, creating a corset-like silhouette. The front closure consists of five large, round, gold-toned buttons arranged vertically along the central seam. The sleeves are short and capped, with a slight flare at the hem, and are attached to the bodice with shoulder seams that extend from the neckline to the sleeve cap. The shoulder layout includes a square neckline with a straight upper edge, bordered by a narrow band of fabric that forms a slight V-shape at the center front. The waist transition is defined by a series of vertical seams that contour the torso, enhancing the fitted shape. The skirt is constructed from the same material as the bodice, with a smooth, continuous flow from the waist to the hem, which ends above the knee. The fabric exhibits a textured pattern resembling reptile skin, with visible grain lines running vertically along the bodice and skirt. The dress appears to be made from a structured, possibly leather-like material with a slight sheen. There are no visible boning, lining, or additional trims beyond the buttons and the subtle texture of the fabric.",dress,A young woman with blonde long wavy hair and average body build.,"TRYON A young woman with blonde long wavy hair and average body build. Replace the entire outfit completely with This garment is a fitted, short-sleeved dress with a structured bodice and a short skirt. The bodice features a sweetheart neckline with a central vertical seam that extends down the front, flanked by two angled seams converging at the waist, creating a corset-like silhouette. The front closure consists of five large, round, gold-toned buttons arranged vertically along the central seam. The sleeves are short and capped, with a slight flare at the hem, and are attached to the bodice with shoulder seams that extend from the neckline to the sleeve cap. The shoulder layout includes a square neckline with a straight upper edge, bordered by a narrow band of fabric that forms a slight V-shape at the center front. The waist transition is defined by a series of vertical seams that contour the torso, enhancing the fitted shape. The skirt is constructed from the same material as the bodice, with a smooth, continuous flow from the waist to the hem, which ends above the knee. The fabric exhibits a textured pattern resembling reptile skin, with visible grain lines running vertically along the bodice and skirt. The dress appears to be made from a structured, possibly leather-like material with a slight sheen. There are no visible boning, lining, or additional trims beyond the buttons and the subtle texture of the fabric. as shown in the reference image. Strictly keep the same face, body measurements, hair color, eye directions, exact foot wear, same accessories and preserve strict body pose. Preserve the exact subject scale and framing from the original image; do not zoom, crop, or change camera distance. Generate a hyper realistic virtual tryon. The final image is a full body shot.",success,,0.0,8.097281217575073,14.959431886672974
26,pexels-cesar-o-neill-26650613-33800253.jpg,https://glamifydevstorage.blob.core.windows.net/wardrobe-outputs/3481b648-0aff-42a5-bab6-04e9bba7bbc1.png,https://glamifydevstorage.blob.core.windows.net/wardrobe-outputs/4ea2e76e-5cf8-41fb-97d9-a6208cb5ed6e.png,https://glamifydevstorage.blob.core.windows.net/wardrobe-outputs/1e1009b9-21cf-42aa-8ec5-d65e65622acb.png,"This garment is a fitted, short-sleeved dress with a structured bodice and a short skirt. The bodice features a sweetheart neckline with a central vertical seam that extends down the front, flanked by two angled seams converging at the waist, creating a corset-like silhouette. The front closure consists of five large, round, gold-toned buttons arranged vertically along the central seam. The sleeves are short and capped, with a slight flare at the hem, and are attached to the bodice with shoulder seams that extend from the neckline to the sleeve cap. The shoulder layout includes a square neckline with a straight upper edge, bordered by a narrow band of fabric that forms a slight V-shape at the center front. The waist transition is defined by a series of vertical seams that contour the torso, enhancing the fitted shape. The skirt is constructed from the same material as the bodice, with a smooth, continuous flow from the waist to the hem, which ends above the knee. The fabric exhibits a textured pattern resembling reptile skin, with visible grain lines running vertically along the bodice and skirt. The dress appears to be made from a structured, possibly leather-like material with a slight sheen. There are no visible boning, lining, or additional trims beyond the buttons and the subtle texture of the fabric.",dress,A young woman with brown medium wavy hair and slim body build.,"TRYON A young woman with brown medium wavy hair and slim body build. Replace the entire outfit completely with This garment is a fitted, short-sleeved dress with a structured bodice and a short skirt. The bodice features a sweetheart neckline with a central vertical seam that extends down the front, flanked by two angled seams converging at the waist, creating a corset-like silhouette. The front closure consists of five large, round, gold-toned buttons arranged vertically along the central seam. The sleeves are short and capped, with a slight flare at the hem, and are attached to the bodice with shoulder seams that extend from the neckline to the sleeve cap. The shoulder layout includes a square neckline with a straight upper edge, bordered by a narrow band of fabric that forms a slight V-shape at the center front. The waist transition is defined by a series of vertical seams that contour the torso, enhancing the fitted shape. The skirt is constructed from the same material as the bodice, with a smooth, continuous flow from the waist to the hem, which ends above the knee. The fabric exhibits a textured pattern resembling reptile skin, with visible grain lines running vertically along the bodice and skirt. The dress appears to be made from a structured, possibly leather-like material with a slight sheen. There are no visible boning, lining, or additional trims beyond the buttons and the subtle texture of the fabric. as shown in the reference image. Strictly keep the same face, body measurements, hair color, eye directions, exact foot wear, same accessories and preserve strict body pose. Preserve the exact subject scale and framing from the original image; do not zoom, crop, or change camera distance. Generate a hyper realistic virtual tryon. The final image is a full body shot.",success,,0.0,8.092231035232544,13.907957315444946
27,pexels-colordragon-24813292.jpg,https://glamifydevstorage.blob.core.windows.net/wardrobe-outputs/7a241fdd-9662-4fa2-bfa7-b1a3afd66a2f.png,https://glamifydevstorage.blob.core.windows.net/wardrobe-outputs/e17354e2-8fc8-4920-8b68-922b07b7ce94.png,https://glamifydevstorage.blob.core.windows.net/wardrobe-outputs/1e1009b9-21cf-42aa-8ec5-d65e65622acb.png,"This garment is a fitted, short-sleeved dress with a structured bodice and a short skirt. The bodice features a sweetheart neckline with a central vertical seam that extends down the front, flanked by two angled seams converging at the waist, creating a corset-like silhouette. The front closure consists of five large, round, gold-toned buttons arranged vertically along the central seam. The sleeves are short and capped, with a slight flare at the hem, and are attached to the bodice with shoulder seams that extend from the neckline to the sleeve cap. The shoulder layout includes a square neckline with a straight upper edge, bordered by a narrow band of fabric that forms a slight V-shape at the center front. The waist transition is defined by a series of vertical seams that contour the torso, enhancing the fitted shape. The skirt is constructed from the same material as the bodice, with a smooth, continuous flow from the waist to the hem, which ends above the knee. The fabric exhibits a textured pattern resembling reptile skin, with visible grain lines running vertically along the bodice and skirt. The dress appears to be made from a structured, possibly leather-like material with a slight sheen. There are no visible boning, lining, or additional trims beyond the buttons and the subtle texture of the fabric.",dress,A young girl with dark brown long smooth hair and slim body build.,"TRYON A young girl with dark brown long smooth hair and slim body build. Replace the entire outfit completely with This garment is a fitted, short-sleeved dress with a structured bodice and a short skirt. The bodice features a sweetheart neckline with a central vertical seam that extends down the front, flanked by two angled seams converging at the waist, creating a corset-like silhouette. The front closure consists of five large, round, gold-toned buttons arranged vertically along the central seam. The sleeves are short and capped, with a slight flare at the hem, and are attached to the bodice with shoulder seams that extend from the neckline to the sleeve cap. The shoulder layout includes a square neckline with a straight upper edge, bordered by a narrow band of fabric that forms a slight V-shape at the center front. The waist transition is defined by a series of vertical seams that contour the torso, enhancing the fitted shape. The skirt is constructed from the same material as the bodice, with a smooth, continuous flow from the waist to the hem, which ends above the knee. The fabric exhibits a textured pattern resembling reptile skin, with visible grain lines running vertically along the bodice and skirt. The dress appears to be made from a structured, possibly leather-like material with a slight sheen. There are no visible boning, lining, or additional trims beyond the buttons and the subtle texture of the fabric. as shown in the reference image. Strictly keep the same face, body measurements, hair color, eye directions, exact foot wear, same accessories and preserve strict body pose. Preserve the exact subject scale and framing from the original image; do not zoom, crop, or change camera distance. Generate a hyper realistic virtual tryon. The final image is a full body shot.",success,,0.0,8.09347915649414,14.649430274963379
28,pexels-colordragon-24813296.jpg,https://glamifydevstorage.blob.core.windows.net/wardrobe-outputs/06e8bee5-3db4-4955-89f5-b84dcdaede1c.png,https://glamifydevstorage.blob.core.windows.net/wardrobe-outputs/31fb475f-4975-414c-bb14-0b41e2c7af1c.png,https://glamifydevstorage.blob.core.windows.net/wardrobe-outputs/1e1009b9-21cf-42aa-8ec5-d65e65622acb.png,"This garment is a fitted, short-sleeved dress with a structured bodice and a short skirt. The bodice features a sweetheart neckline with a central vertical seam that extends down the front, flanked by two angled seams converging at the waist, creating a corset-like silhouette. The front closure consists of five large, round, gold-toned buttons arranged vertically along the central seam. The sleeves are short and capped, with a slight flare at the hem, and are attached to the bodice with shoulder seams that extend from the neckline to the sleeve cap. The shoulder layout includes a square neckline with a straight upper edge, bordered by a narrow band of fabric that forms a slight V-shape at the center front. The waist transition is defined by a series of vertical seams that contour the torso, enhancing the fitted shape. The skirt is constructed from the same material as the bodice, with a smooth, continuous flow from the waist to the hem, which ends above the knee. The fabric exhibits a textured pattern resembling reptile skin, with visible grain lines running vertically along the bodice and skirt. The dress appears to be made from a structured, possibly leather-like material with a slight sheen. There are no visible boning, lining, or additional trims beyond the buttons and the subtle texture of the fabric.",dress,A young girl with dark long smooth hair and slim body build.,"TRYON A young girl with dark long smooth hair and slim body build. Replace the entire outfit completely with This garment is a fitted, short-sleeved dress with a structured bodice and a short skirt. The bodice features a sweetheart neckline with a central vertical seam that extends down the front, flanked by two angled seams converging at the waist, creating a corset-like silhouette. The front closure consists of five large, round, gold-toned buttons arranged vertically along the central seam. The sleeves are short and capped, with a slight flare at the hem, and are attached to the bodice with shoulder seams that extend from the neckline to the sleeve cap. The shoulder layout includes a square neckline with a straight upper edge, bordered by a narrow band of fabric that forms a slight V-shape at the center front. The waist transition is defined by a series of vertical seams that contour the torso, enhancing the fitted shape. The skirt is constructed from the same material as the bodice, with a smooth, continuous flow from the waist to the hem, which ends above the knee. The fabric exhibits a textured pattern resembling reptile skin, with visible grain lines running vertically along the bodice and skirt. The dress appears to be made from a structured, possibly leather-like material with a slight sheen. There are no visible boning, lining, or additional trims beyond the buttons and the subtle texture of the fabric. as shown in the reference image. Strictly keep the same face, body measurements, hair color, eye directions, exact foot wear, same accessories and preserve strict body pose. Preserve the exact subject scale and framing from the original image; do not zoom, crop, or change camera distance. Generate a hyper realistic virtual tryon. The final image is a full body shot.",success,,0.0,8.094951152801514,15.083892822265625
29,pexels-conejodepapel-17392599.jpg,https://glamifydevstorage.blob.core.windows.net/wardrobe-outputs/5cdb5451-806f-4b91-b7c0-6568364601c8.png,https://glamifydevstorage.blob.core.windows.net/wardrobe-outputs/ed64821d-353e-443c-85db-32d716b2201c.png,https://glamifydevstorage.blob.core.windows.net/wardrobe-outputs/1e1009b9-21cf-42aa-8ec5-d65e65622acb.png,"This garment is a fitted, short-sleeved dress with a structured bodice and a short skirt. The bodice features a sweetheart neckline with a central vertical seam that extends down the front, flanked by two angled seams converging at the waist, creating a corset-like silhouette. The front closure consists of five large, round, gold-toned buttons arranged vertically along the central seam. The sleeves are short and capped, with a slight flare at the hem, and are attached to the bodice with shoulder seams that extend from the neckline to the sleeve cap. The shoulder layout includes a square neckline with a straight upper edge, bordered by a narrow band of fabric that forms a slight V-shape at the center front. The waist transition is defined by a series of vertical seams that contour the torso, enhancing the fitted shape. The skirt is constructed from the same material as the bodice, with a smooth, continuous flow from the waist to the hem, which ends above the knee. The fabric exhibits a textured pattern resembling reptile skin, with visible grain lines running vertically along the bodice and skirt. The dress appears to be made from a structured, possibly leather-like material with a slight sheen. There are no visible boning, lining, or additional trims beyond the buttons and the subtle texture of the fabric.",dress,A young girl with multi-tone long smooth hair and slim body build.,"TRYON A young girl with multi-tone long smooth hair and slim body build. Replace the entire outfit completely with This garment is a fitted, short-sleeved dress with a structured bodice and a short skirt. The bodice features a sweetheart neckline with a central vertical seam that extends down the front, flanked by two angled seams converging at the waist, creating a corset-like silhouette. The front closure consists of five large, round, gold-toned buttons arranged vertically along the central seam. The sleeves are short and capped, with a slight flare at the hem, and are attached to the bodice with shoulder seams that extend from the neckline to the sleeve cap. The shoulder layout includes a square neckline with a straight upper edge, bordered by a narrow band of fabric that forms a slight V-shape at the center front. The waist transition is defined by a series of vertical seams that contour the torso, enhancing the fitted shape. The skirt is constructed from the same material as the bodice, with a smooth, continuous flow from the waist to the hem, which ends above the knee. The fabric exhibits a textured pattern resembling reptile skin, with visible grain lines running vertically along the bodice and skirt. The dress appears to be made from a structured, possibly leather-like material with a slight sheen. There are no visible boning, lining, or additional trims beyond the buttons and the subtle texture of the fabric. as shown in the reference image. Strictly keep the same face, body measurements, hair color, eye directions, exact foot wear, same accessories and preserve strict body pose. Preserve the exact subject scale and framing from the original image; do not zoom, crop, or change camera distance. Generate a hyper realistic virtual tryon. The final image is a full body shot.",success,,0.0,8.094164609909058,14.123268127441406
30,pexels-cristian-rojas-10041266.jpg,https://glamifydevstorage.blob.core.windows.net/wardrobe-outputs/f35632f1-d5aa-4420-a9ac-ba3c0f4304c2.png,https://glamifydevstorage.blob.core.windows.net/wardrobe-outputs/dffdf018-9175-4a3d-b9d8-2ba6abb21892.png,https://glamifydevstorage.blob.core.windows.net/wardrobe-outputs/1e1009b9-21cf-42aa-8ec5-d65e65622acb.png,"This garment is a fitted, short-sleeved dress with a structured bodice and a short skirt. The bodice features a sweetheart neckline with a central vertical seam that extends down the front, flanked by two angled seams converging at the waist, creating a corset-like silhouette. The front closure consists of five large, round, gold-toned buttons arranged vertically along the central seam. The sleeves are short and capped, with a slight flare at the hem, and are attached to the bodice with shoulder seams that extend from the neckline to the sleeve cap. The shoulder layout includes a square neckline with a straight upper edge, bordered by a narrow band of fabric that forms a slight V-shape at the center front. The waist transition is defined by a series of vertical seams that contour the torso, enhancing the fitted shape. The skirt is constructed from the same material as the bodice, with a smooth, continuous flow from the waist to the hem, which ends above the knee. The fabric exhibits a textured pattern resembling reptile skin, with visible grain lines running vertically along the bodice and skirt. The dress appears to be made from a structured, possibly leather-like material with a slight sheen. There are no visible boning, lining, or additional trims beyond the buttons and the subtle texture of the fabric.",dress,An adult woman with brown long smooth hair and average body build.,"TRYON An adult woman with brown long smooth hair and average body build. Replace the entire outfit completely with This garment is a fitted, short-sleeved dress with a structured bodice and a short skirt. The bodice features a sweetheart neckline with a central vertical seam that extends down the front, flanked by two angled seams converging at the waist, creating a corset-like silhouette. The front closure consists of five large, round, gold-toned buttons arranged vertically along the central seam. The sleeves are short and capped, with a slight flare at the hem, and are attached to the bodice with shoulder seams that extend from the neckline to the sleeve cap. The shoulder layout includes a square neckline with a straight upper edge, bordered by a narrow band of fabric that forms a slight V-shape at the center front. The waist transition is defined by a series of vertical seams that contour the torso, enhancing the fitted shape. The skirt is constructed from the same material as the bodice, with a smooth, continuous flow from the waist to the hem, which ends above the knee. The fabric exhibits a textured pattern resembling reptile skin, with visible grain lines running vertically along the bodice and skirt. The dress appears to be made from a structured, possibly leather-like material with a slight sheen. There are no visible boning, lining, or additional trims beyond the buttons and the subtle texture of the fabric. as shown in the reference image. Strictly keep the same face, body measurements, hair color, eye directions, exact foot wear, same accessories and preserve strict body pose. Preserve the exact subject scale and framing from the original image; do not zoom, crop, or change camera distance. Generate a hyper realistic virtual tryon. The final image is a full body shot.",success,,0.0,8.175762176513672,13.788538694381714
31,pexels-cristian-rojas-7535460.jpg,https://glamifydevstorage.blob.core.windows.net/wardrobe-outputs/92d5be4e-fda6-4ae0-b42a-2ec5a630e70e.png,https://glamifydevstorage.blob.core.windows.net/wardrobe-outputs/f50c68a7-d533-48f8-bae3-b2199a6b3087.png,https://glamifydevstorage.blob.core.windows.net/wardrobe-outputs/1e1009b9-21cf-42aa-8ec5-d65e65622acb.png,"This garment is a fitted, short-sleeved dress with a structured bodice and a short skirt. The bodice features a sweetheart neckline with a central vertical seam that extends down the front, flanked by two angled seams converging at the waist, creating a corset-like silhouette. The front closure consists of five large, round, gold-toned buttons arranged vertically along the central seam. The sleeves are short and capped, with a slight flare at the hem, and are attached to the bodice with shoulder seams that extend from the neckline to the sleeve cap. The shoulder layout includes a square neckline with a straight upper edge, bordered by a narrow band of fabric that forms a slight V-shape at the center front. The waist transition is defined by a series of vertical seams that contour the torso, enhancing the fitted shape. The skirt is constructed from the same material as the bodice, with a smooth, continuous flow from the waist to the hem, which ends above the knee. The fabric exhibits a textured pattern resembling reptile skin, with visible grain lines running vertically along the bodice and skirt. The dress appears to be made from a structured, possibly leather-like material with a slight sheen. There are no visible boning, lining, or additional trims beyond the buttons and the subtle texture of the fabric.",dress,An adult woman with brown long smooth hair and curvy body build.,"TRYON An adult woman with brown long smooth hair and curvy body build. Replace the entire outfit completely with This garment is a fitted, short-sleeved dress with a structured bodice and a short skirt. The bodice features a sweetheart neckline with a central vertical seam that extends down the front, flanked by two angled seams converging at the waist, creating a corset-like silhouette. The front closure consists of five large, round, gold-toned buttons arranged vertically along the central seam. The sleeves are short and capped, with a slight flare at the hem, and are attached to the bodice with shoulder seams that extend from the neckline to the sleeve cap. The shoulder layout includes a square neckline with a straight upper edge, bordered by a narrow band of fabric that forms a slight V-shape at the center front. The waist transition is defined by a series of vertical seams that contour the torso, enhancing the fitted shape. The skirt is constructed from the same material as the bodice, with a smooth, continuous flow from the waist to the hem, which ends above the knee. The fabric exhibits a textured pattern resembling reptile skin, with visible grain lines running vertically along the bodice and skirt. The dress appears to be made from a structured, possibly leather-like material with a slight sheen. There are no visible boning, lining, or additional trims beyond the buttons and the subtle texture of the fabric. as shown in the reference image. Strictly keep the same face, body measurements, hair color, eye directions, exact foot wear, same accessories and preserve strict body pose. Preserve the exact subject scale and framing from the original image; do not zoom, crop, or change camera distance. Generate a hyper realistic virtual tryon. The final image is a full body shot.",success,,0.0,8.168352603912354,14.166333675384521
32,pexels-dan-borges-1755177.jpg,https://glamifydevstorage.blob.core.windows.net/wardrobe-outputs/50bbf46c-163e-41b5-8ec7-166e266d0173.png,https://glamifydevstorage.blob.core.windows.net/wardrobe-outputs/70988047-0be7-43e8-8f54-fe67113030db.png,https://glamifydevstorage.blob.core.windows.net/wardrobe-outputs/1e1009b9-21cf-42aa-8ec5-d65e65622acb.png,"This garment is a fitted, short-sleeved dress with a structured bodice and a short skirt. The bodice features a sweetheart neckline with a central vertical seam that extends down the front, flanked by two angled seams converging at the waist, creating a corset-like silhouette. The front closure consists of five large, round, gold-toned buttons arranged vertically along the central seam. The sleeves are short and capped, with a slight flare at the hem, and are attached to the bodice with shoulder seams that extend from the neckline to the sleeve cap. The shoulder layout includes a square neckline with a straight upper edge, bordered by a narrow band of fabric that forms a slight V-shape at the center front. The waist transition is defined by a series of vertical seams that contour the torso, enhancing the fitted shape. The skirt is constructed from the same material as the bodice, with a smooth, continuous flow from the waist to the hem, which ends above the knee. The fabric exhibits a textured pattern resembling reptile skin, with visible grain lines running vertically along the bodice and skirt. The dress appears to be made from a structured, possibly leather-like material with a slight sheen. There are no visible boning, lining, or additional trims beyond the buttons and the subtle texture of the fabric.",dress,A young woman with brown long smooth hair and slim body build.,"TRYON A young woman with brown long smooth hair and slim body build. Replace the entire outfit completely with This garment is a fitted, short-sleeved dress with a structured bodice and a short skirt. The bodice features a sweetheart neckline with a central vertical seam that extends down the front, flanked by two angled seams converging at the waist, creating a corset-like silhouette. The front closure consists of five large, round, gold-toned buttons arranged vertically along the central seam. The sleeves are short and capped, with a slight flare at the hem, and are attached to the bodice with shoulder seams that extend from the neckline to the sleeve cap. The shoulder layout includes a square neckline with a straight upper edge, bordered by a narrow band of fabric that forms a slight V-shape at the center front. The waist transition is defined by a series of vertical seams that contour the torso, enhancing the fitted shape. The skirt is constructed from the same material as the bodice, with a smooth, continuous flow from the waist to the hem, which ends above the knee. The fabric exhibits a textured pattern resembling reptile skin, with visible grain lines running vertically along the bodice and skirt. The dress appears to be made from a structured, possibly leather-like material with a slight sheen. There are no visible boning, lining, or additional trims beyond the buttons and the subtle texture of the fabric. as shown in the reference image. Strictly keep the same face, body measurements, hair color, eye directions, exact foot wear, same accessories and preserve strict body pose. Preserve the exact subject scale and framing from the original image; do not zoom, crop, or change camera distance. Generate a hyper realistic virtual tryon. The final image is a full body shot.",success,,0.0,8.095211744308472,14.607240676879883
33,pexels-daniel-duarte-270529097-13098732.jpg,https://glamifydevstorage.blob.core.windows.net/wardrobe-outputs/a34e4bda-1dcf-48ed-8e33-8cf0daaff779.png,https://glamifydevstorage.blob.core.windows.net/wardrobe-outputs/74407602-01fe-407b-9ce2-bfe52673b530.png,https://glamifydevstorage.blob.core.windows.net/wardrobe-outputs/1e1009b9-21cf-42aa-8ec5-d65e65622acb.png,"This garment is a fitted, short-sleeved dress with a structured bodice and a short skirt. The bodice features a sweetheart neckline with a central vertical seam that extends down the front, flanked by two angled seams converging at the waist, creating a corset-like silhouette. The front closure consists of five large, round, gold-toned buttons arranged vertically along the central seam. The sleeves are short and capped, with a slight flare at the hem, and are attached to the bodice with shoulder seams that extend from the neckline to the sleeve cap. The shoulder layout includes a square neckline with a straight upper edge, bordered by a narrow band of fabric that forms a slight V-shape at the center front. The waist transition is defined by a series of vertical seams that contour the torso, enhancing the fitted shape. The skirt is constructed from the same material as the bodice, with a smooth, continuous flow from the waist to the hem, which ends above the knee. The fabric exhibits a textured pattern resembling reptile skin, with visible grain lines running vertically along the bodice and skirt. The dress appears to be made from a structured, possibly leather-like material with a slight sheen. There are no visible boning, lining, or additional trims beyond the buttons and the subtle texture of the fabric.",dress,A young woman with dark brown long wavy hair and slim body build.,"TRYON A young woman with dark brown long wavy hair and slim body build. Replace the entire outfit completely with This garment is a fitted, short-sleeved dress with a structured bodice and a short skirt. The bodice features a sweetheart neckline with a central vertical seam that extends down the front, flanked by two angled seams converging at the waist, creating a corset-like silhouette. The front closure consists of five large, round, gold-toned buttons arranged vertically along the central seam. The sleeves are short and capped, with a slight flare at the hem, and are attached to the bodice with shoulder seams that extend from the neckline to the sleeve cap. The shoulder layout includes a square neckline with a straight upper edge, bordered by a narrow band of fabric that forms a slight V-shape at the center front. The waist transition is defined by a series of vertical seams that contour the torso, enhancing the fitted shape. The skirt is constructed from the same material as the bodice, with a smooth, continuous flow from the waist to the hem, which ends above the knee. The fabric exhibits a textured pattern resembling reptile skin, with visible grain lines running vertically along the bodice and skirt. The dress appears to be made from a structured, possibly leather-like material with a slight sheen. There are no visible boning, lining, or additional trims beyond the buttons and the subtle texture of the fabric. as shown in the reference image. Strictly keep the same face, body measurements, hair color, eye directions, exact foot wear, same accessories and preserve strict body pose. Preserve the exact subject scale and framing from the original image; do not zoom, crop, or change camera distance. Generate a hyper realistic virtual tryon. The final image is a full body shot.",success,,0.0,8.862520217895508,14.411869764328003
34,pexels-davincidelasfotos-28480020.jpg,https://glamifydevstorage.blob.core.windows.net/wardrobe-outputs/faebe000-32f6-4b0e-9bf7-fe6039d62c3f.png,https://glamifydevstorage.blob.core.windows.net/wardrobe-outputs/4506de6e-f49f-4bd3-8792-14ef41e8ccd9.png,https://glamifydevstorage.blob.core.windows.net/wardrobe-outputs/1e1009b9-21cf-42aa-8ec5-d65e65622acb.png,"This garment is a fitted, short-sleeved dress with a structured bodice and a short skirt. The bodice features a sweetheart neckline with a central vertical seam that extends down the front, flanked by two angled seams converging at the waist, creating a corset-like silhouette. The front closure consists of five large, round, gold-toned buttons arranged vertically along the central seam. The sleeves are short and capped, with a slight flare at the hem, and are attached to the bodice with shoulder seams that extend from the neckline to the sleeve cap. The shoulder layout includes a square neckline with a straight upper edge, bordered by a narrow band of fabric that forms a slight V-shape at the center front. The waist transition is defined by a series of vertical seams that contour the torso, enhancing the fitted shape. The skirt is constructed from the same material as the bodice, with a smooth, continuous flow from the waist to the hem, which ends above the knee. The fabric exhibits a textured pattern resembling reptile skin, with visible grain lines running vertically along the bodice and skirt. The dress appears to be made from a structured, possibly leather-like material with a slight sheen. There are no visible boning, lining, or additional trims beyond the buttons and the subtle texture of the fabric.",dress,A young woman with brown shoulder-length smooth hair and slim body build.,"TRYON A young woman with brown shoulder-length smooth hair and slim body build. Replace the entire outfit completely with This garment is a fitted, short-sleeved dress with a structured bodice and a short skirt. The bodice features a sweetheart neckline with a central vertical seam that extends down the front, flanked by two angled seams converging at the waist, creating a corset-like silhouette. The front closure consists of five large, round, gold-toned buttons arranged vertically along the central seam. The sleeves are short and capped, with a slight flare at the hem, and are attached to the bodice with shoulder seams that extend from the neckline to the sleeve cap. The shoulder layout includes a square neckline with a straight upper edge, bordered by a narrow band of fabric that forms a slight V-shape at the center front. The waist transition is defined by a series of vertical seams that contour the torso, enhancing the fitted shape. The skirt is constructed from the same material as the bodice, with a smooth, continuous flow from the waist to the hem, which ends above the knee. The fabric exhibits a textured pattern resembling reptile skin, with visible grain lines running vertically along the bodice and skirt. The dress appears to be made from a structured, possibly leather-like material with a slight sheen. There are no visible boning, lining, or additional trims beyond the buttons and the subtle texture of the fabric. as shown in the reference image. Strictly keep the same face, body measurements, hair color, eye directions, exact foot wear, same accessories and preserve strict body pose. Preserve the exact subject scale and framing from the original image; do not zoom, crop, or change camera distance. Generate a hyper realistic virtual tryon. The final image is a full body shot.",success,,0.0,8.092110872268677,16.14014768600464
35,pexels-davincidelasfotos-28714398.jpg,https://glamifydevstorage.blob.core.windows.net/wardrobe-outputs/ca4947e2-7f8d-43f4-ac85-3232c6c2ba07.png,https://glamifydevstorage.blob.core.windows.net/wardrobe-outputs/2f3fc9a7-bc36-49f6-ab27-15bfcfbb17c8.png,https://glamifydevstorage.blob.core.windows.net/wardrobe-outputs/1e1009b9-21cf-42aa-8ec5-d65e65622acb.png,"This garment is a fitted, short-sleeved dress with a structured bodice and a short skirt. The bodice features a sweetheart neckline with a central vertical seam that extends down the front, flanked by two angled seams converging at the waist, creating a corset-like silhouette. The front closure consists of five large, round, gold-toned buttons arranged vertically along the central seam. The sleeves are short and capped, with a slight flare at the hem, and are attached to the bodice with shoulder seams that extend from the neckline to the sleeve cap. The shoulder layout includes a square neckline with a straight upper edge, bordered by a narrow band of fabric that forms a slight V-shape at the center front. The waist transition is defined by a series of vertical seams that contour the torso, enhancing the fitted shape. The skirt is constructed from the same material as the bodice, with a smooth, continuous flow from the waist to the hem, which ends above the knee. The fabric exhibits a textured pattern resembling reptile skin, with visible grain lines running vertically along the bodice and skirt. The dress appears to be made from a structured, possibly leather-like material with a slight sheen. There are no visible boning, lining, or additional trims beyond the buttons and the subtle texture of the fabric.",dress,A young woman with black long smooth hair and slim body build.,"TRYON A young woman with black long smooth hair and slim body build. Replace the entire outfit completely with This garment is a fitted, short-sleeved dress with a structured bodice and a short skirt. The bodice features a sweetheart neckline with a central vertical seam that extends down the front, flanked by two angled seams converging at the waist, creating a corset-like silhouette. The front closure consists of five large, round, gold-toned buttons arranged vertically along the central seam. The sleeves are short and capped, with a slight flare at the hem, and are attached to the bodice with shoulder seams that extend from the neckline to the sleeve cap. The shoulder layout includes a square neckline with a straight upper edge, bordered by a narrow band of fabric that forms a slight V-shape at the center front. The waist transition is defined by a series of vertical seams that contour the torso, enhancing the fitted shape. The skirt is constructed from the same material as the bodice, with a smooth, continuous flow from the waist to the hem, which ends above the knee. The fabric exhibits a textured pattern resembling reptile skin, with visible grain lines running vertically along the bodice and skirt. The dress appears to be made from a structured, possibly leather-like material with a slight sheen. There are no visible boning, lining, or additional trims beyond the buttons and the subtle texture of the fabric. as shown in the reference image. Strictly keep the same face, body measurements, hair color, eye directions, exact foot wear, same accessories and preserve strict body pose. Preserve the exact subject scale and framing from the original image; do not zoom, crop, or change camera distance. Generate a hyper realistic virtual tryon. The final image is a full body shot.",success,,0.0,8.09236216545105,13.966776132583618
36,pexels-davincidelasfotos-28714525.jpg,https://glamifydevstorage.blob.core.windows.net/wardrobe-outputs/40500220-95fc-4092-a40b-b0996e77eae4.png,https://glamifydevstorage.blob.core.windows.net/wardrobe-outputs/23462a2a-ef7a-4a96-ba50-5bd3df125821.png,https://glamifydevstorage.blob.core.windows.net/wardrobe-outputs/1e1009b9-21cf-42aa-8ec5-d65e65622acb.png,"This garment is a fitted, short-sleeved dress with a structured bodice and a short skirt. The bodice features a sweetheart neckline with a central vertical seam that extends down the front, flanked by two angled seams converging at the waist, creating a corset-like silhouette. The front closure consists of five large, round, gold-toned buttons arranged vertically along the central seam. The sleeves are short and capped, with a slight flare at the hem, and are attached to the bodice with shoulder seams that extend from the neckline to the sleeve cap. The shoulder layout includes a square neckline with a straight upper edge, bordered by a narrow band of fabric that forms a slight V-shape at the center front. The waist transition is defined by a series of vertical seams that contour the torso, enhancing the fitted shape. The skirt is constructed from the same material as the bodice, with a smooth, continuous flow from the waist to the hem, which ends above the knee. The fabric exhibits a textured pattern resembling reptile skin, with visible grain lines running vertically along the bodice and skirt. The dress appears to be made from a structured, possibly leather-like material with a slight sheen. There are no visible boning, lining, or additional trims beyond the buttons and the subtle texture of the fabric.",dress,A young woman with black long smooth hair and slim body build.,"TRYON A young woman with black long smooth hair and slim body build. Replace the entire outfit completely with This garment is a fitted, short-sleeved dress with a structured bodice and a short skirt. The bodice features a sweetheart neckline with a central vertical seam that extends down the front, flanked by two angled seams converging at the waist, creating a corset-like silhouette. The front closure consists of five large, round, gold-toned buttons arranged vertically along the central seam. The sleeves are short and capped, with a slight flare at the hem, and are attached to the bodice with shoulder seams that extend from the neckline to the sleeve cap. The shoulder layout includes a square neckline with a straight upper edge, bordered by a narrow band of fabric that forms a slight V-shape at the center front. The waist transition is defined by a series of vertical seams that contour the torso, enhancing the fitted shape. The skirt is constructed from the same material as the bodice, with a smooth, continuous flow from the waist to the hem, which ends above the knee. The fabric exhibits a textured pattern resembling reptile skin, with visible grain lines running vertically along the bodice and skirt. The dress appears to be made from a structured, possibly leather-like material with a slight sheen. There are no visible boning, lining, or additional trims beyond the buttons and the subtle texture of the fabric. as shown in the reference image. Strictly keep the same face, body measurements, hair color, eye directions, exact foot wear, same accessories and preserve strict body pose. Preserve the exact subject scale and framing from the original image; do not zoom, crop, or change camera distance. Generate a hyper realistic virtual tryon. The final image is a full body shot.",success,,0.0,8.09338116645813,14.162734270095825
37,pexels-diana-reyes-227887231-34035163.jpg,https://glamifydevstorage.blob.core.windows.net/wardrobe-outputs/822ed7f0-4aba-46e4-95a5-1915451e65ef.png,https://glamifydevstorage.blob.core.windows.net/wardrobe-outputs/f4af4136-36c9-4981-9168-deddc6290ae9.png,https://glamifydevstorage.blob.core.windows.net/wardrobe-outputs/1e1009b9-21cf-42aa-8ec5-d65e65622acb.png,"This garment is a fitted, short-sleeved dress with a structured bodice and a short skirt. The bodice features a sweetheart neckline with a central vertical seam that extends down the front, flanked by two angled seams converging at the waist, creating a corset-like silhouette. The front closure consists of five large, round, gold-toned buttons arranged vertically along the central seam. The sleeves are short and capped, with a slight flare at the hem, and are attached to the bodice with shoulder seams that extend from the neckline to the sleeve cap. The shoulder layout includes a square neckline with a straight upper edge, bordered by a narrow band of fabric that forms a slight V-shape at the center front. The waist transition is defined by a series of vertical seams that contour the torso, enhancing the fitted shape. The skirt is constructed from the same material as the bodice, with a smooth, continuous flow from the waist to the hem, which ends above the knee. The fabric exhibits a textured pattern resembling reptile skin, with visible grain lines running vertically along the bodice and skirt. The dress appears to be made from a structured, possibly leather-like material with a slight sheen. There are no visible boning, lining, or additional trims beyond the buttons and the subtle texture of the fabric.",dress,A young woman with slim body build.,"TRYON A young woman with slim body build. Replace the entire outfit completely with This garment is a fitted, short-sleeved dress with a structured bodice and a short skirt. The bodice features a sweetheart neckline with a central vertical seam that extends down the front, flanked by two angled seams converging at the waist, creating a corset-like silhouette. The front closure consists of five large, round, gold-toned buttons arranged vertically along the central seam. The sleeves are short and capped, with a slight flare at the hem, and are attached to the bodice with shoulder seams that extend from the neckline to the sleeve cap. The shoulder layout includes a square neckline with a straight upper edge, bordered by a narrow band of fabric that forms a slight V-shape at the center front. The waist transition is defined by a series of vertical seams that contour the torso, enhancing the fitted shape. The skirt is constructed from the same material as the bodice, with a smooth, continuous flow from the waist to the hem, which ends above the knee. The fabric exhibits a textured pattern resembling reptile skin, with visible grain lines running vertically along the bodice and skirt. The dress appears to be made from a structured, possibly leather-like material with a slight sheen. There are no visible boning, lining, or additional trims beyond the buttons and the subtle texture of the fabric. as shown in the reference image. Strictly keep the same face, body measurements, hair color, eye directions, exact foot wear, same accessories and preserve strict body pose. Preserve the exact subject scale and framing from the original image; do not zoom, crop, or change camera distance. Generate a hyper realistic virtual tryon. The final image is a full body shot.",success,,0.0,8.095050573348999,14.925369501113892
38,pexels-dinielle-de-veyra-2610843-4195089.jpg,https://glamifydevstorage.blob.core.windows.net/wardrobe-outputs/f1a292fd-b2ce-47ca-9e87-65de3eaaaa94.png,https://glamifydevstorage.blob.core.windows.net/wardrobe-outputs/513a0886-fe67-4eff-a413-cb042112ce5c.png,https://glamifydevstorage.blob.core.windows.net/wardrobe-outputs/1e1009b9-21cf-42aa-8ec5-d65e65622acb.png,"This garment is a fitted, short-sleeved dress with a structured bodice and a short skirt. The bodice features a sweetheart neckline with a central vertical seam that extends down the front, flanked by two angled seams converging at the waist, creating a corset-like silhouette. The front closure consists of five large, round, gold-toned buttons arranged vertically along the central seam. The sleeves are short and capped, with a slight flare at the hem, and are attached to the bodice with shoulder seams that extend from the neckline to the sleeve cap. The shoulder layout includes a square neckline with a straight upper edge, bordered by a narrow band of fabric that forms a slight V-shape at the center front. The waist transition is defined by a series of vertical seams that contour the torso, enhancing the fitted shape. The skirt is constructed from the same material as the bodice, with a smooth, continuous flow from the waist to the hem, which ends above the knee. The fabric exhibits a textured pattern resembling reptile skin, with visible grain lines running vertically along the bodice and skirt. The dress appears to be made from a structured, possibly leather-like material with a slight sheen. There are no visible boning, lining, or additional trims beyond the buttons and the subtle texture of the fabric.",dress,A young woman with blonde long wavy hair and slim body build.,"TRYON A young woman with blonde long wavy hair and slim body build. Replace the entire outfit completely with This garment is a fitted, short-sleeved dress with a structured bodice and a short skirt. The bodice features a sweetheart neckline with a central vertical seam that extends down the front, flanked by two angled seams converging at the waist, creating a corset-like silhouette. The front closure consists of five large, round, gold-toned buttons arranged vertically along the central seam. The sleeves are short and capped, with a slight flare at the hem, and are attached to the bodice with shoulder seams that extend from the neckline to the sleeve cap. The shoulder layout includes a square neckline with a straight upper edge, bordered by a narrow band of fabric that forms a slight V-shape at the center front. The waist transition is defined by a series of vertical seams that contour the torso, enhancing the fitted shape. The skirt is constructed from the same material as the bodice, with a smooth, continuous flow from the waist to the hem, which ends above the knee. The fabric exhibits a textured pattern resembling reptile skin, with visible grain lines running vertically along the bodice and skirt. The dress appears to be made from a structured, possibly leather-like material with a slight sheen. There are no visible boning, lining, or additional trims beyond the buttons and the subtle texture of the fabric. as shown in the reference image. Strictly keep the same face, body measurements, hair color, eye directions, exact foot wear, same accessories and preserve strict body pose. Preserve the exact subject scale and framing from the original image; do not zoom, crop, or change camera distance. Generate a hyper realistic virtual tryon. The final image is a full body shot.",success,,0.0,8.094063997268677,14.379812002182007
39,pexels-el-gringo-photo-116752370-10675485.jpg,https://glamifydevstorage.blob.core.windows.net/wardrobe-outputs/75f35341-e787-4c70-8931-2e1d7a7e0ec7.png,https://glamifydevstorage.blob.core.windows.net/wardrobe-outputs/fafb18fc-0388-4a3d-8d6b-83239f3a7345.png,https://glamifydevstorage.blob.core.windows.net/wardrobe-outputs/1e1009b9-21cf-42aa-8ec5-d65e65622acb.png,"This garment is a fitted, short-sleeved dress with a structured bodice and a short skirt. The bodice features a sweetheart neckline with a central vertical seam that extends down the front, flanked by two angled seams converging at the waist, creating a corset-like silhouette. The front closure consists of five large, round, gold-toned buttons arranged vertically along the central seam. The sleeves are short and capped, with a slight flare at the hem, and are attached to the bodice with shoulder seams that extend from the neckline to the sleeve cap. The shoulder layout includes a square neckline with a straight upper edge, bordered by a narrow band of fabric that forms a slight V-shape at the center front. The waist transition is defined by a series of vertical seams that contour the torso, enhancing the fitted shape. The skirt is constructed from the same material as the bodice, with a smooth, continuous flow from the waist to the hem, which ends above the knee. The fabric exhibits a textured pattern resembling reptile skin, with visible grain lines running vertically along the bodice and skirt. The dress appears to be made from a structured, possibly leather-like material with a slight sheen. There are no visible boning, lining, or additional trims beyond the buttons and the subtle texture of the fabric.",dress,A young woman with brown long wavy hair and slim body build.,"TRYON A young woman with brown long wavy hair and slim body build. Replace the entire outfit completely with This garment is a fitted, short-sleeved dress with a structured bodice and a short skirt. The bodice features a sweetheart neckline with a central vertical seam that extends down the front, flanked by two angled seams converging at the waist, creating a corset-like silhouette. The front closure consists of five large, round, gold-toned buttons arranged vertically along the central seam. The sleeves are short and capped, with a slight flare at the hem, and are attached to the bodice with shoulder seams that extend from the neckline to the sleeve cap. The shoulder layout includes a square neckline with a straight upper edge, bordered by a narrow band of fabric that forms a slight V-shape at the center front. The waist transition is defined by a series of vertical seams that contour the torso, enhancing the fitted shape. The skirt is constructed from the same material as the bodice, with a smooth, continuous flow from the waist to the hem, which ends above the knee. The fabric exhibits a textured pattern resembling reptile skin, with visible grain lines running vertically along the bodice and skirt. The dress appears to be made from a structured, possibly leather-like material with a slight sheen. There are no visible boning, lining, or additional trims beyond the buttons and the subtle texture of the fabric. as shown in the reference image. Strictly keep the same face, body measurements, hair color, eye directions, exact foot wear, same accessories and preserve strict body pose. Preserve the exact subject scale and framing from the original image; do not zoom, crop, or change camera distance. Generate a hyper realistic virtual tryon. The final image is a full body shot.",success,,0.0,8.093105554580688,14.363548278808594
40,pexels-elchinoportrait-20471162.jpg,https://glamifydevstorage.blob.core.windows.net/wardrobe-outputs/5fa63a67-902b-4777-a089-383d34665f75.png,https://glamifydevstorage.blob.core.windows.net/wardrobe-outputs/df9e233e-9606-4b49-ac87-dc270ad4b702.png,https://glamifydevstorage.blob.core.windows.net/wardrobe-outputs/1e1009b9-21cf-42aa-8ec5-d65e65622acb.png,"This garment is a fitted, short-sleeved dress with a structured bodice and a short skirt. The bodice features a sweetheart neckline with a central vertical seam that extends down the front, flanked by two angled seams converging at the waist, creating a corset-like silhouette. The front closure consists of five large, round, gold-toned buttons arranged vertically along the central seam. The sleeves are short and capped, with a slight flare at the hem, and are attached to the bodice with shoulder seams that extend from the neckline to the sleeve cap. The shoulder layout includes a square neckline with a straight upper edge, bordered by a narrow band of fabric that forms a slight V-shape at the center front. The waist transition is defined by a series of vertical seams that contour the torso, enhancing the fitted shape. The skirt is constructed from the same material as the bodice, with a smooth, continuous flow from the waist to the hem, which ends above the knee. The fabric exhibits a textured pattern resembling reptile skin, with visible grain lines running vertically along the bodice and skirt. The dress appears to be made from a structured, possibly leather-like material with a slight sheen. There are no visible boning, lining, or additional trims beyond the buttons and the subtle texture of the fabric.",dress,A young woman with dark brown shoulder-length smooth hair and average body build.,"TRYON A young woman with dark brown shoulder-length smooth hair and average body build. Replace the entire outfit completely with This garment is a fitted, short-sleeved dress with a structured bodice and a short skirt. The bodice features a sweetheart neckline with a central vertical seam that extends down the front, flanked by two angled seams converging at the waist, creating a corset-like silhouette. The front closure consists of five large, round, gold-toned buttons arranged vertically along the central seam. The sleeves are short and capped, with a slight flare at the hem, and are attached to the bodice with shoulder seams that extend from the neckline to the sleeve cap. The shoulder layout includes a square neckline with a straight upper edge, bordered by a narrow band of fabric that forms a slight V-shape at the center front. The waist transition is defined by a series of vertical seams that contour the torso, enhancing the fitted shape. The skirt is constructed from the same material as the bodice, with a smooth, continuous flow from the waist to the hem, which ends above the knee. The fabric exhibits a textured pattern resembling reptile skin, with visible grain lines running vertically along the bodice and skirt. The dress appears to be made from a structured, possibly leather-like material with a slight sheen. There are no visible boning, lining, or additional trims beyond the buttons and the subtle texture of the fabric. as shown in the reference image. Strictly keep the same face, body measurements, hair color, eye directions, exact foot wear, same accessories and preserve strict body pose. Preserve the exact subject scale and framing from the original image; do not zoom, crop, or change camera distance. Generate a hyper realistic virtual tryon. The final image is a full body shot.",success,,0.0,8.090694189071655,16.63810443878174
41,pexels-felix-young-449360607-30690396.jpg,https://glamifydevstorage.blob.core.windows.net/wardrobe-outputs/c6c86ad2-2ab5-4a15-8afe-d78f59b4fdcd.png,https://glamifydevstorage.blob.core.windows.net/wardrobe-outputs/7e1afd25-ad7f-4d2c-896f-788ad98ebfc8.png,https://glamifydevstorage.blob.core.windows.net/wardrobe-outputs/1e1009b9-21cf-42aa-8ec5-d65e65622acb.png,"This garment is a fitted, short-sleeved dress with a structured bodice and a short skirt. The bodice features a sweetheart neckline with a central vertical seam that extends down the front, flanked by two angled seams converging at the waist, creating a corset-like silhouette. The front closure consists of five large, round, gold-toned buttons arranged vertically along the central seam. The sleeves are short and capped, with a slight flare at the hem, and are attached to the bodice with shoulder seams that extend from the neckline to the sleeve cap. The shoulder layout includes a square neckline with a straight upper edge, bordered by a narrow band of fabric that forms a slight V-shape at the center front. The waist transition is defined by a series of vertical seams that contour the torso, enhancing the fitted shape. The skirt is constructed from the same material as the bodice, with a smooth, continuous flow from the waist to the hem, which ends above the knee. The fabric exhibits a textured pattern resembling reptile skin, with visible grain lines running vertically along the bodice and skirt. The dress appears to be made from a structured, possibly leather-like material with a slight sheen. There are no visible boning, lining, or additional trims beyond the buttons and the subtle texture of the fabric.",dress,An adult woman with black long wavy hair and slim body build.,"TRYON An adult woman with black long wavy hair and slim body build. Replace the entire outfit completely with This garment is a fitted, short-sleeved dress with a structured bodice and a short skirt. The bodice features a sweetheart neckline with a central vertical seam that extends down the front, flanked by two angled seams converging at the waist, creating a corset-like silhouette. The front closure consists of five large, round, gold-toned buttons arranged vertically along the central seam. The sleeves are short and capped, with a slight flare at the hem, and are attached to the bodice with shoulder seams that extend from the neckline to the sleeve cap. The shoulder layout includes a square neckline with a straight upper edge, bordered by a narrow band of fabric that forms a slight V-shape at the center front. The waist transition is defined by a series of vertical seams that contour the torso, enhancing the fitted shape. The skirt is constructed from the same material as the bodice, with a smooth, continuous flow from the waist to the hem, which ends above the knee. The fabric exhibits a textured pattern resembling reptile skin, with visible grain lines running vertically along the bodice and skirt. The dress appears to be made from a structured, possibly leather-like material with a slight sheen. There are no visible boning, lining, or additional trims beyond the buttons and the subtle texture of the fabric. as shown in the reference image. Strictly keep the same face, body measurements, hair color, eye directions, exact foot wear, same accessories and preserve strict body pose. Preserve the exact subject scale and framing from the original image; do not zoom, crop, or change camera distance. Generate a hyper realistic virtual tryon. The final image is a full body shot.",success,,0.0,8.090791940689087,14.907258749008179
42,pexels-gaurav_-ranjitkar-3554799-7369454.jpg,https://glamifydevstorage.blob.core.windows.net/wardrobe-outputs/d25297dc-741d-4d8b-881d-7b3f93e40f26.png,https://glamifydevstorage.blob.core.windows.net/wardrobe-outputs/d60091be-cffe-4e1f-a7de-e8e98637521d.png,https://glamifydevstorage.blob.core.windows.net/wardrobe-outputs/1e1009b9-21cf-42aa-8ec5-d65e65622acb.png,"This garment is a fitted, short-sleeved dress with a structured bodice and a short skirt. The bodice features a sweetheart neckline with a central vertical seam that extends down the front, flanked by two angled seams converging at the waist, creating a corset-like silhouette. The front closure consists of five large, round, gold-toned buttons arranged vertically along the central seam. The sleeves are short and capped, with a slight flare at the hem, and are attached to the bodice with shoulder seams that extend from the neckline to the sleeve cap. The shoulder layout includes a square neckline with a straight upper edge, bordered by a narrow band of fabric that forms a slight V-shape at the center front. The waist transition is defined by a series of vertical seams that contour the torso, enhancing the fitted shape. The skirt is constructed from the same material as the bodice, with a smooth, continuous flow from the waist to the hem, which ends above the knee. The fabric exhibits a textured pattern resembling reptile skin, with visible grain lines running vertically along the bodice and skirt. The dress appears to be made from a structured, possibly leather-like material with a slight sheen. There are no visible boning, lining, or additional trims beyond the buttons and the subtle texture of the fabric.",dress,A young woman with black long smooth hair and slim body build.,"TRYON A young woman with black long smooth hair and slim body build. Replace the entire outfit completely with This garment is a fitted, short-sleeved dress with a structured bodice and a short skirt. The bodice features a sweetheart neckline with a central vertical seam that extends down the front, flanked by two angled seams converging at the waist, creating a corset-like silhouette. The front closure consists of five large, round, gold-toned buttons arranged vertically along the central seam. The sleeves are short and capped, with a slight flare at the hem, and are attached to the bodice with shoulder seams that extend from the neckline to the sleeve cap. The shoulder layout includes a square neckline with a straight upper edge, bordered by a narrow band of fabric that forms a slight V-shape at the center front. The waist transition is defined by a series of vertical seams that contour the torso, enhancing the fitted shape. The skirt is constructed from the same material as the bodice, with a smooth, continuous flow from the waist to the hem, which ends above the knee. The fabric exhibits a textured pattern resembling reptile skin, with visible grain lines running vertically along the bodice and skirt. The dress appears to be made from a structured, possibly leather-like material with a slight sheen. There are no visible boning, lining, or additional trims beyond the buttons and the subtle texture of the fabric. as shown in the reference image. Strictly keep the same face, body measurements, hair color, eye directions, exact foot wear, same accessories and preserve strict body pose. Preserve the exact subject scale and framing from the original image; do not zoom, crop, or change camera distance. Generate a hyper realistic virtual tryon. The final image is a full body shot.",success,,0.0,7.7553863525390625,13.695719480514526
43,pexels-godric-19483672.jpg,https://glamifydevstorage.blob.core.windows.net/wardrobe-outputs/ff2a515a-4b0f-4bab-828d-ca8f126e44c5.png,https://glamifydevstorage.blob.core.windows.net/wardrobe-outputs/5c413889-0771-434e-8a1e-b54e90f4a79c.png,https://glamifydevstorage.blob.core.windows.net/wardrobe-outputs/1e1009b9-21cf-42aa-8ec5-d65e65622acb.png,"This garment is a fitted, short-sleeved dress with a structured bodice and a short skirt. The bodice features a sweetheart neckline with a central vertical seam that extends down the front, flanked by two angled seams converging at the waist, creating a corset-like silhouette. The front closure consists of five large, round, gold-toned buttons arranged vertically along the central seam. The sleeves are short and capped, with a slight flare at the hem, and are attached to the bodice with shoulder seams that extend from the neckline to the sleeve cap. The shoulder layout includes a square neckline with a straight upper edge, bordered by a narrow band of fabric that forms a slight V-shape at the center front. The waist transition is defined by a series of vertical seams that contour the torso, enhancing the fitted shape. The skirt is constructed from the same material as the bodice, with a smooth, continuous flow from the waist to the hem, which ends above the knee. The fabric exhibits a textured pattern resembling reptile skin, with visible grain lines running vertically along the bodice and skirt. The dress appears to be made from a structured, possibly leather-like material with a slight sheen. There are no visible boning, lining, or additional trims beyond the buttons and the subtle texture of the fabric.",dress,A young woman with black long smooth hair and slim body build.,"TRYON A young woman with black long smooth hair and slim body build. Replace the entire outfit completely with This garment is a fitted, short-sleeved dress with a structured bodice and a short skirt. The bodice features a sweetheart neckline with a central vertical seam that extends down the front, flanked by two angled seams converging at the waist, creating a corset-like silhouette. The front closure consists of five large, round, gold-toned buttons arranged vertically along the central seam. The sleeves are short and capped, with a slight flare at the hem, and are attached to the bodice with shoulder seams that extend from the neckline to the sleeve cap. The shoulder layout includes a square neckline with a straight upper edge, bordered by a narrow band of fabric that forms a slight V-shape at the center front. The waist transition is defined by a series of vertical seams that contour the torso, enhancing the fitted shape. The skirt is constructed from the same material as the bodice, with a smooth, continuous flow from the waist to the hem, which ends above the knee. The fabric exhibits a textured pattern resembling reptile skin, with visible grain lines running vertically along the bodice and skirt. The dress appears to be made from a structured, possibly leather-like material with a slight sheen. There are no visible boning, lining, or additional trims beyond the buttons and the subtle texture of the fabric. as shown in the reference image. Strictly keep the same face, body measurements, hair color, eye directions, exact foot wear, same accessories and preserve strict body pose. Preserve the exact subject scale and framing from the original image; do not zoom, crop, or change camera distance. Generate a hyper realistic virtual tryon. The final image is a full body shot.",success,,0.0,7.951068878173828,13.813547611236572
44,pexels-heitorverdifotos-4118738.jpg,https://glamifydevstorage.blob.core.windows.net/wardrobe-outputs/afff6877-467f-4d7e-b9df-7a609e3cd9d9.png,https://glamifydevstorage.blob.core.windows.net/wardrobe-outputs/142ed8c6-a720-4c44-846a-6ff9e0a7bdd1.png,https://glamifydevstorage.blob.core.windows.net/wardrobe-outputs/1e1009b9-21cf-42aa-8ec5-d65e65622acb.png,"This garment is a fitted, short-sleeved dress with a structured bodice and a short skirt. The bodice features a sweetheart neckline with a central vertical seam that extends down the front, flanked by two angled seams converging at the waist, creating a corset-like silhouette. The front closure consists of five large, round, gold-toned buttons arranged vertically along the central seam. The sleeves are short and capped, with a slight flare at the hem, and are attached to the bodice with shoulder seams that extend from the neckline to the sleeve cap. The shoulder layout includes a square neckline with a straight upper edge, bordered by a narrow band of fabric that forms a slight V-shape at the center front. The waist transition is defined by a series of vertical seams that contour the torso, enhancing the fitted shape. The skirt is constructed from the same material as the bodice, with a smooth, continuous flow from the waist to the hem, which ends above the knee. The fabric exhibits a textured pattern resembling reptile skin, with visible grain lines running vertically along the bodice and skirt. The dress appears to be made from a structured, possibly leather-like material with a slight sheen. There are no visible boning, lining, or additional trims beyond the buttons and the subtle texture of the fabric.",dress,A young girl with brown long wavy hair and slim body build.,"TRYON A young girl with brown long wavy hair and slim body build. Replace the entire outfit completely with This garment is a fitted, short-sleeved dress with a structured bodice and a short skirt. The bodice features a sweetheart neckline with a central vertical seam that extends down the front, flanked by two angled seams converging at the waist, creating a corset-like silhouette. The front closure consists of five large, round, gold-toned buttons arranged vertically along the central seam. The sleeves are short and capped, with a slight flare at the hem, and are attached to the bodice with shoulder seams that extend from the neckline to the sleeve cap. The shoulder layout includes a square neckline with a straight upper edge, bordered by a narrow band of fabric that forms a slight V-shape at the center front. The waist transition is defined by a series of vertical seams that contour the torso, enhancing the fitted shape. The skirt is constructed from the same material as the bodice, with a smooth, continuous flow from the waist to the hem, which ends above the knee. The fabric exhibits a textured pattern resembling reptile skin, with visible grain lines running vertically along the bodice and skirt. The dress appears to be made from a structured, possibly leather-like material with a slight sheen. There are no visible boning, lining, or additional trims beyond the buttons and the subtle texture of the fabric. as shown in the reference image. Strictly keep the same face, body measurements, hair color, eye directions, exact foot wear, same accessories and preserve strict body pose. Preserve the exact subject scale and framing from the original image; do not zoom, crop, or change camera distance. Generate a hyper realistic virtual tryon. The final image is a full body shot.",success,,0.0,8.095853328704834,14.099104404449463
45,pexels-high-rollick-studio-553091901-17471951.jpg,https://glamifydevstorage.blob.core.windows.net/wardrobe-outputs/6e37e9ef-255f-4c9f-b058-b8b11c9e113a.png,https://glamifydevstorage.blob.core.windows.net/wardrobe-outputs/df22f30f-d0ca-47d5-a0be-3402d8fc1581.png,https://glamifydevstorage.blob.core.windows.net/wardrobe-outputs/1e1009b9-21cf-42aa-8ec5-d65e65622acb.png,"This garment is a fitted, short-sleeved dress with a structured bodice and a short skirt. The bodice features a sweetheart neckline with a central vertical seam that extends down the front, flanked by two angled seams converging at the waist, creating a corset-like silhouette. The front closure consists of five large, round, gold-toned buttons arranged vertically along the central seam. The sleeves are short and capped, with a slight flare at the hem, and are attached to the bodice with shoulder seams that extend from the neckline to the sleeve cap. The shoulder layout includes a square neckline with a straight upper edge, bordered by a narrow band of fabric that forms a slight V-shape at the center front. The waist transition is defined by a series of vertical seams that contour the torso, enhancing the fitted shape. The skirt is constructed from the same material as the bodice, with a smooth, continuous flow from the waist to the hem, which ends above the knee. The fabric exhibits a textured pattern resembling reptile skin, with visible grain lines running vertically along the bodice and skirt. The dress appears to be made from a structured, possibly leather-like material with a slight sheen. There are no visible boning, lining, or additional trims beyond the buttons and the subtle texture of the fabric.",dress,An adult woman with black long smooth hair and slim body build.,"TRYON An adult woman with black long smooth hair and slim body build. Replace the entire outfit completely with This garment is a fitted, short-sleeved dress with a structured bodice and a short skirt. The bodice features a sweetheart neckline with a central vertical seam that extends down the front, flanked by two angled seams converging at the waist, creating a corset-like silhouette. The front closure consists of five large, round, gold-toned buttons arranged vertically along the central seam. The sleeves are short and capped, with a slight flare at the hem, and are attached to the bodice with shoulder seams that extend from the neckline to the sleeve cap. The shoulder layout includes a square neckline with a straight upper edge, bordered by a narrow band of fabric that forms a slight V-shape at the center front. The waist transition is defined by a series of vertical seams that contour the torso, enhancing the fitted shape. The skirt is constructed from the same material as the bodice, with a smooth, continuous flow from the waist to the hem, which ends above the knee. The fabric exhibits a textured pattern resembling reptile skin, with visible grain lines running vertically along the bodice and skirt. The dress appears to be made from a structured, possibly leather-like material with a slight sheen. There are no visible boning, lining, or additional trims beyond the buttons and the subtle texture of the fabric. as shown in the reference image. Strictly keep the same face, body measurements, hair color, eye directions, exact foot wear, same accessories and preserve strict body pose. Preserve the exact subject scale and framing from the original image; do not zoom, crop, or change camera distance. Generate a hyper realistic virtual tryon. The final image is a full body shot.",success,,0.0,8.095496416091919,14.136310815811157
46,pexels-high-rollick-studio-553091901-32504521.jpg,https://glamifydevstorage.blob.core.windows.net/wardrobe-outputs/22a4b084-d67a-479a-99da-b9858a93df54.png,https://glamifydevstorage.blob.core.windows.net/wardrobe-outputs/4dac849d-9a08-43e5-9c20-699b0745e525.png,https://glamifydevstorage.blob.core.windows.net/wardrobe-outputs/1e1009b9-21cf-42aa-8ec5-d65e65622acb.png,"This garment is a fitted, short-sleeved dress with a structured bodice and a short skirt. The bodice features a sweetheart neckline with a central vertical seam that extends down the front, flanked by two angled seams converging at the waist, creating a corset-like silhouette. The front closure consists of five large, round, gold-toned buttons arranged vertically along the central seam. The sleeves are short and capped, with a slight flare at the hem, and are attached to the bodice with shoulder seams that extend from the neckline to the sleeve cap. The shoulder layout includes a square neckline with a straight upper edge, bordered by a narrow band of fabric that forms a slight V-shape at the center front. The waist transition is defined by a series of vertical seams that contour the torso, enhancing the fitted shape. The skirt is constructed from the same material as the bodice, with a smooth, continuous flow from the waist to the hem, which ends above the knee. The fabric exhibits a textured pattern resembling reptile skin, with visible grain lines running vertically along the bodice and skirt. The dress appears to be made from a structured, possibly leather-like material with a slight sheen. There are no visible boning, lining, or additional trims beyond the buttons and the subtle texture of the fabric.",dress,An adult woman with black long smooth hair and average body build.,"TRYON An adult woman with black long smooth hair and average body build. Replace the entire outfit completely with This garment is a fitted, short-sleeved dress with a structured bodice and a short skirt. The bodice features a sweetheart neckline with a central vertical seam that extends down the front, flanked by two angled seams converging at the waist, creating a corset-like silhouette. The front closure consists of five large, round, gold-toned buttons arranged vertically along the central seam. The sleeves are short and capped, with a slight flare at the hem, and are attached to the bodice with shoulder seams that extend from the neckline to the sleeve cap. The shoulder layout includes a square neckline with a straight upper edge, bordered by a narrow band of fabric that forms a slight V-shape at the center front. The waist transition is defined by a series of vertical seams that contour the torso, enhancing the fitted shape. The skirt is constructed from the same material as the bodice, with a smooth, continuous flow from the waist to the hem, which ends above the knee. The fabric exhibits a textured pattern resembling reptile skin, with visible grain lines running vertically along the bodice and skirt. The dress appears to be made from a structured, possibly leather-like material with a slight sheen. There are no visible boning, lining, or additional trims beyond the buttons and the subtle texture of the fabric. as shown in the reference image. Strictly keep the same face, body measurements, hair color, eye directions, exact foot wear, same accessories and preserve strict body pose. Preserve the exact subject scale and framing from the original image; do not zoom, crop, or change camera distance. Generate a hyper realistic virtual tryon. The final image is a full body shot.",success,,0.0,8.094703912734985,14.84588885307312
47,pexels-hson-4603385.jpg,https://glamifydevstorage.blob.core.windows.net/wardrobe-outputs/044b5fe6-4b6a-4ceb-8f00-59a64d36feae.png,https://glamifydevstorage.blob.core.windows.net/wardrobe-outputs/95c17352-a829-4316-a329-5f6ac0c35b61.png,https://glamifydevstorage.blob.core.windows.net/wardrobe-outputs/1e1009b9-21cf-42aa-8ec5-d65e65622acb.png,"This garment is a fitted, short-sleeved dress with a structured bodice and a short skirt. The bodice features a sweetheart neckline with a central vertical seam that extends down the front, flanked by two angled seams converging at the waist, creating a corset-like silhouette. The front closure consists of five large, round, gold-toned buttons arranged vertically along the central seam. The sleeves are short and capped, with a slight flare at the hem, and are attached to the bodice with shoulder seams that extend from the neckline to the sleeve cap. The shoulder layout includes a square neckline with a straight upper edge, bordered by a narrow band of fabric that forms a slight V-shape at the center front. The waist transition is defined by a series of vertical seams that contour the torso, enhancing the fitted shape. The skirt is constructed from the same material as the bodice, with a smooth, continuous flow from the waist to the hem, which ends above the knee. The fabric exhibits a textured pattern resembling reptile skin, with visible grain lines running vertically along the bodice and skirt. The dress appears to be made from a structured, possibly leather-like material with a slight sheen. There are no visible boning, lining, or additional trims beyond the buttons and the subtle texture of the fabric.",dress,A young woman with slim body build.,"TRYON A young woman with slim body build. Replace the entire outfit completely with This garment is a fitted, short-sleeved dress with a structured bodice and a short skirt. The bodice features a sweetheart neckline with a central vertical seam that extends down the front, flanked by two angled seams converging at the waist, creating a corset-like silhouette. The front closure consists of five large, round, gold-toned buttons arranged vertically along the central seam. The sleeves are short and capped, with a slight flare at the hem, and are attached to the bodice with shoulder seams that extend from the neckline to the sleeve cap. The shoulder layout includes a square neckline with a straight upper edge, bordered by a narrow band of fabric that forms a slight V-shape at the center front. The waist transition is defined by a series of vertical seams that contour the torso, enhancing the fitted shape. The skirt is constructed from the same material as the bodice, with a smooth, continuous flow from the waist to the hem, which ends above the knee. The fabric exhibits a textured pattern resembling reptile skin, with visible grain lines running vertically along the bodice and skirt. The dress appears to be made from a structured, possibly leather-like material with a slight sheen. There are no visible boning, lining, or additional trims beyond the buttons and the subtle texture of the fabric. as shown in the reference image. Strictly keep the same face, body measurements, hair color, eye directions, exact foot wear, same accessories and preserve strict body pose. Preserve the exact subject scale and framing from the original image; do not zoom, crop, or change camera distance. Generate a hyper realistic virtual tryon. The final image is a full body shot.",success,,0.0,8.095664501190186,14.833896160125732
48,pexels-ionela-mat-268382825-32514275.jpg,https://glamifydevstorage.blob.core.windows.net/wardrobe-outputs/c72ac281-02fd-419d-9f44-625fc443f37b.png,https://glamifydevstorage.blob.core.windows.net/wardrobe-outputs/6fc4c489-c423-4c72-ac33-5af69230995b.png,https://glamifydevstorage.blob.core.windows.net/wardrobe-outputs/1e1009b9-21cf-42aa-8ec5-d65e65622acb.png,"This garment is a fitted, short-sleeved dress with a structured bodice and a short skirt. The bodice features a sweetheart neckline with a central vertical seam that extends down the front, flanked by two angled seams converging at the waist, creating a corset-like silhouette. The front closure consists of five large, round, gold-toned buttons arranged vertically along the central seam. The sleeves are short and capped, with a slight flare at the hem, and are attached to the bodice with shoulder seams that extend from the neckline to the sleeve cap. The shoulder layout includes a square neckline with a straight upper edge, bordered by a narrow band of fabric that forms a slight V-shape at the center front. The waist transition is defined by a series of vertical seams that contour the torso, enhancing the fitted shape. The skirt is constructed from the same material as the bodice, with a smooth, continuous flow from the waist to the hem, which ends above the knee. The fabric exhibits a textured pattern resembling reptile skin, with visible grain lines running vertically along the bodice and skirt. The dress appears to be made from a structured, possibly leather-like material with a slight sheen. There are no visible boning, lining, or additional trims beyond the buttons and the subtle texture of the fabric.",dress,An adult woman with brown long wavy hair and average body build.,"TRYON An adult woman with brown long wavy hair and average body build. Replace the entire outfit completely with This garment is a fitted, short-sleeved dress with a structured bodice and a short skirt. The bodice features a sweetheart neckline with a central vertical seam that extends down the front, flanked by two angled seams converging at the waist, creating a corset-like silhouette. The front closure consists of five large, round, gold-toned buttons arranged vertically along the central seam. The sleeves are short and capped, with a slight flare at the hem, and are attached to the bodice with shoulder seams that extend from the neckline to the sleeve cap. The shoulder layout includes a square neckline with a straight upper edge, bordered by a narrow band of fabric that forms a slight V-shape at the center front. The waist transition is defined by a series of vertical seams that contour the torso, enhancing the fitted shape. The skirt is constructed from the same material as the bodice, with a smooth, continuous flow from the waist to the hem, which ends above the knee. The fabric exhibits a textured pattern resembling reptile skin, with visible grain lines running vertically along the bodice and skirt. The dress appears to be made from a structured, possibly leather-like material with a slight sheen. There are no visible boning, lining, or additional trims beyond the buttons and the subtle texture of the fabric. as shown in the reference image. Strictly keep the same face, body measurements, hair color, eye directions, exact foot wear, same accessories and preserve strict body pose. Preserve the exact subject scale and framing from the original image; do not zoom, crop, or change camera distance. Generate a hyper realistic virtual tryon. The final image is a full body shot.",success,,0.0,8.094440221786499,14.002793312072754
49,pexels-israelzin-7644658.jpg,https://glamifydevstorage.blob.core.windows.net/wardrobe-outputs/a814d3f6-0456-4ada-a5f2-12b929a94ed9.png,https://glamifydevstorage.blob.core.windows.net/wardrobe-outputs/05dd89fc-06eb-4c14-be0d-74b5d54893d0.png,https://glamifydevstorage.blob.core.windows.net/wardrobe-outputs/1e1009b9-21cf-42aa-8ec5-d65e65622acb.png,"This garment is a fitted, short-sleeved dress with a structured bodice and a short skirt. The bodice features a sweetheart neckline with a central vertical seam that extends down the front, flanked by two angled seams converging at the waist, creating a corset-like silhouette. The front closure consists of five large, round, gold-toned buttons arranged vertically along the central seam. The sleeves are short and capped, with a slight flare at the hem, and are attached to the bodice with shoulder seams that extend from the neckline to the sleeve cap. The shoulder layout includes a square neckline with a straight upper edge, bordered by a narrow band of fabric that forms a slight V-shape at the center front. The waist transition is defined by a series of vertical seams that contour the torso, enhancing the fitted shape. The skirt is constructed from the same material as the bodice, with a smooth, continuous flow from the waist to the hem, which ends above the knee. The fabric exhibits a textured pattern resembling reptile skin, with visible grain lines running vertically along the bodice and skirt. The dress appears to be made from a structured, possibly leather-like material with a slight sheen. There are no visible boning, lining, or additional trims beyond the buttons and the subtle texture of the fabric.",dress,A young woman with red long curly hair and average body build.,"TRYON A young woman with red long curly hair and average body build. Replace the entire outfit completely with This garment is a fitted, short-sleeved dress with a structured bodice and a short skirt. The bodice features a sweetheart neckline with a central vertical seam that extends down the front, flanked by two angled seams converging at the waist, creating a corset-like silhouette. The front closure consists of five large, round, gold-toned buttons arranged vertically along the central seam. The sleeves are short and capped, with a slight flare at the hem, and are attached to the bodice with shoulder seams that extend from the neckline to the sleeve cap. The shoulder layout includes a square neckline with a straight upper edge, bordered by a narrow band of fabric that forms a slight V-shape at the center front. The waist transition is defined by a series of vertical seams that contour the torso, enhancing the fitted shape. The skirt is constructed from the same material as the bodice, with a smooth, continuous flow from the waist to the hem, which ends above the knee. The fabric exhibits a textured pattern resembling reptile skin, with visible grain lines running vertically along the bodice and skirt. The dress appears to be made from a structured, possibly leather-like material with a slight sheen. There are no visible boning, lining, or additional trims beyond the buttons and the subtle texture of the fabric. as shown in the reference image. Strictly keep the same face, body measurements, hair color, eye directions, exact foot wear, same accessories and preserve strict body pose. Preserve the exact subject scale and framing from the original image; do not zoom, crop, or change camera distance. Generate a hyper realistic virtual tryon. The final image is a full body shot.",success,,0.0,8.094107389450073,14.605453491210938
50,pexels-israwmx-19899310.jpg,https://glamifydevstorage.blob.core.windows.net/wardrobe-outputs/286b9be2-ee74-49d9-b820-1c780062f88f.png,https://glamifydevstorage.blob.core.windows.net/wardrobe-outputs/1fc248f7-8205-4699-ae02-426c8b465598.png,https://glamifydevstorage.blob.core.windows.net/wardrobe-outputs/1e1009b9-21cf-42aa-8ec5-d65e65622acb.png,"This garment is a fitted, short-sleeved dress with a structured bodice and a short skirt. The bodice features a sweetheart neckline with a central vertical seam that extends down the front, flanked by two angled seams converging at the waist, creating a corset-like silhouette. The front closure consists of five large, round, gold-toned buttons arranged vertically along the central seam. The sleeves are short and capped, with a slight flare at the hem, and are attached to the bodice with shoulder seams that extend from the neckline to the sleeve cap. The shoulder layout includes a square neckline with a straight upper edge, bordered by a narrow band of fabric that forms a slight V-shape at the center front. The waist transition is defined by a series of vertical seams that contour the torso, enhancing the fitted shape. The skirt is constructed from the same material as the bodice, with a smooth, continuous flow from the waist to the hem, which ends above the knee. The fabric exhibits a textured pattern resembling reptile skin, with visible grain lines running vertically along the bodice and skirt. The dress appears to be made from a structured, possibly leather-like material with a slight sheen. There are no visible boning, lining, or additional trims beyond the buttons and the subtle texture of the fabric.",dress,An adult woman with black long smooth hair and slim body build.,"TRYON An adult woman with black long smooth hair and slim body build. Replace the entire outfit completely with This garment is a fitted, short-sleeved dress with a structured bodice and a short skirt. The bodice features a sweetheart neckline with a central vertical seam that extends down the front, flanked by two angled seams converging at the waist, creating a corset-like silhouette. The front closure consists of five large, round, gold-toned buttons arranged vertically along the central seam. The sleeves are short and capped, with a slight flare at the hem, and are attached to the bodice with shoulder seams that extend from the neckline to the sleeve cap. The shoulder layout includes a square neckline with a straight upper edge, bordered by a narrow band of fabric that forms a slight V-shape at the center front. The waist transition is defined by a series of vertical seams that contour the torso, enhancing the fitted shape. The skirt is constructed from the same material as the bodice, with a smooth, continuous flow from the waist to the hem, which ends above the knee. The fabric exhibits a textured pattern resembling reptile skin, with visible grain lines running vertically along the bodice and skirt. The dress appears to be made from a structured, possibly leather-like material with a slight sheen. There are no visible boning, lining, or additional trims beyond the buttons and the subtle texture of the fabric. as shown in the reference image. Strictly keep the same face, body measurements, hair color, eye directions, exact foot wear, same accessories and preserve strict body pose. Preserve the exact subject scale and framing from the original image; do not zoom, crop, or change camera distance. Generate a hyper realistic virtual tryon. The final image is a full body shot.",success,,0.0,8.096845149993896,14.087571859359741
51,pexels-israwmx-19899329.jpg,https://glamifydevstorage.blob.core.windows.net/wardrobe-outputs/867ba6af-90ce-421d-b949-4aaea70ec69c.png,https://glamifydevstorage.blob.core.windows.net/wardrobe-outputs/49216469-07a4-4991-8f73-b48e08a812cc.png,https://glamifydevstorage.blob.core.windows.net/wardrobe-outputs/1e1009b9-21cf-42aa-8ec5-d65e65622acb.png,"This garment is a fitted, short-sleeved dress with a structured bodice and a short skirt. The bodice features a sweetheart neckline with a central vertical seam that extends down the front, flanked by two angled seams converging at the waist, creating a corset-like silhouette. The front closure consists of five large, round, gold-toned buttons arranged vertically along the central seam. The sleeves are short and capped, with a slight flare at the hem, and are attached to the bodice with shoulder seams that extend from the neckline to the sleeve cap. The shoulder layout includes a square neckline with a straight upper edge, bordered by a narrow band of fabric that forms a slight V-shape at the center front. The waist transition is defined by a series of vertical seams that contour the torso, enhancing the fitted shape. The skirt is constructed from the same material as the bodice, with a smooth, continuous flow from the waist to the hem, which ends above the knee. The fabric exhibits a textured pattern resembling reptile skin, with visible grain lines running vertically along the bodice and skirt. The dress appears to be made from a structured, possibly leather-like material with a slight sheen. There are no visible boning, lining, or additional trims beyond the buttons and the subtle texture of the fabric.",dress,An adult woman with black shoulder-length smooth hair and average body build.,"TRYON An adult woman with black shoulder-length smooth hair and average body build. Replace the entire outfit completely with This garment is a fitted, short-sleeved dress with a structured bodice and a short skirt. The bodice features a sweetheart neckline with a central vertical seam that extends down the front, flanked by two angled seams converging at the waist, creating a corset-like silhouette. The front closure consists of five large, round, gold-toned buttons arranged vertically along the central seam. The sleeves are short and capped, with a slight flare at the hem, and are attached to the bodice with shoulder seams that extend from the neckline to the sleeve cap. The shoulder layout includes a square neckline with a straight upper edge, bordered by a narrow band of fabric that forms a slight V-shape at the center front. The waist transition is defined by a series of vertical seams that contour the torso, enhancing the fitted shape. The skirt is constructed from the same material as the bodice, with a smooth, continuous flow from the waist to the hem, which ends above the knee. The fabric exhibits a textured pattern resembling reptile skin, with visible grain lines running vertically along the bodice and skirt. The dress appears to be made from a structured, possibly leather-like material with a slight sheen. There are no visible boning, lining, or additional trims beyond the buttons and the subtle texture of the fabric. as shown in the reference image. Strictly keep the same face, body measurements, hair color, eye directions, exact foot wear, same accessories and preserve strict body pose. Preserve the exact subject scale and framing from the original image; do not zoom, crop, or change camera distance. Generate a hyper realistic virtual tryon. The final image is a full body shot.",success,,0.0,9.06359314918518,15.691523551940918
52,pexels-israwmx-28386385.jpg,https://glamifydevstorage.blob.core.windows.net/wardrobe-outputs/cc58bc95-eb15-4f67-b459-a1ff4a325cba.png,https://glamifydevstorage.blob.core.windows.net/wardrobe-outputs/ab87dc72-bf6a-439f-bed8-8a2680757700.png,https://glamifydevstorage.blob.core.windows.net/wardrobe-outputs/1e1009b9-21cf-42aa-8ec5-d65e65622acb.png,"This garment is a fitted, short-sleeved dress with a structured bodice and a short skirt. The bodice features a sweetheart neckline with a central vertical seam that extends down the front, flanked by two angled seams converging at the waist, creating a corset-like silhouette. The front closure consists of five large, round, gold-toned buttons arranged vertically along the central seam. The sleeves are short and capped, with a slight flare at the hem, and are attached to the bodice with shoulder seams that extend from the neckline to the sleeve cap. The shoulder layout includes a square neckline with a straight upper edge, bordered by a narrow band of fabric that forms a slight V-shape at the center front. The waist transition is defined by a series of vertical seams that contour the torso, enhancing the fitted shape. The skirt is constructed from the same material as the bodice, with a smooth, continuous flow from the waist to the hem, which ends above the knee. The fabric exhibits a textured pattern resembling reptile skin, with visible grain lines running vertically along the bodice and skirt. The dress appears to be made from a structured, possibly leather-like material with a slight sheen. There are no visible boning, lining, or additional trims beyond the buttons and the subtle texture of the fabric.",dress,A young woman with blonde long smooth hair and slim body build.,"TRYON A young woman with blonde long smooth hair and slim body build. Replace the entire outfit completely with This garment is a fitted, short-sleeved dress with a structured bodice and a short skirt. The bodice features a sweetheart neckline with a central vertical seam that extends down the front, flanked by two angled seams converging at the waist, creating a corset-like silhouette. The front closure consists of five large, round, gold-toned buttons arranged vertically along the central seam. The sleeves are short and capped, with a slight flare at the hem, and are attached to the bodice with shoulder seams that extend from the neckline to the sleeve cap. The shoulder layout includes a square neckline with a straight upper edge, bordered by a narrow band of fabric that forms a slight V-shape at the center front. The waist transition is defined by a series of vertical seams that contour the torso, enhancing the fitted shape. The skirt is constructed from the same material as the bodice, with a smooth, continuous flow from the waist to the hem, which ends above the knee. The fabric exhibits a textured pattern resembling reptile skin, with visible grain lines running vertically along the bodice and skirt. The dress appears to be made from a structured, possibly leather-like material with a slight sheen. There are no visible boning, lining, or additional trims beyond the buttons and the subtle texture of the fabric. as shown in the reference image. Strictly keep the same face, body measurements, hair color, eye directions, exact foot wear, same accessories and preserve strict body pose. Preserve the exact subject scale and framing from the original image; do not zoom, crop, or change camera distance. Generate a hyper realistic virtual tryon. The final image is a full body shot.",success,,0.0,8.097301006317139,14.344566583633423
53,pexels-jeff-denlea-721292-5802945.jpg,https://glamifydevstorage.blob.core.windows.net/wardrobe-outputs/52439cae-bff8-479e-ae9f-5247273d56d5.png,https://glamifydevstorage.blob.core.windows.net/wardrobe-outputs/6c3f946a-9dfc-4bbb-af72-ade8bc41ac1c.png,https://glamifydevstorage.blob.core.windows.net/wardrobe-outputs/1e1009b9-21cf-42aa-8ec5-d65e65622acb.png,"This garment is a fitted, short-sleeved dress with a structured bodice and a short skirt. The bodice features a sweetheart neckline with a central vertical seam that extends down the front, flanked by two angled seams converging at the waist, creating a corset-like silhouette. The front closure consists of five large, round, gold-toned buttons arranged vertically along the central seam. The sleeves are short and capped, with a slight flare at the hem, and are attached to the bodice with shoulder seams that extend from the neckline to the sleeve cap. The shoulder layout includes a square neckline with a straight upper edge, bordered by a narrow band of fabric that forms a slight V-shape at the center front. The waist transition is defined by a series of vertical seams that contour the torso, enhancing the fitted shape. The skirt is constructed from the same material as the bodice, with a smooth, continuous flow from the waist to the hem, which ends above the knee. The fabric exhibits a textured pattern resembling reptile skin, with visible grain lines running vertically along the bodice and skirt. The dress appears to be made from a structured, possibly leather-like material with a slight sheen. There are no visible boning, lining, or additional trims beyond the buttons and the subtle texture of the fabric.",dress,An adult woman with blonde long curly hair and average body build.,"TRYON An adult woman with blonde long curly hair and average body build. Replace the entire outfit completely with This garment is a fitted, short-sleeved dress with a structured bodice and a short skirt. The bodice features a sweetheart neckline with a central vertical seam that extends down the front, flanked by two angled seams converging at the waist, creating a corset-like silhouette. The front closure consists of five large, round, gold-toned buttons arranged vertically along the central seam. The sleeves are short and capped, with a slight flare at the hem, and are attached to the bodice with shoulder seams that extend from the neckline to the sleeve cap. The shoulder layout includes a square neckline with a straight upper edge, bordered by a narrow band of fabric that forms a slight V-shape at the center front. The waist transition is defined by a series of vertical seams that contour the torso, enhancing the fitted shape. The skirt is constructed from the same material as the bodice, with a smooth, continuous flow from the waist to the hem, which ends above the knee. The fabric exhibits a textured pattern resembling reptile skin, with visible grain lines running vertically along the bodice and skirt. The dress appears to be made from a structured, possibly leather-like material with a slight sheen. There are no visible boning, lining, or additional trims beyond the buttons and the subtle texture of the fabric. as shown in the reference image. Strictly keep the same face, body measurements, hair color, eye directions, exact foot wear, same accessories and preserve strict body pose. Preserve the exact subject scale and framing from the original image; do not zoom, crop, or change camera distance. Generate a hyper realistic virtual tryon. The final image is a full body shot.",success,,0.0,8.094541788101196,14.124463558197021
54,pexels-jonathan-oliveira-1317356342-27795483.jpg,https://glamifydevstorage.blob.core.windows.net/wardrobe-outputs/b3e1a44f-bfdf-4337-b2bf-893bd65b37df.png,https://glamifydevstorage.blob.core.windows.net/wardrobe-outputs/ce22a1c4-194a-453e-9a5a-06ed7d20fcc9.png,https://glamifydevstorage.blob.core.windows.net/wardrobe-outputs/1e1009b9-21cf-42aa-8ec5-d65e65622acb.png,"This garment is a fitted, short-sleeved dress with a structured bodice and a short skirt. The bodice features a sweetheart neckline with a central vertical seam that extends down the front, flanked by two angled seams converging at the waist, creating a corset-like silhouette. The front closure consists of five large, round, gold-toned buttons arranged vertically along the central seam. The sleeves are short and capped, with a slight flare at the hem, and are attached to the bodice with shoulder seams that extend from the neckline to the sleeve cap. The shoulder layout includes a square neckline with a straight upper edge, bordered by a narrow band of fabric that forms a slight V-shape at the center front. The waist transition is defined by a series of vertical seams that contour the torso, enhancing the fitted shape. The skirt is constructed from the same material as the bodice, with a smooth, continuous flow from the waist to the hem, which ends above the knee. The fabric exhibits a textured pattern resembling reptile skin, with visible grain lines running vertically along the bodice and skirt. The dress appears to be made from a structured, possibly leather-like material with a slight sheen. There are no visible boning, lining, or additional trims beyond the buttons and the subtle texture of the fabric.",dress,An adult woman with black short smooth hair and average body build.,"TRYON An adult woman with black short smooth hair and average body build. Replace the entire outfit completely with This garment is a fitted, short-sleeved dress with a structured bodice and a short skirt. The bodice features a sweetheart neckline with a central vertical seam that extends down the front, flanked by two angled seams converging at the waist, creating a corset-like silhouette. The front closure consists of five large, round, gold-toned buttons arranged vertically along the central seam. The sleeves are short and capped, with a slight flare at the hem, and are attached to the bodice with shoulder seams that extend from the neckline to the sleeve cap. The shoulder layout includes a square neckline with a straight upper edge, bordered by a narrow band of fabric that forms a slight V-shape at the center front. The waist transition is defined by a series of vertical seams that contour the torso, enhancing the fitted shape. The skirt is constructed from the same material as the bodice, with a smooth, continuous flow from the waist to the hem, which ends above the knee. The fabric exhibits a textured pattern resembling reptile skin, with visible grain lines running vertically along the bodice and skirt. The dress appears to be made from a structured, possibly leather-like material with a slight sheen. There are no visible boning, lining, or additional trims beyond the buttons and the subtle texture of the fabric. as shown in the reference image. Strictly keep the same face, body measurements, hair color, eye directions, exact foot wear, same accessories and preserve strict body pose. Preserve the exact subject scale and framing from the original image; do not zoom, crop, or change camera distance. Generate a hyper realistic virtual tryon. The final image is a full body shot.",success,,0.0,8.095900535583496,14.588954210281372
55,pexels-joseilson-de-lima-616574717-23602560.jpg,https://glamifydevstorage.blob.core.windows.net/wardrobe-outputs/2559b422-b659-4080-bfb4-136fff8b4e46.png,https://glamifydevstorage.blob.core.windows.net/wardrobe-outputs/61930233-7176-42bd-8020-69b0378b976f.png,https://glamifydevstorage.blob.core.windows.net/wardrobe-outputs/1e1009b9-21cf-42aa-8ec5-d65e65622acb.png,"This garment is a fitted, short-sleeved dress with a structured bodice and a short skirt. The bodice features a sweetheart neckline with a central vertical seam that extends down the front, flanked by two angled seams converging at the waist, creating a corset-like silhouette. The front closure consists of five large, round, gold-toned buttons arranged vertically along the central seam. The sleeves are short and capped, with a slight flare at the hem, and are attached to the bodice with shoulder seams that extend from the neckline to the sleeve cap. The shoulder layout includes a square neckline with a straight upper edge, bordered by a narrow band of fabric that forms a slight V-shape at the center front. The waist transition is defined by a series of vertical seams that contour the torso, enhancing the fitted shape. The skirt is constructed from the same material as the bodice, with a smooth, continuous flow from the waist to the hem, which ends above the knee. The fabric exhibits a textured pattern resembling reptile skin, with visible grain lines running vertically along the bodice and skirt. The dress appears to be made from a structured, possibly leather-like material with a slight sheen. There are no visible boning, lining, or additional trims beyond the buttons and the subtle texture of the fabric.",dress,An adult woman with black long curly hair and average body build.,"TRYON An adult woman with black long curly hair and average body build. Replace the entire outfit completely with This garment is a fitted, short-sleeved dress with a structured bodice and a short skirt. The bodice features a sweetheart neckline with a central vertical seam that extends down the front, flanked by two angled seams converging at the waist, creating a corset-like silhouette. The front closure consists of five large, round, gold-toned buttons arranged vertically along the central seam. The sleeves are short and capped, with a slight flare at the hem, and are attached to the bodice with shoulder seams that extend from the neckline to the sleeve cap. The shoulder layout includes a square neckline with a straight upper edge, bordered by a narrow band of fabric that forms a slight V-shape at the center front. The waist transition is defined by a series of vertical seams that contour the torso, enhancing the fitted shape. The skirt is constructed from the same material as the bodice, with a smooth, continuous flow from the waist to the hem, which ends above the knee. The fabric exhibits a textured pattern resembling reptile skin, with visible grain lines running vertically along the bodice and skirt. The dress appears to be made from a structured, possibly leather-like material with a slight sheen. There are no visible boning, lining, or additional trims beyond the buttons and the subtle texture of the fabric. as shown in the reference image. Strictly keep the same face, body measurements, hair color, eye directions, exact foot wear, same accessories and preserve strict body pose. Preserve the exact subject scale and framing from the original image; do not zoom, crop, or change camera distance. Generate a hyper realistic virtual tryon. The final image is a full body shot.",success,,0.0,7.756619930267334,13.84867811203003
56,pexels-juan-jesus-madrigal-herrera-1669649145-33708955.jpg,https://glamifydevstorage.blob.core.windows.net/wardrobe-outputs/3ab14fcb-4cf8-4c0e-b8c7-b23995713c1e.png,https://glamifydevstorage.blob.core.windows.net/wardrobe-outputs/a48ffb52-0ee8-4c8c-b7ac-70b883c0e268.png,https://glamifydevstorage.blob.core.windows.net/wardrobe-outputs/1e1009b9-21cf-42aa-8ec5-d65e65622acb.png,"This garment is a fitted, short-sleeved dress with a structured bodice and a short skirt. The bodice features a sweetheart neckline with a central vertical seam that extends down the front, flanked by two angled seams converging at the waist, creating a corset-like silhouette. The front closure consists of five large, round, gold-toned buttons arranged vertically along the central seam. The sleeves are short and capped, with a slight flare at the hem, and are attached to the bodice with shoulder seams that extend from the neckline to the sleeve cap. The shoulder layout includes a square neckline with a straight upper edge, bordered by a narrow band of fabric that forms a slight V-shape at the center front. The waist transition is defined by a series of vertical seams that contour the torso, enhancing the fitted shape. The skirt is constructed from the same material as the bodice, with a smooth, continuous flow from the waist to the hem, which ends above the knee. The fabric exhibits a textured pattern resembling reptile skin, with visible grain lines running vertically along the bodice and skirt. The dress appears to be made from a structured, possibly leather-like material with a slight sheen. There are no visible boning, lining, or additional trims beyond the buttons and the subtle texture of the fabric.",dress,An adult woman with red long curly hair and average body build.,"TRYON An adult woman with red long curly hair and average body build. Replace the entire outfit completely with This garment is a fitted, short-sleeved dress with a structured bodice and a short skirt. The bodice features a sweetheart neckline with a central vertical seam that extends down the front, flanked by two angled seams converging at the waist, creating a corset-like silhouette. The front closure consists of five large, round, gold-toned buttons arranged vertically along the central seam. The sleeves are short and capped, with a slight flare at the hem, and are attached to the bodice with shoulder seams that extend from the neckline to the sleeve cap. The shoulder layout includes a square neckline with a straight upper edge, bordered by a narrow band of fabric that forms a slight V-shape at the center front. The waist transition is defined by a series of vertical seams that contour the torso, enhancing the fitted shape. The skirt is constructed from the same material as the bodice, with a smooth, continuous flow from the waist to the hem, which ends above the knee. The fabric exhibits a textured pattern resembling reptile skin, with visible grain lines running vertically along the bodice and skirt. The dress appears to be made from a structured, possibly leather-like material with a slight sheen. There are no visible boning, lining, or additional trims beyond the buttons and the subtle texture of the fabric. as shown in the reference image. Strictly keep the same face, body measurements, hair color, eye directions, exact foot wear, same accessories and preserve strict body pose. Preserve the exact subject scale and framing from the original image; do not zoom, crop, or change camera distance. Generate a hyper realistic virtual tryon. The final image is a full body shot.",success,,0.0,8.094643592834473,14.418904304504395
57,pexels-kari-alfonso-2151442665-36412439.jpg,https://glamifydevstorage.blob.core.windows.net/wardrobe-outputs/06b48597-e98f-4b76-b0db-21e045686a24.png,https://glamifydevstorage.blob.core.windows.net/wardrobe-outputs/3472d2c5-8648-43b4-98d7-a7db8a293bb1.png,https://glamifydevstorage.blob.core.windows.net/wardrobe-outputs/1e1009b9-21cf-42aa-8ec5-d65e65622acb.png,"This garment is a fitted, short-sleeved dress with a structured bodice and a short skirt. The bodice features a sweetheart neckline with a central vertical seam that extends down the front, flanked by two angled seams converging at the waist, creating a corset-like silhouette. The front closure consists of five large, round, gold-toned buttons arranged vertically along the central seam. The sleeves are short and capped, with a slight flare at the hem, and are attached to the bodice with shoulder seams that extend from the neckline to the sleeve cap. The shoulder layout includes a square neckline with a straight upper edge, bordered by a narrow band of fabric that forms a slight V-shape at the center front. The waist transition is defined by a series of vertical seams that contour the torso, enhancing the fitted shape. The skirt is constructed from the same material as the bodice, with a smooth, continuous flow from the waist to the hem, which ends above the knee. The fabric exhibits a textured pattern resembling reptile skin, with visible grain lines running vertically along the bodice and skirt. The dress appears to be made from a structured, possibly leather-like material with a slight sheen. There are no visible boning, lining, or additional trims beyond the buttons and the subtle texture of the fabric.",dress,A young girl with black long wavy hair and slim body build.,"TRYON A young girl with black long wavy hair and slim body build. Replace the entire outfit completely with This garment is a fitted, short-sleeved dress with a structured bodice and a short skirt. The bodice features a sweetheart neckline with a central vertical seam that extends down the front, flanked by two angled seams converging at the waist, creating a corset-like silhouette. The front closure consists of five large, round, gold-toned buttons arranged vertically along the central seam. The sleeves are short and capped, with a slight flare at the hem, and are attached to the bodice with shoulder seams that extend from the neckline to the sleeve cap. The shoulder layout includes a square neckline with a straight upper edge, bordered by a narrow band of fabric that forms a slight V-shape at the center front. The waist transition is defined by a series of vertical seams that contour the torso, enhancing the fitted shape. The skirt is constructed from the same material as the bodice, with a smooth, continuous flow from the waist to the hem, which ends above the knee. The fabric exhibits a textured pattern resembling reptile skin, with visible grain lines running vertically along the bodice and skirt. The dress appears to be made from a structured, possibly leather-like material with a slight sheen. There are no visible boning, lining, or additional trims beyond the buttons and the subtle texture of the fabric. as shown in the reference image. Strictly keep the same face, body measurements, hair color, eye directions, exact foot wear, same accessories and preserve strict body pose. Preserve the exact subject scale and framing from the original image; do not zoom, crop, or change camera distance. Generate a hyper realistic virtual tryon. The final image is a full body shot.",success,,0.0,8.092090845108032,14.60106110572815
58,pexels-karina-benfica-538943838-18503494.jpg,https://glamifydevstorage.blob.core.windows.net/wardrobe-outputs/b420f0c6-d179-4df5-ad3a-5276630b70b4.png,https://glamifydevstorage.blob.core.windows.net/wardrobe-outputs/b711565d-e60a-4528-8bc0-a2e9d3aa9e4e.png,https://glamifydevstorage.blob.core.windows.net/wardrobe-outputs/1e1009b9-21cf-42aa-8ec5-d65e65622acb.png,"This garment is a fitted, short-sleeved dress with a structured bodice and a short skirt. The bodice features a sweetheart neckline with a central vertical seam that extends down the front, flanked by two angled seams converging at the waist, creating a corset-like silhouette. The front closure consists of five large, round, gold-toned buttons arranged vertically along the central seam. The sleeves are short and capped, with a slight flare at the hem, and are attached to the bodice with shoulder seams that extend from the neckline to the sleeve cap. The shoulder layout includes a square neckline with a straight upper edge, bordered by a narrow band of fabric that forms a slight V-shape at the center front. The waist transition is defined by a series of vertical seams that contour the torso, enhancing the fitted shape. The skirt is constructed from the same material as the bodice, with a smooth, continuous flow from the waist to the hem, which ends above the knee. The fabric exhibits a textured pattern resembling reptile skin, with visible grain lines running vertically along the bodice and skirt. The dress appears to be made from a structured, possibly leather-like material with a slight sheen. There are no visible boning, lining, or additional trims beyond the buttons and the subtle texture of the fabric.",dress,A young girl with brown shoulder-length smooth hair and slim body build.,"TRYON A young girl with brown shoulder-length smooth hair and slim body build. Replace the entire outfit completely with This garment is a fitted, short-sleeved dress with a structured bodice and a short skirt. The bodice features a sweetheart neckline with a central vertical seam that extends down the front, flanked by two angled seams converging at the waist, creating a corset-like silhouette. The front closure consists of five large, round, gold-toned buttons arranged vertically along the central seam. The sleeves are short and capped, with a slight flare at the hem, and are attached to the bodice with shoulder seams that extend from the neckline to the sleeve cap. The shoulder layout includes a square neckline with a straight upper edge, bordered by a narrow band of fabric that forms a slight V-shape at the center front. The waist transition is defined by a series of vertical seams that contour the torso, enhancing the fitted shape. The skirt is constructed from the same material as the bodice, with a smooth, continuous flow from the waist to the hem, which ends above the knee. The fabric exhibits a textured pattern resembling reptile skin, with visible grain lines running vertically along the bodice and skirt. The dress appears to be made from a structured, possibly leather-like material with a slight sheen. There are no visible boning, lining, or additional trims beyond the buttons and the subtle texture of the fabric. as shown in the reference image. Strictly keep the same face, body measurements, hair color, eye directions, exact foot wear, same accessories and preserve strict body pose. Preserve the exact subject scale and framing from the original image; do not zoom, crop, or change camera distance. Generate a hyper realistic virtual tryon. The final image is a full body shot.",success,,0.0,8.089986801147461,15.110445737838745
59,pexels-kaweny-denyele-2151301623-31793026.jpg,https://glamifydevstorage.blob.core.windows.net/wardrobe-outputs/143c6187-4b81-43a2-930d-b645aefa65f3.png,https://glamifydevstorage.blob.core.windows.net/wardrobe-outputs/2d16759d-ea10-478e-9af9-4c6f83000805.png,https://glamifydevstorage.blob.core.windows.net/wardrobe-outputs/1e1009b9-21cf-42aa-8ec5-d65e65622acb.png,"This garment is a fitted, short-sleeved dress with a structured bodice and a short skirt. The bodice features a sweetheart neckline with a central vertical seam that extends down the front, flanked by two angled seams converging at the waist, creating a corset-like silhouette. The front closure consists of five large, round, gold-toned buttons arranged vertically along the central seam. The sleeves are short and capped, with a slight flare at the hem, and are attached to the bodice with shoulder seams that extend from the neckline to the sleeve cap. The shoulder layout includes a square neckline with a straight upper edge, bordered by a narrow band of fabric that forms a slight V-shape at the center front. The waist transition is defined by a series of vertical seams that contour the torso, enhancing the fitted shape. The skirt is constructed from the same material as the bodice, with a smooth, continuous flow from the waist to the hem, which ends above the knee. The fabric exhibits a textured pattern resembling reptile skin, with visible grain lines running vertically along the bodice and skirt. The dress appears to be made from a structured, possibly leather-like material with a slight sheen. There are no visible boning, lining, or additional trims beyond the buttons and the subtle texture of the fabric.",dress,A young woman with dark long curly hair and average body build.,"TRYON A young woman with dark long curly hair and average body build. Replace the entire outfit completely with This garment is a fitted, short-sleeved dress with a structured bodice and a short skirt. The bodice features a sweetheart neckline with a central vertical seam that extends down the front, flanked by two angled seams converging at the waist, creating a corset-like silhouette. The front closure consists of five large, round, gold-toned buttons arranged vertically along the central seam. The sleeves are short and capped, with a slight flare at the hem, and are attached to the bodice with shoulder seams that extend from the neckline to the sleeve cap. The shoulder layout includes a square neckline with a straight upper edge, bordered by a narrow band of fabric that forms a slight V-shape at the center front. The waist transition is defined by a series of vertical seams that contour the torso, enhancing the fitted shape. The skirt is constructed from the same material as the bodice, with a smooth, continuous flow from the waist to the hem, which ends above the knee. The fabric exhibits a textured pattern resembling reptile skin, with visible grain lines running vertically along the bodice and skirt. The dress appears to be made from a structured, possibly leather-like material with a slight sheen. There are no visible boning, lining, or additional trims beyond the buttons and the subtle texture of the fabric. as shown in the reference image. Strictly keep the same face, body measurements, hair color, eye directions, exact foot wear, same accessories and preserve strict body pose. Preserve the exact subject scale and framing from the original image; do not zoom, crop, or change camera distance. Generate a hyper realistic virtual tryon. The final image is a full body shot.",success,,0.0,7.753380537033081,13.038480520248413
60,pexels-kushan-perera-95408363-13953101.jpg,https://glamifydevstorage.blob.core.windows.net/wardrobe-outputs/0375e2a4-d766-48b6-a48a-f15571f43008.png,https://glamifydevstorage.blob.core.windows.net/wardrobe-outputs/85a27013-2e47-4dcd-9405-3d60c0bc6ac4.png,https://glamifydevstorage.blob.core.windows.net/wardrobe-outputs/1e1009b9-21cf-42aa-8ec5-d65e65622acb.png,"This garment is a fitted, short-sleeved dress with a structured bodice and a short skirt. The bodice features a sweetheart neckline with a central vertical seam that extends down the front, flanked by two angled seams converging at the waist, creating a corset-like silhouette. The front closure consists of five large, round, gold-toned buttons arranged vertically along the central seam. The sleeves are short and capped, with a slight flare at the hem, and are attached to the bodice with shoulder seams that extend from the neckline to the sleeve cap. The shoulder layout includes a square neckline with a straight upper edge, bordered by a narrow band of fabric that forms a slight V-shape at the center front. The waist transition is defined by a series of vertical seams that contour the torso, enhancing the fitted shape. The skirt is constructed from the same material as the bodice, with a smooth, continuous flow from the waist to the hem, which ends above the knee. The fabric exhibits a textured pattern resembling reptile skin, with visible grain lines running vertically along the bodice and skirt. The dress appears to be made from a structured, possibly leather-like material with a slight sheen. There are no visible boning, lining, or additional trims beyond the buttons and the subtle texture of the fabric.",dress,A young girl with black long curly hair and slim body build.,"TRYON A young girl with black long curly hair and slim body build. Replace the entire outfit completely with This garment is a fitted, short-sleeved dress with a structured bodice and a short skirt. The bodice features a sweetheart neckline with a central vertical seam that extends down the front, flanked by two angled seams converging at the waist, creating a corset-like silhouette. The front closure consists of five large, round, gold-toned buttons arranged vertically along the central seam. The sleeves are short and capped, with a slight flare at the hem, and are attached to the bodice with shoulder seams that extend from the neckline to the sleeve cap. The shoulder layout includes a square neckline with a straight upper edge, bordered by a narrow band of fabric that forms a slight V-shape at the center front. The waist transition is defined by a series of vertical seams that contour the torso, enhancing the fitted shape. The skirt is constructed from the same material as the bodice, with a smooth, continuous flow from the waist to the hem, which ends above the knee. The fabric exhibits a textured pattern resembling reptile skin, with visible grain lines running vertically along the bodice and skirt. The dress appears to be made from a structured, possibly leather-like material with a slight sheen. There are no visible boning, lining, or additional trims beyond the buttons and the subtle texture of the fabric. as shown in the reference image. Strictly keep the same face, body measurements, hair color, eye directions, exact foot wear, same accessories and preserve strict body pose. Preserve the exact subject scale and framing from the original image; do not zoom, crop, or change camera distance. Generate a hyper realistic virtual tryon. The final image is a full body shot.",success,,0.0,8.090908527374268,14.368481636047363
61,pexels-ladoo-6675408.jpg,https://glamifydevstorage.blob.core.windows.net/wardrobe-outputs/371eb0a9-e48a-4ad5-bced-48a08b03a6bc.png,https://glamifydevstorage.blob.core.windows.net/wardrobe-outputs/652be3c7-bd54-41bf-ae7c-1a853bb06f9c.png,https://glamifydevstorage.blob.core.windows.net/wardrobe-outputs/1e1009b9-21cf-42aa-8ec5-d65e65622acb.png,"This garment is a fitted, short-sleeved dress with a structured bodice and a short skirt. The bodice features a sweetheart neckline with a central vertical seam that extends down the front, flanked by two angled seams converging at the waist, creating a corset-like silhouette. The front closure consists of five large, round, gold-toned buttons arranged vertically along the central seam. The sleeves are short and capped, with a slight flare at the hem, and are attached to the bodice with shoulder seams that extend from the neckline to the sleeve cap. The shoulder layout includes a square neckline with a straight upper edge, bordered by a narrow band of fabric that forms a slight V-shape at the center front. The waist transition is defined by a series of vertical seams that contour the torso, enhancing the fitted shape. The skirt is constructed from the same material as the bodice, with a smooth, continuous flow from the waist to the hem, which ends above the knee. The fabric exhibits a textured pattern resembling reptile skin, with visible grain lines running vertically along the bodice and skirt. The dress appears to be made from a structured, possibly leather-like material with a slight sheen. There are no visible boning, lining, or additional trims beyond the buttons and the subtle texture of the fabric.",dress,A young woman with black long smooth hair and slim body build.,"TRYON A young woman with black long smooth hair and slim body build. Replace the entire outfit completely with This garment is a fitted, short-sleeved dress with a structured bodice and a short skirt. The bodice features a sweetheart neckline with a central vertical seam that extends down the front, flanked by two angled seams converging at the waist, creating a corset-like silhouette. The front closure consists of five large, round, gold-toned buttons arranged vertically along the central seam. The sleeves are short and capped, with a slight flare at the hem, and are attached to the bodice with shoulder seams that extend from the neckline to the sleeve cap. The shoulder layout includes a square neckline with a straight upper edge, bordered by a narrow band of fabric that forms a slight V-shape at the center front. The waist transition is defined by a series of vertical seams that contour the torso, enhancing the fitted shape. The skirt is constructed from the same material as the bodice, with a smooth, continuous flow from the waist to the hem, which ends above the knee. The fabric exhibits a textured pattern resembling reptile skin, with visible grain lines running vertically along the bodice and skirt. The dress appears to be made from a structured, possibly leather-like material with a slight sheen. There are no visible boning, lining, or additional trims beyond the buttons and the subtle texture of the fabric. as shown in the reference image. Strictly keep the same face, body measurements, hair color, eye directions, exact foot wear, same accessories and preserve strict body pose. Preserve the exact subject scale and framing from the original image; do not zoom, crop, or change camera distance. Generate a hyper realistic virtual tryon. The final image is a full body shot.",success,,0.0,7.708266735076904,13.43004035949707
62,pexels-libin-joseph-823730877-20544949.jpg,https://glamifydevstorage.blob.core.windows.net/wardrobe-outputs/199043c5-5fbb-4bf5-8cca-857b1ffd914b.png,https://glamifydevstorage.blob.core.windows.net/wardrobe-outputs/75455cd8-6d54-4ba9-af6a-23b438ee14d6.png,https://glamifydevstorage.blob.core.windows.net/wardrobe-outputs/1e1009b9-21cf-42aa-8ec5-d65e65622acb.png,"This garment is a fitted, short-sleeved dress with a structured bodice and a short skirt. The bodice features a sweetheart neckline with a central vertical seam that extends down the front, flanked by two angled seams converging at the waist, creating a corset-like silhouette. The front closure consists of five large, round, gold-toned buttons arranged vertically along the central seam. The sleeves are short and capped, with a slight flare at the hem, and are attached to the bodice with shoulder seams that extend from the neckline to the sleeve cap. The shoulder layout includes a square neckline with a straight upper edge, bordered by a narrow band of fabric that forms a slight V-shape at the center front. The waist transition is defined by a series of vertical seams that contour the torso, enhancing the fitted shape. The skirt is constructed from the same material as the bodice, with a smooth, continuous flow from the waist to the hem, which ends above the knee. The fabric exhibits a textured pattern resembling reptile skin, with visible grain lines running vertically along the bodice and skirt. The dress appears to be made from a structured, possibly leather-like material with a slight sheen. There are no visible boning, lining, or additional trims beyond the buttons and the subtle texture of the fabric.",dress,An adult woman with black medium curly hair and average body build.,"TRYON An adult woman with black medium curly hair and average body build. Replace the entire outfit completely with This garment is a fitted, short-sleeved dress with a structured bodice and a short skirt. The bodice features a sweetheart neckline with a central vertical seam that extends down the front, flanked by two angled seams converging at the waist, creating a corset-like silhouette. The front closure consists of five large, round, gold-toned buttons arranged vertically along the central seam. The sleeves are short and capped, with a slight flare at the hem, and are attached to the bodice with shoulder seams that extend from the neckline to the sleeve cap. The shoulder layout includes a square neckline with a straight upper edge, bordered by a narrow band of fabric that forms a slight V-shape at the center front. The waist transition is defined by a series of vertical seams that contour the torso, enhancing the fitted shape. The skirt is constructed from the same material as the bodice, with a smooth, continuous flow from the waist to the hem, which ends above the knee. The fabric exhibits a textured pattern resembling reptile skin, with visible grain lines running vertically along the bodice and skirt. The dress appears to be made from a structured, possibly leather-like material with a slight sheen. There are no visible boning, lining, or additional trims beyond the buttons and the subtle texture of the fabric. as shown in the reference image. Strictly keep the same face, body measurements, hair color, eye directions, exact foot wear, same accessories and preserve strict body pose. Preserve the exact subject scale and framing from the original image; do not zoom, crop, or change camera distance. Generate a hyper realistic virtual tryon. The final image is a full body shot.",success,,0.0,8.09298038482666,14.88316011428833
63,pexels-magdy-_-talat-2157812504-34974315.jpg,https://glamifydevstorage.blob.core.windows.net/wardrobe-outputs/38da9b0c-d654-4ffe-ae71-3de933b35dd5.png,https://glamifydevstorage.blob.core.windows.net/wardrobe-outputs/960fb8bc-bce2-4880-bdad-c58de6166b01.png,https://glamifydevstorage.blob.core.windows.net/wardrobe-outputs/1e1009b9-21cf-42aa-8ec5-d65e65622acb.png,"This garment is a fitted, short-sleeved dress with a structured bodice and a short skirt. The bodice features a sweetheart neckline with a central vertical seam that extends down the front, flanked by two angled seams converging at the waist, creating a corset-like silhouette. The front closure consists of five large, round, gold-toned buttons arranged vertically along the central seam. The sleeves are short and capped, with a slight flare at the hem, and are attached to the bodice with shoulder seams that extend from the neckline to the sleeve cap. The shoulder layout includes a square neckline with a straight upper edge, bordered by a narrow band of fabric that forms a slight V-shape at the center front. The waist transition is defined by a series of vertical seams that contour the torso, enhancing the fitted shape. The skirt is constructed from the same material as the bodice, with a smooth, continuous flow from the waist to the hem, which ends above the knee. The fabric exhibits a textured pattern resembling reptile skin, with visible grain lines running vertically along the bodice and skirt. The dress appears to be made from a structured, possibly leather-like material with a slight sheen. There are no visible boning, lining, or additional trims beyond the buttons and the subtle texture of the fabric.",dress,An adult woman with brown long smooth hair and slim body build.,"TRYON An adult woman with brown long smooth hair and slim body build. Replace the entire outfit completely with This garment is a fitted, short-sleeved dress with a structured bodice and a short skirt. The bodice features a sweetheart neckline with a central vertical seam that extends down the front, flanked by two angled seams converging at the waist, creating a corset-like silhouette. The front closure consists of five large, round, gold-toned buttons arranged vertically along the central seam. The sleeves are short and capped, with a slight flare at the hem, and are attached to the bodice with shoulder seams that extend from the neckline to the sleeve cap. The shoulder layout includes a square neckline with a straight upper edge, bordered by a narrow band of fabric that forms a slight V-shape at the center front. The waist transition is defined by a series of vertical seams that contour the torso, enhancing the fitted shape. The skirt is constructed from the same material as the bodice, with a smooth, continuous flow from the waist to the hem, which ends above the knee. The fabric exhibits a textured pattern resembling reptile skin, with visible grain lines running vertically along the bodice and skirt. The dress appears to be made from a structured, possibly leather-like material with a slight sheen. There are no visible boning, lining, or additional trims beyond the buttons and the subtle texture of the fabric. as shown in the reference image. Strictly keep the same face, body measurements, hair color, eye directions, exact foot wear, same accessories and preserve strict body pose. Preserve the exact subject scale and framing from the original image; do not zoom, crop, or change camera distance. Generate a hyper realistic virtual tryon. The final image is a full body shot.",success,,0.0,8.091750621795654,13.71279001235962
64,pexels-magdy-_-talat-2157812504-34974319.jpg,https://glamifydevstorage.blob.core.windows.net/wardrobe-outputs/82d8daca-ea7e-457d-844b-eb68a3cb13b8.png,https://glamifydevstorage.blob.core.windows.net/wardrobe-outputs/14930b00-b9dd-4ee7-9382-a8b4c2318141.png,https://glamifydevstorage.blob.core.windows.net/wardrobe-outputs/1e1009b9-21cf-42aa-8ec5-d65e65622acb.png,"This garment is a fitted, short-sleeved dress with a structured bodice and a short skirt. The bodice features a sweetheart neckline with a central vertical seam that extends down the front, flanked by two angled seams converging at the waist, creating a corset-like silhouette. The front closure consists of five large, round, gold-toned buttons arranged vertically along the central seam. The sleeves are short and capped, with a slight flare at the hem, and are attached to the bodice with shoulder seams that extend from the neckline to the sleeve cap. The shoulder layout includes a square neckline with a straight upper edge, bordered by a narrow band of fabric that forms a slight V-shape at the center front. The waist transition is defined by a series of vertical seams that contour the torso, enhancing the fitted shape. The skirt is constructed from the same material as the bodice, with a smooth, continuous flow from the waist to the hem, which ends above the knee. The fabric exhibits a textured pattern resembling reptile skin, with visible grain lines running vertically along the bodice and skirt. The dress appears to be made from a structured, possibly leather-like material with a slight sheen. There are no visible boning, lining, or additional trims beyond the buttons and the subtle texture of the fabric.",dress,An adult woman with brown long smooth hair and average body build.,"TRYON An adult woman with brown long smooth hair and average body build. Replace the entire outfit completely with This garment is a fitted, short-sleeved dress with a structured bodice and a short skirt. The bodice features a sweetheart neckline with a central vertical seam that extends down the front, flanked by two angled seams converging at the waist, creating a corset-like silhouette. The front closure consists of five large, round, gold-toned buttons arranged vertically along the central seam. The sleeves are short and capped, with a slight flare at the hem, and are attached to the bodice with shoulder seams that extend from the neckline to the sleeve cap. The shoulder layout includes a square neckline with a straight upper edge, bordered by a narrow band of fabric that forms a slight V-shape at the center front. The waist transition is defined by a series of vertical seams that contour the torso, enhancing the fitted shape. The skirt is constructed from the same material as the bodice, with a smooth, continuous flow from the waist to the hem, which ends above the knee. The fabric exhibits a textured pattern resembling reptile skin, with visible grain lines running vertically along the bodice and skirt. The dress appears to be made from a structured, possibly leather-like material with a slight sheen. There are no visible boning, lining, or additional trims beyond the buttons and the subtle texture of the fabric. as shown in the reference image. Strictly keep the same face, body measurements, hair color, eye directions, exact foot wear, same accessories and preserve strict body pose. Preserve the exact subject scale and framing from the original image; do not zoom, crop, or change camera distance. Generate a hyper realistic virtual tryon. The final image is a full body shot.",success,,0.0,8.09415078163147,14.008812427520752
65,pexels-manekaperera-15467336.jpg,https://glamifydevstorage.blob.core.windows.net/wardrobe-outputs/26e38fac-595a-4f6c-86ae-4453709510a9.png,https://glamifydevstorage.blob.core.windows.net/wardrobe-outputs/fa84ad63-b85e-4eb1-a064-5579364a0ab8.png,https://glamifydevstorage.blob.core.windows.net/wardrobe-outputs/1e1009b9-21cf-42aa-8ec5-d65e65622acb.png,"This garment is a fitted, short-sleeved dress with a structured bodice and a short skirt. The bodice features a sweetheart neckline with a central vertical seam that extends down the front, flanked by two angled seams converging at the waist, creating a corset-like silhouette. The front closure consists of five large, round, gold-toned buttons arranged vertically along the central seam. The sleeves are short and capped, with a slight flare at the hem, and are attached to the bodice with shoulder seams that extend from the neckline to the sleeve cap. The shoulder layout includes a square neckline with a straight upper edge, bordered by a narrow band of fabric that forms a slight V-shape at the center front. The waist transition is defined by a series of vertical seams that contour the torso, enhancing the fitted shape. The skirt is constructed from the same material as the bodice, with a smooth, continuous flow from the waist to the hem, which ends above the knee. The fabric exhibits a textured pattern resembling reptile skin, with visible grain lines running vertically along the bodice and skirt. The dress appears to be made from a structured, possibly leather-like material with a slight sheen. There are no visible boning, lining, or additional trims beyond the buttons and the subtle texture of the fabric.",dress,An adult woman with black long smooth hair and average body build.,"TRYON An adult woman with black long smooth hair and average body build. Replace the entire outfit completely with This garment is a fitted, short-sleeved dress with a structured bodice and a short skirt. The bodice features a sweetheart neckline with a central vertical seam that extends down the front, flanked by two angled seams converging at the waist, creating a corset-like silhouette. The front closure consists of five large, round, gold-toned buttons arranged vertically along the central seam. The sleeves are short and capped, with a slight flare at the hem, and are attached to the bodice with shoulder seams that extend from the neckline to the sleeve cap. The shoulder layout includes a square neckline with a straight upper edge, bordered by a narrow band of fabric that forms a slight V-shape at the center front. The waist transition is defined by a series of vertical seams that contour the torso, enhancing the fitted shape. The skirt is constructed from the same material as the bodice, with a smooth, continuous flow from the waist to the hem, which ends above the knee. The fabric exhibits a textured pattern resembling reptile skin, with visible grain lines running vertically along the bodice and skirt. The dress appears to be made from a structured, possibly leather-like material with a slight sheen. There are no visible boning, lining, or additional trims beyond the buttons and the subtle texture of the fabric. as shown in the reference image. Strictly keep the same face, body measurements, hair color, eye directions, exact foot wear, same accessories and preserve strict body pose. Preserve the exact subject scale and framing from the original image; do not zoom, crop, or change camera distance. Generate a hyper realistic virtual tryon. The final image is a full body shot.",success,,0.0,8.09392499923706,14.260368824005127
66,pexels-marcelochagas-2005014.jpg,https://glamifydevstorage.blob.core.windows.net/wardrobe-outputs/49bb973a-2524-4c70-987a-02a1beec0c68.png,https://glamifydevstorage.blob.core.windows.net/wardrobe-outputs/c28dd344-62e8-433a-b937-f7a667ed080a.png,https://glamifydevstorage.blob.core.windows.net/wardrobe-outputs/1e1009b9-21cf-42aa-8ec5-d65e65622acb.png,"This garment is a fitted, short-sleeved dress with a structured bodice and a short skirt. The bodice features a sweetheart neckline with a central vertical seam that extends down the front, flanked by two angled seams converging at the waist, creating a corset-like silhouette. The front closure consists of five large, round, gold-toned buttons arranged vertically along the central seam. The sleeves are short and capped, with a slight flare at the hem, and are attached to the bodice with shoulder seams that extend from the neckline to the sleeve cap. The shoulder layout includes a square neckline with a straight upper edge, bordered by a narrow band of fabric that forms a slight V-shape at the center front. The waist transition is defined by a series of vertical seams that contour the torso, enhancing the fitted shape. The skirt is constructed from the same material as the bodice, with a smooth, continuous flow from the waist to the hem, which ends above the knee. The fabric exhibits a textured pattern resembling reptile skin, with visible grain lines running vertically along the bodice and skirt. The dress appears to be made from a structured, possibly leather-like material with a slight sheen. There are no visible boning, lining, or additional trims beyond the buttons and the subtle texture of the fabric.",dress,A young woman with dark long wavy hair and curvy body build.,"TRYON A young woman with dark long wavy hair and curvy body build. Replace the entire outfit completely with This garment is a fitted, short-sleeved dress with a structured bodice and a short skirt. The bodice features a sweetheart neckline with a central vertical seam that extends down the front, flanked by two angled seams converging at the waist, creating a corset-like silhouette. The front closure consists of five large, round, gold-toned buttons arranged vertically along the central seam. The sleeves are short and capped, with a slight flare at the hem, and are attached to the bodice with shoulder seams that extend from the neckline to the sleeve cap. The shoulder layout includes a square neckline with a straight upper edge, bordered by a narrow band of fabric that forms a slight V-shape at the center front. The waist transition is defined by a series of vertical seams that contour the torso, enhancing the fitted shape. The skirt is constructed from the same material as the bodice, with a smooth, continuous flow from the waist to the hem, which ends above the knee. The fabric exhibits a textured pattern resembling reptile skin, with visible grain lines running vertically along the bodice and skirt. The dress appears to be made from a structured, possibly leather-like material with a slight sheen. There are no visible boning, lining, or additional trims beyond the buttons and the subtle texture of the fabric. as shown in the reference image. Strictly keep the same face, body measurements, hair color, eye directions, exact foot wear, same accessories and preserve strict body pose. Preserve the exact subject scale and framing from the original image; do not zoom, crop, or change camera distance. Generate a hyper realistic virtual tryon. The final image is a full body shot.",success,,0.0,8.095704317092896,13.719557046890259
67,pexels-marlon-alves-2016519-7196168.jpg,https://glamifydevstorage.blob.core.windows.net/wardrobe-outputs/bac0fc4d-3408-47c1-8dbc-fa0d2b2bb42f.png,https://glamifydevstorage.blob.core.windows.net/wardrobe-outputs/e47b8a5a-e329-432c-a43d-b010cbb02b09.png,https://glamifydevstorage.blob.core.windows.net/wardrobe-outputs/1e1009b9-21cf-42aa-8ec5-d65e65622acb.png,"This garment is a fitted, short-sleeved dress with a structured bodice and a short skirt. The bodice features a sweetheart neckline with a central vertical seam that extends down the front, flanked by two angled seams converging at the waist, creating a corset-like silhouette. The front closure consists of five large, round, gold-toned buttons arranged vertically along the central seam. The sleeves are short and capped, with a slight flare at the hem, and are attached to the bodice with shoulder seams that extend from the neckline to the sleeve cap. The shoulder layout includes a square neckline with a straight upper edge, bordered by a narrow band of fabric that forms a slight V-shape at the center front. The waist transition is defined by a series of vertical seams that contour the torso, enhancing the fitted shape. The skirt is constructed from the same material as the bodice, with a smooth, continuous flow from the waist to the hem, which ends above the knee. The fabric exhibits a textured pattern resembling reptile skin, with visible grain lines running vertically along the bodice and skirt. The dress appears to be made from a structured, possibly leather-like material with a slight sheen. There are no visible boning, lining, or additional trims beyond the buttons and the subtle texture of the fabric.",dress,A young woman with dark long curly hair and slim body build.,"TRYON A young woman with dark long curly hair and slim body build. Replace the entire outfit completely with This garment is a fitted, short-sleeved dress with a structured bodice and a short skirt. The bodice features a sweetheart neckline with a central vertical seam that extends down the front, flanked by two angled seams converging at the waist, creating a corset-like silhouette. The front closure consists of five large, round, gold-toned buttons arranged vertically along the central seam. The sleeves are short and capped, with a slight flare at the hem, and are attached to the bodice with shoulder seams that extend from the neckline to the sleeve cap. The shoulder layout includes a square neckline with a straight upper edge, bordered by a narrow band of fabric that forms a slight V-shape at the center front. The waist transition is defined by a series of vertical seams that contour the torso, enhancing the fitted shape. The skirt is constructed from the same material as the bodice, with a smooth, continuous flow from the waist to the hem, which ends above the knee. The fabric exhibits a textured pattern resembling reptile skin, with visible grain lines running vertically along the bodice and skirt. The dress appears to be made from a structured, possibly leather-like material with a slight sheen. There are no visible boning, lining, or additional trims beyond the buttons and the subtle texture of the fabric. as shown in the reference image. Strictly keep the same face, body measurements, hair color, eye directions, exact foot wear, same accessories and preserve strict body pose. Preserve the exact subject scale and framing from the original image; do not zoom, crop, or change camera distance. Generate a hyper realistic virtual tryon. The final image is a full body shot.",success,,0.0,8.093877077102661,14.511234045028687
68,pexels-maximil1-32129515.jpg,https://glamifydevstorage.blob.core.windows.net/wardrobe-outputs/e103690b-8a09-4591-82b6-e6574aa26b25.png,https://glamifydevstorage.blob.core.windows.net/wardrobe-outputs/efbffb2b-2929-452b-9049-0c92bc576239.png,https://glamifydevstorage.blob.core.windows.net/wardrobe-outputs/1e1009b9-21cf-42aa-8ec5-d65e65622acb.png,"This garment is a fitted, short-sleeved dress with a structured bodice and a short skirt. The bodice features a sweetheart neckline with a central vertical seam that extends down the front, flanked by two angled seams converging at the waist, creating a corset-like silhouette. The front closure consists of five large, round, gold-toned buttons arranged vertically along the central seam. The sleeves are short and capped, with a slight flare at the hem, and are attached to the bodice with shoulder seams that extend from the neckline to the sleeve cap. The shoulder layout includes a square neckline with a straight upper edge, bordered by a narrow band of fabric that forms a slight V-shape at the center front. The waist transition is defined by a series of vertical seams that contour the torso, enhancing the fitted shape. The skirt is constructed from the same material as the bodice, with a smooth, continuous flow from the waist to the hem, which ends above the knee. The fabric exhibits a textured pattern resembling reptile skin, with visible grain lines running vertically along the bodice and skirt. The dress appears to be made from a structured, possibly leather-like material with a slight sheen. There are no visible boning, lining, or additional trims beyond the buttons and the subtle texture of the fabric.",dress,A young girl with brown long smooth hair and average body build.,"TRYON A young girl with brown long smooth hair and average body build. Replace the entire outfit completely with This garment is a fitted, short-sleeved dress with a structured bodice and a short skirt. The bodice features a sweetheart neckline with a central vertical seam that extends down the front, flanked by two angled seams converging at the waist, creating a corset-like silhouette. The front closure consists of five large, round, gold-toned buttons arranged vertically along the central seam. The sleeves are short and capped, with a slight flare at the hem, and are attached to the bodice with shoulder seams that extend from the neckline to the sleeve cap. The shoulder layout includes a square neckline with a straight upper edge, bordered by a narrow band of fabric that forms a slight V-shape at the center front. The waist transition is defined by a series of vertical seams that contour the torso, enhancing the fitted shape. The skirt is constructed from the same material as the bodice, with a smooth, continuous flow from the waist to the hem, which ends above the knee. The fabric exhibits a textured pattern resembling reptile skin, with visible grain lines running vertically along the bodice and skirt. The dress appears to be made from a structured, possibly leather-like material with a slight sheen. There are no visible boning, lining, or additional trims beyond the buttons and the subtle texture of the fabric. as shown in the reference image. Strictly keep the same face, body measurements, hair color, eye directions, exact foot wear, same accessories and preserve strict body pose. Preserve the exact subject scale and framing from the original image; do not zoom, crop, or change camera distance. Generate a hyper realistic virtual tryon. The final image is a full body shot.",success,,0.0,8.093383073806763,14.947759628295898
