person_id,split,shot_id,pose_id,pose_description,angle_id,angle_description,background_id,lighting_id,garment_slot,garment_id,garment_type,camera_distance_class,quality_flags
person_001,train,01,P1,"Standing neutral, arms relaxed",A1,Front,B1,L1,G_core_1,person_001__G_core_1,tbd,full_body_mid_distance,[]
person_001,train,02,P1,"Standing neutral, arms relaxed",A2,30° left,B1,L1,G_core_1,person_001__G_core_1,tbd,full_body_mid_distance,[]
person_001,train,03,P1,"Standing neutral, arms relaxed",A3,30° right,B1,L1,G_core_1,person_001__G_core_1,tbd,full_body_mid_distance,[]
person_001,train,04,P1,"Standing neutral, arms relaxed",A4,Near profile,B1,L2,G_core_1,person_001__G_core_1,tbd,full_body_mid_distance,[]
person_001,train,05,P2,Standing contrapposto (weight shift),A1,Front,B2,L1,G_core_2,person_001__G_core_2,tbd,full_body_mid_distance,[]
person_001,train,06,P2,Standing contrapposto (weight shift),A2,30° left,B2,L1,G_core_2,person_001__G_core_2,tbd,full_body_mid_distance,[]
person_001,train,07,P2,Standing contrapposto (weight shift),A3,30° right,B2,L2,G_core_2,person_001__G_core_2,tbd,full_body_mid_distance,[]
person_001,train,08,P2,Standing contrapposto (weight shift),A4,Near profile,B2,L2,G_core_2,person_001__G_core_2,tbd,full_body_mid_distance,[]
person_001,train,09,P3,"Seated upright, knees forward",A1,Front,B1,L2,G_rot_1,person_001__G_rot_1,tbd,full_body_mid_distance,[]
person_001,train,10,P3,"Seated upright, knees forward",A2,30° left,B1,L2,G_rot_1,person_001__G_rot_1,tbd,full_body_mid_distance,[]
person_001,train,11,P3,"Seated upright, knees forward",A3,30° right,B3,L1,G_rot_1,person_001__G_rot_1,tbd,full_body_mid_distance,[]
person_001,train,12,P3,"Seated upright, knees forward",A4,Near profile,B3,L1,G_rot_1,person_001__G_rot_1,tbd,full_body_mid_distance,[]
person_001,train,13,P4,Seated side posture,A1,Front,B2,L2,G_rot_2,person_001__G_rot_2,tbd,full_body_mid_distance,[]
person_001,train,14,P4,Seated side posture,A2,30° left,B2,L2,G_rot_2,person_001__G_rot_2,tbd,full_body_mid_distance,[]
person_001,train,15,P4,Seated side posture,A3,30° right,B3,L1,G_rot_2,person_001__G_rot_2,tbd,full_body_mid_distance,[]
person_001,train,16,P4,Seated side posture,A4,Near profile,B3,L2,G_rot_2,person_001__G_rot_2,tbd,full_body_mid_distance,[]
person_001,train,17,P5,Motion pose (step/walk freeze),A1,Front,B1,L1,G_rot_3,person_001__G_rot_3,tbd,full_body_mid_distance,[]
person_001,train,18,P5,Motion pose (step/walk freeze),A2,30° left,B1,L2,G_rot_3,person_001__G_rot_3,tbd,full_body_mid_distance,[]
person_001,train,19,P5,Motion pose (step/walk freeze),A3,30° right,B2,L1,G_rot_3,person_001__G_rot_3,tbd,full_body_mid_distance,[]
person_001,train,20,P5,Motion pose (step/walk freeze),A4,Near profile,B2,L2,G_rot_3,person_001__G_rot_3,tbd,full_body_mid_distance,[]
person_002,train,01,P1,"Standing neutral, arms relaxed",A1,Front,B1,L1,G_core_1,person_002__G_core_1,tbd,full_body_mid_distance,[]
person_002,train,02,P1,"Standing neutral, arms relaxed",A2,30° left,B1,L1,G_core_1,person_002__G_core_1,tbd,full_body_mid_distance,[]
person_002,train,03,P1,"Standing neutral, arms relaxed",A3,30° right,B1,L1,G_core_1,person_002__G_core_1,tbd,full_body_mid_distance,[]
person_002,train,04,P1,"Standing neutral, arms relaxed",A4,Near profile,B1,L2,G_core_1,person_002__G_core_1,tbd,full_body_mid_distance,[]
person_002,train,05,P2,Standing contrapposto (weight shift),A1,Front,B2,L1,G_core_2,person_002__G_core_2,tbd,full_body_mid_distance,[]
person_002,train,06,P2,Standing contrapposto (weight shift),A2,30° left,B2,L1,G_core_2,person_002__G_core_2,tbd,full_body_mid_distance,[]
person_002,train,07,P2,Standing contrapposto (weight shift),A3,30° right,B2,L2,G_core_2,person_002__G_core_2,tbd,full_body_mid_distance,[]
person_002,train,08,P2,Standing contrapposto (weight shift),A4,Near profile,B2,L2,G_core_2,person_002__G_core_2,tbd,full_body_mid_distance,[]
person_002,train,09,P3,"Seated upright, knees forward",A1,Front,B1,L2,G_rot_1,person_002__G_rot_1,tbd,full_body_mid_distance,[]
person_002,train,10,P3,"Seated upright, knees forward",A2,30° left,B1,L2,G_rot_1,person_002__G_rot_1,tbd,full_body_mid_distance,[]
person_002,train,11,P3,"Seated upright, knees forward",A3,30° right,B3,L1,G_rot_1,person_002__G_rot_1,tbd,full_body_mid_distance,[]
person_002,train,12,P3,"Seated upright, knees forward",A4,Near profile,B3,L1,G_rot_1,person_002__G_rot_1,tbd,full_body_mid_distance,[]
person_002,train,13,P4,Seated side posture,A1,Front,B2,L2,G_rot_2,person_002__G_rot_2,tbd,full_body_mid_distance,[]
person_002,train,14,P4,Seated side posture,A2,30° left,B2,L2,G_rot_2,person_002__G_rot_2,tbd,full_body_mid_distance,[]
person_002,train,15,P4,Seated side posture,A3,30° right,B3,L1,G_rot_2,person_002__G_rot_2,tbd,full_body_mid_distance,[]
person_002,train,16,P4,Seated side posture,A4,Near profile,B3,L2,G_rot_2,person_002__G_rot_2,tbd,full_body_mid_distance,[]
person_002,train,17,P5,Motion pose (step/walk freeze),A1,Front,B1,L1,G_rot_3,person_002__G_rot_3,tbd,full_body_mid_distance,[]
person_002,train,18,P5,Motion pose (step/walk freeze),A2,30° left,B1,L2,G_rot_3,person_002__G_rot_3,tbd,full_body_mid_distance,[]
person_002,train,19,P5,Motion pose (step/walk freeze),A3,30° right,B2,L1,G_rot_3,person_002__G_rot_3,tbd,full_body_mid_distance,[]
person_002,train,20,P5,Motion pose (step/walk freeze),A4,Near profile,B2,L2,G_rot_3,person_002__G_rot_3,tbd,full_body_mid_distance,[]
person_003,train,01,P1,"Standing neutral, arms relaxed",A1,Front,B1,L1,G_core_1,person_003__G_core_1,tbd,full_body_mid_distance,[]
person_003,train,02,P1,"Standing neutral, arms relaxed",A2,30° left,B1,L1,G_core_1,person_003__G_core_1,tbd,full_body_mid_distance,[]
person_003,train,03,P1,"Standing neutral, arms relaxed",A3,30° right,B1,L1,G_core_1,person_003__G_core_1,tbd,full_body_mid_distance,[]
person_003,train,04,P1,"Standing neutral, arms relaxed",A4,Near profile,B1,L2,G_core_1,person_003__G_core_1,tbd,full_body_mid_distance,[]
person_003,train,05,P2,Standing contrapposto (weight shift),A1,Front,B2,L1,G_core_2,person_003__G_core_2,tbd,full_body_mid_distance,[]
person_003,train,06,P2,Standing contrapposto (weight shift),A2,30° left,B2,L1,G_core_2,person_003__G_core_2,tbd,full_body_mid_distance,[]
person_003,train,07,P2,Standing contrapposto (weight shift),A3,30° right,B2,L2,G_core_2,person_003__G_core_2,tbd,full_body_mid_distance,[]
person_003,train,08,P2,Standing contrapposto (weight shift),A4,Near profile,B2,L2,G_core_2,person_003__G_core_2,tbd,full_body_mid_distance,[]
person_003,train,09,P3,"Seated upright, knees forward",A1,Front,B1,L2,G_rot_1,person_003__G_rot_1,tbd,full_body_mid_distance,[]
person_003,train,10,P3,"Seated upright, knees forward",A2,30° left,B1,L2,G_rot_1,person_003__G_rot_1,tbd,full_body_mid_distance,[]
person_003,train,11,P3,"Seated upright, knees forward",A3,30° right,B3,L1,G_rot_1,person_003__G_rot_1,tbd,full_body_mid_distance,[]
person_003,train,12,P3,"Seated upright, knees forward",A4,Near profile,B3,L1,G_rot_1,person_003__G_rot_1,tbd,full_body_mid_distance,[]
person_003,train,13,P4,Seated side posture,A1,Front,B2,L2,G_rot_2,person_003__G_rot_2,tbd,full_body_mid_distance,[]
person_003,train,14,P4,Seated side posture,A2,30° left,B2,L2,G_rot_2,person_003__G_rot_2,tbd,full_body_mid_distance,[]
person_003,train,15,P4,Seated side posture,A3,30° right,B3,L1,G_rot_2,person_003__G_rot_2,tbd,full_body_mid_distance,[]
person_003,train,16,P4,Seated side posture,A4,Near profile,B3,L2,G_rot_2,person_003__G_rot_2,tbd,full_body_mid_distance,[]
person_003,train,17,P5,Motion pose (step/walk freeze),A1,Front,B1,L1,G_rot_3,person_003__G_rot_3,tbd,full_body_mid_distance,[]
person_003,train,18,P5,Motion pose (step/walk freeze),A2,30° left,B1,L2,G_rot_3,person_003__G_rot_3,tbd,full_body_mid_distance,[]
person_003,train,19,P5,Motion pose (step/walk freeze),A3,30° right,B2,L1,G_rot_3,person_003__G_rot_3,tbd,full_body_mid_distance,[]
person_003,train,20,P5,Motion pose (step/walk freeze),A4,Near profile,B2,L2,G_rot_3,person_003__G_rot_3,tbd,full_body_mid_distance,[]
person_004,train,01,P1,"Standing neutral, arms relaxed",A1,Front,B1,L1,G_core_1,person_004__G_core_1,tbd,full_body_mid_distance,[]
person_004,train,02,P1,"Standing neutral, arms relaxed",A2,30° left,B1,L1,G_core_1,person_004__G_core_1,tbd,full_body_mid_distance,[]
person_004,train,03,P1,"Standing neutral, arms relaxed",A3,30° right,B1,L1,G_core_1,person_004__G_core_1,tbd,full_body_mid_distance,[]
person_004,train,04,P1,"Standing neutral, arms relaxed",A4,Near profile,B1,L2,G_core_1,person_004__G_core_1,tbd,full_body_mid_distance,[]
person_004,train,05,P2,Standing contrapposto (weight shift),A1,Front,B2,L1,G_core_2,person_004__G_core_2,tbd,full_body_mid_distance,[]
person_004,train,06,P2,Standing contrapposto (weight shift),A2,30° left,B2,L1,G_core_2,person_004__G_core_2,tbd,full_body_mid_distance,[]
person_004,train,07,P2,Standing contrapposto (weight shift),A3,30° right,B2,L2,G_core_2,person_004__G_core_2,tbd,full_body_mid_distance,[]
person_004,train,08,P2,Standing contrapposto (weight shift),A4,Near profile,B2,L2,G_core_2,person_004__G_core_2,tbd,full_body_mid_distance,[]
person_004,train,09,P3,"Seated upright, knees forward",A1,Front,B1,L2,G_rot_1,person_004__G_rot_1,tbd,full_body_mid_distance,[]
person_004,train,10,P3,"Seated upright, knees forward",A2,30° left,B1,L2,G_rot_1,person_004__G_rot_1,tbd,full_body_mid_distance,[]
person_004,train,11,P3,"Seated upright, knees forward",A3,30° right,B3,L1,G_rot_1,person_004__G_rot_1,tbd,full_body_mid_distance,[]
person_004,train,12,P3,"Seated upright, knees forward",A4,Near profile,B3,L1,G_rot_1,person_004__G_rot_1,tbd,full_body_mid_distance,[]
person_004,train,13,P4,Seated side posture,A1,Front,B2,L2,G_rot_2,person_004__G_rot_2,tbd,full_body_mid_distance,[]
person_004,train,14,P4,Seated side posture,A2,30° left,B2,L2,G_rot_2,person_004__G_rot_2,tbd,full_body_mid_distance,[]
person_004,train,15,P4,Seated side posture,A3,30° right,B3,L1,G_rot_2,person_004__G_rot_2,tbd,full_body_mid_distance,[]
person_004,train,16,P4,Seated side posture,A4,Near profile,B3,L2,G_rot_2,person_004__G_rot_2,tbd,full_body_mid_distance,[]
person_004,train,17,P5,Motion pose (step/walk freeze),A1,Front,B1,L1,G_rot_3,person_004__G_rot_3,tbd,full_body_mid_distance,[]
person_004,train,18,P5,Motion pose (step/walk freeze),A2,30° left,B1,L2,G_rot_3,person_004__G_rot_3,tbd,full_body_mid_distance,[]
person_004,train,19,P5,Motion pose (step/walk freeze),A3,30° right,B2,L1,G_rot_3,person_004__G_rot_3,tbd,full_body_mid_distance,[]
person_004,train,20,P5,Motion pose (step/walk freeze),A4,Near profile,B2,L2,G_rot_3,person_004__G_rot_3,tbd,full_body_mid_distance,[]
person_005,train,01,P1,"Standing neutral, arms relaxed",A1,Front,B1,L1,G_core_1,person_005__G_core_1,tbd,full_body_mid_distance,[]
person_005,train,02,P1,"Standing neutral, arms relaxed",A2,30° left,B1,L1,G_core_1,person_005__G_core_1,tbd,full_body_mid_distance,[]
person_005,train,03,P1,"Standing neutral, arms relaxed",A3,30° right,B1,L1,G_core_1,person_005__G_core_1,tbd,full_body_mid_distance,[]
person_005,train,04,P1,"Standing neutral, arms relaxed",A4,Near profile,B1,L2,G_core_1,person_005__G_core_1,tbd,full_body_mid_distance,[]
person_005,train,05,P2,Standing contrapposto (weight shift),A1,Front,B2,L1,G_core_2,person_005__G_core_2,tbd,full_body_mid_distance,[]
person_005,train,06,P2,Standing contrapposto (weight shift),A2,30° left,B2,L1,G_core_2,person_005__G_core_2,tbd,full_body_mid_distance,[]
person_005,train,07,P2,Standing contrapposto (weight shift),A3,30° right,B2,L2,G_core_2,person_005__G_core_2,tbd,full_body_mid_distance,[]
person_005,train,08,P2,Standing contrapposto (weight shift),A4,Near profile,B2,L2,G_core_2,person_005__G_core_2,tbd,full_body_mid_distance,[]
person_005,train,09,P3,"Seated upright, knees forward",A1,Front,B1,L2,G_rot_1,person_005__G_rot_1,tbd,full_body_mid_distance,[]
person_005,train,10,P3,"Seated upright, knees forward",A2,30° left,B1,L2,G_rot_1,person_005__G_rot_1,tbd,full_body_mid_distance,[]
person_005,train,11,P3,"Seated upright, knees forward",A3,30° right,B3,L1,G_rot_1,person_005__G_rot_1,tbd,full_body_mid_distance,[]
person_005,train,12,P3,"Seated upright, knees forward",A4,Near profile,B3,L1,G_rot_1,person_005__G_rot_1,tbd,full_body_mid_distance,[]
person_005,train,13,P4,Seated side posture,A1,Front,B2,L2,G_rot_2,person_005__G_rot_2,tbd,full_body_mid_distance,[]
person_005,train,14,P4,Seated side posture,A2,30° left,B2,L2,G_rot_2,person_005__G_rot_2,tbd,full_body_mid_distance,[]
person_005,train,15,P4,Seated side posture,A3,30° right,B3,L1,G_rot_2,person_005__G_rot_2,tbd,full_body_mid_distance,[]
person_005,train,16,P4,Seated side posture,A4,Near profile,B3,L2,G_rot_2,person_005__G_rot_2,tbd,full_body_mid_distance,[]
person_005,train,17,P5,Motion pose (step/walk freeze),A1,Front,B1,L1,G_rot_3,person_005__G_rot_3,tbd,full_body_mid_distance,[]
person_005,train,18,P5,Motion pose (step/walk freeze),A2,30° left,B1,L2,G_rot_3,person_005__G_rot_3,tbd,full_body_mid_distance,[]
person_005,train,19,P5,Motion pose (step/walk freeze),A3,30° right,B2,L1,G_rot_3,person_005__G_rot_3,tbd,full_body_mid_distance,[]
person_005,train,20,P5,Motion pose (step/walk freeze),A4,Near profile,B2,L2,G_rot_3,person_005__G_rot_3,tbd,full_body_mid_distance,[]
person_006,train,01,P1,"Standing neutral, arms relaxed",A1,Front,B1,L1,G_core_1,person_006__G_core_1,tbd,full_body_mid_distance,[]
person_006,train,02,P1,"Standing neutral, arms relaxed",A2,30° left,B1,L1,G_core_1,person_006__G_core_1,tbd,full_body_mid_distance,[]
person_006,train,03,P1,"Standing neutral, arms relaxed",A3,30° right,B1,L1,G_core_1,person_006__G_core_1,tbd,full_body_mid_distance,[]
person_006,train,04,P1,"Standing neutral, arms relaxed",A4,Near profile,B1,L2,G_core_1,person_006__G_core_1,tbd,full_body_mid_distance,[]
person_006,train,05,P2,Standing contrapposto (weight shift),A1,Front,B2,L1,G_core_2,person_006__G_core_2,tbd,full_body_mid_distance,[]
person_006,train,06,P2,Standing contrapposto (weight shift),A2,30° left,B2,L1,G_core_2,person_006__G_core_2,tbd,full_body_mid_distance,[]
person_006,train,07,P2,Standing contrapposto (weight shift),A3,30° right,B2,L2,G_core_2,person_006__G_core_2,tbd,full_body_mid_distance,[]
person_006,train,08,P2,Standing contrapposto (weight shift),A4,Near profile,B2,L2,G_core_2,person_006__G_core_2,tbd,full_body_mid_distance,[]
person_006,train,09,P3,"Seated upright, knees forward",A1,Front,B1,L2,G_rot_1,person_006__G_rot_1,tbd,full_body_mid_distance,[]
person_006,train,10,P3,"Seated upright, knees forward",A2,30° left,B1,L2,G_rot_1,person_006__G_rot_1,tbd,full_body_mid_distance,[]
person_006,train,11,P3,"Seated upright, knees forward",A3,30° right,B3,L1,G_rot_1,person_006__G_rot_1,tbd,full_body_mid_distance,[]
person_006,train,12,P3,"Seated upright, knees forward",A4,Near profile,B3,L1,G_rot_1,person_006__G_rot_1,tbd,full_body_mid_distance,[]
person_006,train,13,P4,Seated side posture,A1,Front,B2,L2,G_rot_2,person_006__G_rot_2,tbd,full_body_mid_distance,[]
person_006,train,14,P4,Seated side posture,A2,30° left,B2,L2,G_rot_2,person_006__G_rot_2,tbd,full_body_mid_distance,[]
person_006,train,15,P4,Seated side posture,A3,30° right,B3,L1,G_rot_2,person_006__G_rot_2,tbd,full_body_mid_distance,[]
person_006,train,16,P4,Seated side posture,A4,Near profile,B3,L2,G_rot_2,person_006__G_rot_2,tbd,full_body_mid_distance,[]
person_006,train,17,P5,Motion pose (step/walk freeze),A1,Front,B1,L1,G_rot_3,person_006__G_rot_3,tbd,full_body_mid_distance,[]
person_006,train,18,P5,Motion pose (step/walk freeze),A2,30° left,B1,L2,G_rot_3,person_006__G_rot_3,tbd,full_body_mid_distance,[]
person_006,train,19,P5,Motion pose (step/walk freeze),A3,30° right,B2,L1,G_rot_3,person_006__G_rot_3,tbd,full_body_mid_distance,[]
person_006,train,20,P5,Motion pose (step/walk freeze),A4,Near profile,B2,L2,G_rot_3,person_006__G_rot_3,tbd,full_body_mid_distance,[]
person_007,train,01,P1,"Standing neutral, arms relaxed",A1,Front,B1,L1,G_core_1,person_007__G_core_1,tbd,full_body_mid_distance,[]
person_007,train,02,P1,"Standing neutral, arms relaxed",A2,30° left,B1,L1,G_core_1,person_007__G_core_1,tbd,full_body_mid_distance,[]
person_007,train,03,P1,"Standing neutral, arms relaxed",A3,30° right,B1,L1,G_core_1,person_007__G_core_1,tbd,full_body_mid_distance,[]
person_007,train,04,P1,"Standing neutral, arms relaxed",A4,Near profile,B1,L2,G_core_1,person_007__G_core_1,tbd,full_body_mid_distance,[]
person_007,train,05,P2,Standing contrapposto (weight shift),A1,Front,B2,L1,G_core_2,person_007__G_core_2,tbd,full_body_mid_distance,[]
person_007,train,06,P2,Standing contrapposto (weight shift),A2,30° left,B2,L1,G_core_2,person_007__G_core_2,tbd,full_body_mid_distance,[]
person_007,train,07,P2,Standing contrapposto (weight shift),A3,30° right,B2,L2,G_core_2,person_007__G_core_2,tbd,full_body_mid_distance,[]
person_007,train,08,P2,Standing contrapposto (weight shift),A4,Near profile,B2,L2,G_core_2,person_007__G_core_2,tbd,full_body_mid_distance,[]
person_007,train,09,P3,"Seated upright, knees forward",A1,Front,B1,L2,G_rot_1,person_007__G_rot_1,tbd,full_body_mid_distance,[]
person_007,train,10,P3,"Seated upright, knees forward",A2,30° left,B1,L2,G_rot_1,person_007__G_rot_1,tbd,full_body_mid_distance,[]
person_007,train,11,P3,"Seated upright, knees forward",A3,30° right,B3,L1,G_rot_1,person_007__G_rot_1,tbd,full_body_mid_distance,[]
person_007,train,12,P3,"Seated upright, knees forward",A4,Near profile,B3,L1,G_rot_1,person_007__G_rot_1,tbd,full_body_mid_distance,[]
person_007,train,13,P4,Seated side posture,A1,Front,B2,L2,G_rot_2,person_007__G_rot_2,tbd,full_body_mid_distance,[]
person_007,train,14,P4,Seated side posture,A2,30° left,B2,L2,G_rot_2,person_007__G_rot_2,tbd,full_body_mid_distance,[]
person_007,train,15,P4,Seated side posture,A3,30° right,B3,L1,G_rot_2,person_007__G_rot_2,tbd,full_body_mid_distance,[]
person_007,train,16,P4,Seated side posture,A4,Near profile,B3,L2,G_rot_2,person_007__G_rot_2,tbd,full_body_mid_distance,[]
person_007,train,17,P5,Motion pose (step/walk freeze),A1,Front,B1,L1,G_rot_3,person_007__G_rot_3,tbd,full_body_mid_distance,[]
person_007,train,18,P5,Motion pose (step/walk freeze),A2,30° left,B1,L2,G_rot_3,person_007__G_rot_3,tbd,full_body_mid_distance,[]
person_007,train,19,P5,Motion pose (step/walk freeze),A3,30° right,B2,L1,G_rot_3,person_007__G_rot_3,tbd,full_body_mid_distance,[]
person_007,train,20,P5,Motion pose (step/walk freeze),A4,Near profile,B2,L2,G_rot_3,person_007__G_rot_3,tbd,full_body_mid_distance,[]
person_008,train,01,P1,"Standing neutral, arms relaxed",A1,Front,B1,L1,G_core_1,person_008__G_core_1,tbd,full_body_mid_distance,[]
person_008,train,02,P1,"Standing neutral, arms relaxed",A2,30° left,B1,L1,G_core_1,person_008__G_core_1,tbd,full_body_mid_distance,[]
person_008,train,03,P1,"Standing neutral, arms relaxed",A3,30° right,B1,L1,G_core_1,person_008__G_core_1,tbd,full_body_mid_distance,[]
person_008,train,04,P1,"Standing neutral, arms relaxed",A4,Near profile,B1,L2,G_core_1,person_008__G_core_1,tbd,full_body_mid_distance,[]
person_008,train,05,P2,Standing contrapposto (weight shift),A1,Front,B2,L1,G_core_2,person_008__G_core_2,tbd,full_body_mid_distance,[]
person_008,train,06,P2,Standing contrapposto (weight shift),A2,30° left,B2,L1,G_core_2,person_008__G_core_2,tbd,full_body_mid_distance,[]
person_008,train,07,P2,Standing contrapposto (weight shift),A3,30° right,B2,L2,G_core_2,person_008__G_core_2,tbd,full_body_mid_distance,[]
person_008,train,08,P2,Standing contrapposto (weight shift),A4,Near profile,B2,L2,G_core_2,person_008__G_core_2,tbd,full_body_mid_distance,[]
person_008,train,09,P3,"Seated upright, knees forward",A1,Front,B1,L2,G_rot_1,person_008__G_rot_1,tbd,full_body_mid_distance,[]
person_008,train,10,P3,"Seated upright, knees forward",A2,30° left,B1,L2,G_rot_1,person_008__G_rot_1,tbd,full_body_mid_distance,[]
person_008,train,11,P3,"Seated upright, knees forward",A3,30° right,B3,L1,G_rot_1,person_008__G_rot_1,tbd,full_body_mid_distance,[]
person_008,train,12,P3,"Seated upright, knees forward",A4,Near profile,B3,L1,G_rot_1,person_008__G_rot_1,tbd,full_body_mid_distance,[]
person_008,train,13,P4,Seated side posture,A1,Front,B2,L2,G_rot_2,person_008__G_rot_2,tbd,full_body_mid_distance,[]
person_008,train,14,P4,Seated side posture,A2,30° left,B2,L2,G_rot_2,person_008__G_rot_2,tbd,full_body_mid_distance,[]
person_008,train,15,P4,Seated side posture,A3,30° right,B3,L1,G_rot_2,person_008__G_rot_2,tbd,full_body_mid_distance,[]
person_008,train,16,P4,Seated side posture,A4,Near profile,B3,L2,G_rot_2,person_008__G_rot_2,tbd,full_body_mid_distance,[]
person_008,train,17,P5,Motion pose (step/walk freeze),A1,Front,B1,L1,G_rot_3,person_008__G_rot_3,tbd,full_body_mid_distance,[]
person_008,train,18,P5,Motion pose (step/walk freeze),A2,30° left,B1,L2,G_rot_3,person_008__G_rot_3,tbd,full_body_mid_distance,[]
person_008,train,19,P5,Motion pose (step/walk freeze),A3,30° right,B2,L1,G_rot_3,person_008__G_rot_3,tbd,full_body_mid_distance,[]
person_008,train,20,P5,Motion pose (step/walk freeze),A4,Near profile,B2,L2,G_rot_3,person_008__G_rot_3,tbd,full_body_mid_distance,[]
person_009,train,01,P1,"Standing neutral, arms relaxed",A1,Front,B1,L1,G_core_1,person_009__G_core_1,tbd,full_body_mid_distance,[]
person_009,train,02,P1,"Standing neutral, arms relaxed",A2,30° left,B1,L1,G_core_1,person_009__G_core_1,tbd,full_body_mid_distance,[]
person_009,train,03,P1,"Standing neutral, arms relaxed",A3,30° right,B1,L1,G_core_1,person_009__G_core_1,tbd,full_body_mid_distance,[]
person_009,train,04,P1,"Standing neutral, arms relaxed",A4,Near profile,B1,L2,G_core_1,person_009__G_core_1,tbd,full_body_mid_distance,[]
person_009,train,05,P2,Standing contrapposto (weight shift),A1,Front,B2,L1,G_core_2,person_009__G_core_2,tbd,full_body_mid_distance,[]
person_009,train,06,P2,Standing contrapposto (weight shift),A2,30° left,B2,L1,G_core_2,person_009__G_core_2,tbd,full_body_mid_distance,[]
person_009,train,07,P2,Standing contrapposto (weight shift),A3,30° right,B2,L2,G_core_2,person_009__G_core_2,tbd,full_body_mid_distance,[]
person_009,train,08,P2,Standing contrapposto (weight shift),A4,Near profile,B2,L2,G_core_2,person_009__G_core_2,tbd,full_body_mid_distance,[]
person_009,train,09,P3,"Seated upright, knees forward",A1,Front,B1,L2,G_rot_1,person_009__G_rot_1,tbd,full_body_mid_distance,[]
person_009,train,10,P3,"Seated upright, knees forward",A2,30° left,B1,L2,G_rot_1,person_009__G_rot_1,tbd,full_body_mid_distance,[]
person_009,train,11,P3,"Seated upright, knees forward",A3,30° right,B3,L1,G_rot_1,person_009__G_rot_1,tbd,full_body_mid_distance,[]
person_009,train,12,P3,"Seated upright, knees forward",A4,Near profile,B3,L1,G_rot_1,person_009__G_rot_1,tbd,full_body_mid_distance,[]
person_009,train,13,P4,Seated side posture,A1,Front,B2,L2,G_rot_2,person_009__G_rot_2,tbd,full_body_mid_distance,[]
person_009,train,14,P4,Seated side posture,A2,30° left,B2,L2,G_rot_2,person_009__G_rot_2,tbd,full_body_mid_distance,[]
person_009,train,15,P4,Seated side posture,A3,30° right,B3,L1,G_rot_2,person_009__G_rot_2,tbd,full_body_mid_distance,[]
person_009,train,16,P4,Seated side posture,A4,Near profile,B3,L2,G_rot_2,person_009__G_rot_2,tbd,full_body_mid_distance,[]
person_009,train,17,P5,Motion pose (step/walk freeze),A1,Front,B1,L1,G_rot_3,person_009__G_rot_3,tbd,full_body_mid_distance,[]
person_009,train,18,P5,Motion pose (step/walk freeze),A2,30° left,B1,L2,G_rot_3,person_009__G_rot_3,tbd,full_body_mid_distance,[]
person_009,train,19,P5,Motion pose (step/walk freeze),A3,30° right,B2,L1,G_rot_3,person_009__G_rot_3,tbd,full_body_mid_distance,[]
person_009,train,20,P5,Motion pose (step/walk freeze),A4,Near profile,B2,L2,G_rot_3,person_009__G_rot_3,tbd,full_body_mid_distance,[]
person_010,train,01,P1,"Standing neutral, arms relaxed",A1,Front,B1,L1,G_core_1,person_010__G_core_1,tbd,full_body_mid_distance,[]
person_010,train,02,P1,"Standing neutral, arms relaxed",A2,30° left,B1,L1,G_core_1,person_010__G_core_1,tbd,full_body_mid_distance,[]
person_010,train,03,P1,"Standing neutral, arms relaxed",A3,30° right,B1,L1,G_core_1,person_010__G_core_1,tbd,full_body_mid_distance,[]
person_010,train,04,P1,"Standing neutral, arms relaxed",A4,Near profile,B1,L2,G_core_1,person_010__G_core_1,tbd,full_body_mid_distance,[]
person_010,train,05,P2,Standing contrapposto (weight shift),A1,Front,B2,L1,G_core_2,person_010__G_core_2,tbd,full_body_mid_distance,[]
person_010,train,06,P2,Standing contrapposto (weight shift),A2,30° left,B2,L1,G_core_2,person_010__G_core_2,tbd,full_body_mid_distance,[]
person_010,train,07,P2,Standing contrapposto (weight shift),A3,30° right,B2,L2,G_core_2,person_010__G_core_2,tbd,full_body_mid_distance,[]
person_010,train,08,P2,Standing contrapposto (weight shift),A4,Near profile,B2,L2,G_core_2,person_010__G_core_2,tbd,full_body_mid_distance,[]
person_010,train,09,P3,"Seated upright, knees forward",A1,Front,B1,L2,G_rot_1,person_010__G_rot_1,tbd,full_body_mid_distance,[]
person_010,train,10,P3,"Seated upright, knees forward",A2,30° left,B1,L2,G_rot_1,person_010__G_rot_1,tbd,full_body_mid_distance,[]
person_010,train,11,P3,"Seated upright, knees forward",A3,30° right,B3,L1,G_rot_1,person_010__G_rot_1,tbd,full_body_mid_distance,[]
person_010,train,12,P3,"Seated upright, knees forward",A4,Near profile,B3,L1,G_rot_1,person_010__G_rot_1,tbd,full_body_mid_distance,[]
person_010,train,13,P4,Seated side posture,A1,Front,B2,L2,G_rot_2,person_010__G_rot_2,tbd,full_body_mid_distance,[]
person_010,train,14,P4,Seated side posture,A2,30° left,B2,L2,G_rot_2,person_010__G_rot_2,tbd,full_body_mid_distance,[]
person_010,train,15,P4,Seated side posture,A3,30° right,B3,L1,G_rot_2,person_010__G_rot_2,tbd,full_body_mid_distance,[]
person_010,train,16,P4,Seated side posture,A4,Near profile,B3,L2,G_rot_2,person_010__G_rot_2,tbd,full_body_mid_distance,[]
person_010,train,17,P5,Motion pose (step/walk freeze),A1,Front,B1,L1,G_rot_3,person_010__G_rot_3,tbd,full_body_mid_distance,[]
person_010,train,18,P5,Motion pose (step/walk freeze),A2,30° left,B1,L2,G_rot_3,person_010__G_rot_3,tbd,full_body_mid_distance,[]
person_010,train,19,P5,Motion pose (step/walk freeze),A3,30° right,B2,L1,G_rot_3,person_010__G_rot_3,tbd,full_body_mid_distance,[]
person_010,train,20,P5,Motion pose (step/walk freeze),A4,Near profile,B2,L2,G_rot_3,person_010__G_rot_3,tbd,full_body_mid_distance,[]
person_011,train,01,P1,"Standing neutral, arms relaxed",A1,Front,B1,L1,G_core_1,person_011__G_core_1,tbd,full_body_mid_distance,[]
person_011,train,02,P1,"Standing neutral, arms relaxed",A2,30° left,B1,L1,G_core_1,person_011__G_core_1,tbd,full_body_mid_distance,[]
person_011,train,03,P1,"Standing neutral, arms relaxed",A3,30° right,B1,L1,G_core_1,person_011__G_core_1,tbd,full_body_mid_distance,[]
person_011,train,04,P1,"Standing neutral, arms relaxed",A4,Near profile,B1,L2,G_core_1,person_011__G_core_1,tbd,full_body_mid_distance,[]
person_011,train,05,P2,Standing contrapposto (weight shift),A1,Front,B2,L1,G_core_2,person_011__G_core_2,tbd,full_body_mid_distance,[]
person_011,train,06,P2,Standing contrapposto (weight shift),A2,30° left,B2,L1,G_core_2,person_011__G_core_2,tbd,full_body_mid_distance,[]
person_011,train,07,P2,Standing contrapposto (weight shift),A3,30° right,B2,L2,G_core_2,person_011__G_core_2,tbd,full_body_mid_distance,[]
person_011,train,08,P2,Standing contrapposto (weight shift),A4,Near profile,B2,L2,G_core_2,person_011__G_core_2,tbd,full_body_mid_distance,[]
person_011,train,09,P3,"Seated upright, knees forward",A1,Front,B1,L2,G_rot_1,person_011__G_rot_1,tbd,full_body_mid_distance,[]
person_011,train,10,P3,"Seated upright, knees forward",A2,30° left,B1,L2,G_rot_1,person_011__G_rot_1,tbd,full_body_mid_distance,[]
person_011,train,11,P3,"Seated upright, knees forward",A3,30° right,B3,L1,G_rot_1,person_011__G_rot_1,tbd,full_body_mid_distance,[]
person_011,train,12,P3,"Seated upright, knees forward",A4,Near profile,B3,L1,G_rot_1,person_011__G_rot_1,tbd,full_body_mid_distance,[]
person_011,train,13,P4,Seated side posture,A1,Front,B2,L2,G_rot_2,person_011__G_rot_2,tbd,full_body_mid_distance,[]
person_011,train,14,P4,Seated side posture,A2,30° left,B2,L2,G_rot_2,person_011__G_rot_2,tbd,full_body_mid_distance,[]
person_011,train,15,P4,Seated side posture,A3,30° right,B3,L1,G_rot_2,person_011__G_rot_2,tbd,full_body_mid_distance,[]
person_011,train,16,P4,Seated side posture,A4,Near profile,B3,L2,G_rot_2,person_011__G_rot_2,tbd,full_body_mid_distance,[]
person_011,train,17,P5,Motion pose (step/walk freeze),A1,Front,B1,L1,G_rot_3,person_011__G_rot_3,tbd,full_body_mid_distance,[]
person_011,train,18,P5,Motion pose (step/walk freeze),A2,30° left,B1,L2,G_rot_3,person_011__G_rot_3,tbd,full_body_mid_distance,[]
person_011,train,19,P5,Motion pose (step/walk freeze),A3,30° right,B2,L1,G_rot_3,person_011__G_rot_3,tbd,full_body_mid_distance,[]
person_011,train,20,P5,Motion pose (step/walk freeze),A4,Near profile,B2,L2,G_rot_3,person_011__G_rot_3,tbd,full_body_mid_distance,[]
person_012,train,01,P1,"Standing neutral, arms relaxed",A1,Front,B1,L1,G_core_1,person_012__G_core_1,tbd,full_body_mid_distance,[]
person_012,train,02,P1,"Standing neutral, arms relaxed",A2,30° left,B1,L1,G_core_1,person_012__G_core_1,tbd,full_body_mid_distance,[]
person_012,train,03,P1,"Standing neutral, arms relaxed",A3,30° right,B1,L1,G_core_1,person_012__G_core_1,tbd,full_body_mid_distance,[]
person_012,train,04,P1,"Standing neutral, arms relaxed",A4,Near profile,B1,L2,G_core_1,person_012__G_core_1,tbd,full_body_mid_distance,[]
person_012,train,05,P2,Standing contrapposto (weight shift),A1,Front,B2,L1,G_core_2,person_012__G_core_2,tbd,full_body_mid_distance,[]
person_012,train,06,P2,Standing contrapposto (weight shift),A2,30° left,B2,L1,G_core_2,person_012__G_core_2,tbd,full_body_mid_distance,[]
person_012,train,07,P2,Standing contrapposto (weight shift),A3,30° right,B2,L2,G_core_2,person_012__G_core_2,tbd,full_body_mid_distance,[]
person_012,train,08,P2,Standing contrapposto (weight shift),A4,Near profile,B2,L2,G_core_2,person_012__G_core_2,tbd,full_body_mid_distance,[]
person_012,train,09,P3,"Seated upright, knees forward",A1,Front,B1,L2,G_rot_1,person_012__G_rot_1,tbd,full_body_mid_distance,[]
person_012,train,10,P3,"Seated upright, knees forward",A2,30° left,B1,L2,G_rot_1,person_012__G_rot_1,tbd,full_body_mid_distance,[]
person_012,train,11,P3,"Seated upright, knees forward",A3,30° right,B3,L1,G_rot_1,person_012__G_rot_1,tbd,full_body_mid_distance,[]
person_012,train,12,P3,"Seated upright, knees forward",A4,Near profile,B3,L1,G_rot_1,person_012__G_rot_1,tbd,full_body_mid_distance,[]
person_012,train,13,P4,Seated side posture,A1,Front,B2,L2,G_rot_2,person_012__G_rot_2,tbd,full_body_mid_distance,[]
person_012,train,14,P4,Seated side posture,A2,30° left,B2,L2,G_rot_2,person_012__G_rot_2,tbd,full_body_mid_distance,[]
person_012,train,15,P4,Seated side posture,A3,30° right,B3,L1,G_rot_2,person_012__G_rot_2,tbd,full_body_mid_distance,[]
person_012,train,16,P4,Seated side posture,A4,Near profile,B3,L2,G_rot_2,person_012__G_rot_2,tbd,full_body_mid_distance,[]
person_012,train,17,P5,Motion pose (step/walk freeze),A1,Front,B1,L1,G_rot_3,person_012__G_rot_3,tbd,full_body_mid_distance,[]
person_012,train,18,P5,Motion pose (step/walk freeze),A2,30° left,B1,L2,G_rot_3,person_012__G_rot_3,tbd,full_body_mid_distance,[]
person_012,train,19,P5,Motion pose (step/walk freeze),A3,30° right,B2,L1,G_rot_3,person_012__G_rot_3,tbd,full_body_mid_distance,[]
person_012,train,20,P5,Motion pose (step/walk freeze),A4,Near profile,B2,L2,G_rot_3,person_012__G_rot_3,tbd,full_body_mid_distance,[]
person_013,train,01,P1,"Standing neutral, arms relaxed",A1,Front,B1,L1,G_core_1,person_013__G_core_1,tbd,full_body_mid_distance,[]
person_013,train,02,P1,"Standing neutral, arms relaxed",A2,30° left,B1,L1,G_core_1,person_013__G_core_1,tbd,full_body_mid_distance,[]
person_013,train,03,P1,"Standing neutral, arms relaxed",A3,30° right,B1,L1,G_core_1,person_013__G_core_1,tbd,full_body_mid_distance,[]
person_013,train,04,P1,"Standing neutral, arms relaxed",A4,Near profile,B1,L2,G_core_1,person_013__G_core_1,tbd,full_body_mid_distance,[]
person_013,train,05,P2,Standing contrapposto (weight shift),A1,Front,B2,L1,G_core_2,person_013__G_core_2,tbd,full_body_mid_distance,[]
person_013,train,06,P2,Standing contrapposto (weight shift),A2,30° left,B2,L1,G_core_2,person_013__G_core_2,tbd,full_body_mid_distance,[]
person_013,train,07,P2,Standing contrapposto (weight shift),A3,30° right,B2,L2,G_core_2,person_013__G_core_2,tbd,full_body_mid_distance,[]
person_013,train,08,P2,Standing contrapposto (weight shift),A4,Near profile,B2,L2,G_core_2,person_013__G_core_2,tbd,full_body_mid_distance,[]
person_013,train,09,P3,"Seated upright, knees forward",A1,Front,B1,L2,G_rot_1,person_013__G_rot_1,tbd,full_body_mid_distance,[]
person_013,train,10,P3,"Seated upright, knees forward",A2,30° left,B1,L2,G_rot_1,person_013__G_rot_1,tbd,full_body_mid_distance,[]
person_013,train,11,P3,"Seated upright, knees forward",A3,30° right,B3,L1,G_rot_1,person_013__G_rot_1,tbd,full_body_mid_distance,[]
person_013,train,12,P3,"Seated upright, knees forward",A4,Near profile,B3,L1,G_rot_1,person_013__G_rot_1,tbd,full_body_mid_distance,[]
person_013,train,13,P4,Seated side posture,A1,Front,B2,L2,G_rot_2,person_013__G_rot_2,tbd,full_body_mid_distance,[]
person_013,train,14,P4,Seated side posture,A2,30° left,B2,L2,G_rot_2,person_013__G_rot_2,tbd,full_body_mid_distance,[]
person_013,train,15,P4,Seated side posture,A3,30° right,B3,L1,G_rot_2,person_013__G_rot_2,tbd,full_body_mid_distance,[]
person_013,train,16,P4,Seated side posture,A4,Near profile,B3,L2,G_rot_2,person_013__G_rot_2,tbd,full_body_mid_distance,[]
person_013,train,17,P5,Motion pose (step/walk freeze),A1,Front,B1,L1,G_rot_3,person_013__G_rot_3,tbd,full_body_mid_distance,[]
person_013,train,18,P5,Motion pose (step/walk freeze),A2,30° left,B1,L2,G_rot_3,person_013__G_rot_3,tbd,full_body_mid_distance,[]
person_013,train,19,P5,Motion pose (step/walk freeze),A3,30° right,B2,L1,G_rot_3,person_013__G_rot_3,tbd,full_body_mid_distance,[]
person_013,train,20,P5,Motion pose (step/walk freeze),A4,Near profile,B2,L2,G_rot_3,person_013__G_rot_3,tbd,full_body_mid_distance,[]
person_014,train,01,P1,"Standing neutral, arms relaxed",A1,Front,B1,L1,G_core_1,person_014__G_core_1,tbd,full_body_mid_distance,[]
person_014,train,02,P1,"Standing neutral, arms relaxed",A2,30° left,B1,L1,G_core_1,person_014__G_core_1,tbd,full_body_mid_distance,[]
person_014,train,03,P1,"Standing neutral, arms relaxed",A3,30° right,B1,L1,G_core_1,person_014__G_core_1,tbd,full_body_mid_distance,[]
person_014,train,04,P1,"Standing neutral, arms relaxed",A4,Near profile,B1,L2,G_core_1,person_014__G_core_1,tbd,full_body_mid_distance,[]
person_014,train,05,P2,Standing contrapposto (weight shift),A1,Front,B2,L1,G_core_2,person_014__G_core_2,tbd,full_body_mid_distance,[]
person_014,train,06,P2,Standing contrapposto (weight shift),A2,30° left,B2,L1,G_core_2,person_014__G_core_2,tbd,full_body_mid_distance,[]
person_014,train,07,P2,Standing contrapposto (weight shift),A3,30° right,B2,L2,G_core_2,person_014__G_core_2,tbd,full_body_mid_distance,[]
person_014,train,08,P2,Standing contrapposto (weight shift),A4,Near profile,B2,L2,G_core_2,person_014__G_core_2,tbd,full_body_mid_distance,[]
person_014,train,09,P3,"Seated upright, knees forward",A1,Front,B1,L2,G_rot_1,person_014__G_rot_1,tbd,full_body_mid_distance,[]
person_014,train,10,P3,"Seated upright, knees forward",A2,30° left,B1,L2,G_rot_1,person_014__G_rot_1,tbd,full_body_mid_distance,[]
person_014,train,11,P3,"Seated upright, knees forward",A3,30° right,B3,L1,G_rot_1,person_014__G_rot_1,tbd,full_body_mid_distance,[]
person_014,train,12,P3,"Seated upright, knees forward",A4,Near profile,B3,L1,G_rot_1,person_014__G_rot_1,tbd,full_body_mid_distance,[]
person_014,train,13,P4,Seated side posture,A1,Front,B2,L2,G_rot_2,person_014__G_rot_2,tbd,full_body_mid_distance,[]
person_014,train,14,P4,Seated side posture,A2,30° left,B2,L2,G_rot_2,person_014__G_rot_2,tbd,full_body_mid_distance,[]
person_014,train,15,P4,Seated side posture,A3,30° right,B3,L1,G_rot_2,person_014__G_rot_2,tbd,full_body_mid_distance,[]
person_014,train,16,P4,Seated side posture,A4,Near profile,B3,L2,G_rot_2,person_014__G_rot_2,tbd,full_body_mid_distance,[]
person_014,train,17,P5,Motion pose (step/walk freeze),A1,Front,B1,L1,G_rot_3,person_014__G_rot_3,tbd,full_body_mid_distance,[]
person_014,train,18,P5,Motion pose (step/walk freeze),A2,30° left,B1,L2,G_rot_3,person_014__G_rot_3,tbd,full_body_mid_distance,[]
person_014,train,19,P5,Motion pose (step/walk freeze),A3,30° right,B2,L1,G_rot_3,person_014__G_rot_3,tbd,full_body_mid_distance,[]
person_014,train,20,P5,Motion pose (step/walk freeze),A4,Near profile,B2,L2,G_rot_3,person_014__G_rot_3,tbd,full_body_mid_distance,[]
person_015,train,01,P1,"Standing neutral, arms relaxed",A1,Front,B1,L1,G_core_1,person_015__G_core_1,tbd,full_body_mid_distance,[]
person_015,train,02,P1,"Standing neutral, arms relaxed",A2,30° left,B1,L1,G_core_1,person_015__G_core_1,tbd,full_body_mid_distance,[]
person_015,train,03,P1,"Standing neutral, arms relaxed",A3,30° right,B1,L1,G_core_1,person_015__G_core_1,tbd,full_body_mid_distance,[]
person_015,train,04,P1,"Standing neutral, arms relaxed",A4,Near profile,B1,L2,G_core_1,person_015__G_core_1,tbd,full_body_mid_distance,[]
person_015,train,05,P2,Standing contrapposto (weight shift),A1,Front,B2,L1,G_core_2,person_015__G_core_2,tbd,full_body_mid_distance,[]
person_015,train,06,P2,Standing contrapposto (weight shift),A2,30° left,B2,L1,G_core_2,person_015__G_core_2,tbd,full_body_mid_distance,[]
person_015,train,07,P2,Standing contrapposto (weight shift),A3,30° right,B2,L2,G_core_2,person_015__G_core_2,tbd,full_body_mid_distance,[]
person_015,train,08,P2,Standing contrapposto (weight shift),A4,Near profile,B2,L2,G_core_2,person_015__G_core_2,tbd,full_body_mid_distance,[]
person_015,train,09,P3,"Seated upright, knees forward",A1,Front,B1,L2,G_rot_1,person_015__G_rot_1,tbd,full_body_mid_distance,[]
person_015,train,10,P3,"Seated upright, knees forward",A2,30° left,B1,L2,G_rot_1,person_015__G_rot_1,tbd,full_body_mid_distance,[]
person_015,train,11,P3,"Seated upright, knees forward",A3,30° right,B3,L1,G_rot_1,person_015__G_rot_1,tbd,full_body_mid_distance,[]
person_015,train,12,P3,"Seated upright, knees forward",A4,Near profile,B3,L1,G_rot_1,person_015__G_rot_1,tbd,full_body_mid_distance,[]
person_015,train,13,P4,Seated side posture,A1,Front,B2,L2,G_rot_2,person_015__G_rot_2,tbd,full_body_mid_distance,[]
person_015,train,14,P4,Seated side posture,A2,30° left,B2,L2,G_rot_2,person_015__G_rot_2,tbd,full_body_mid_distance,[]
person_015,train,15,P4,Seated side posture,A3,30° right,B3,L1,G_rot_2,person_015__G_rot_2,tbd,full_body_mid_distance,[]
person_015,train,16,P4,Seated side posture,A4,Near profile,B3,L2,G_rot_2,person_015__G_rot_2,tbd,full_body_mid_distance,[]
person_015,train,17,P5,Motion pose (step/walk freeze),A1,Front,B1,L1,G_rot_3,person_015__G_rot_3,tbd,full_body_mid_distance,[]
person_015,train,18,P5,Motion pose (step/walk freeze),A2,30° left,B1,L2,G_rot_3,person_015__G_rot_3,tbd,full_body_mid_distance,[]
person_015,train,19,P5,Motion pose (step/walk freeze),A3,30° right,B2,L1,G_rot_3,person_015__G_rot_3,tbd,full_body_mid_distance,[]
person_015,train,20,P5,Motion pose (step/walk freeze),A4,Near profile,B2,L2,G_rot_3,person_015__G_rot_3,tbd,full_body_mid_distance,[]
person_016,train,01,P1,"Standing neutral, arms relaxed",A1,Front,B1,L1,G_core_1,person_016__G_core_1,tbd,full_body_mid_distance,[]
person_016,train,02,P1,"Standing neutral, arms relaxed",A2,30° left,B1,L1,G_core_1,person_016__G_core_1,tbd,full_body_mid_distance,[]
person_016,train,03,P1,"Standing neutral, arms relaxed",A3,30° right,B1,L1,G_core_1,person_016__G_core_1,tbd,full_body_mid_distance,[]
person_016,train,04,P1,"Standing neutral, arms relaxed",A4,Near profile,B1,L2,G_core_1,person_016__G_core_1,tbd,full_body_mid_distance,[]
person_016,train,05,P2,Standing contrapposto (weight shift),A1,Front,B2,L1,G_core_2,person_016__G_core_2,tbd,full_body_mid_distance,[]
person_016,train,06,P2,Standing contrapposto (weight shift),A2,30° left,B2,L1,G_core_2,person_016__G_core_2,tbd,full_body_mid_distance,[]
person_016,train,07,P2,Standing contrapposto (weight shift),A3,30° right,B2,L2,G_core_2,person_016__G_core_2,tbd,full_body_mid_distance,[]
person_016,train,08,P2,Standing contrapposto (weight shift),A4,Near profile,B2,L2,G_core_2,person_016__G_core_2,tbd,full_body_mid_distance,[]
person_016,train,09,P3,"Seated upright, knees forward",A1,Front,B1,L2,G_rot_1,person_016__G_rot_1,tbd,full_body_mid_distance,[]
person_016,train,10,P3,"Seated upright, knees forward",A2,30° left,B1,L2,G_rot_1,person_016__G_rot_1,tbd,full_body_mid_distance,[]
person_016,train,11,P3,"Seated upright, knees forward",A3,30° right,B3,L1,G_rot_1,person_016__G_rot_1,tbd,full_body_mid_distance,[]
person_016,train,12,P3,"Seated upright, knees forward",A4,Near profile,B3,L1,G_rot_1,person_016__G_rot_1,tbd,full_body_mid_distance,[]
person_016,train,13,P4,Seated side posture,A1,Front,B2,L2,G_rot_2,person_016__G_rot_2,tbd,full_body_mid_distance,[]
person_016,train,14,P4,Seated side posture,A2,30° left,B2,L2,G_rot_2,person_016__G_rot_2,tbd,full_body_mid_distance,[]
person_016,train,15,P4,Seated side posture,A3,30° right,B3,L1,G_rot_2,person_016__G_rot_2,tbd,full_body_mid_distance,[]
person_016,train,16,P4,Seated side posture,A4,Near profile,B3,L2,G_rot_2,person_016__G_rot_2,tbd,full_body_mid_distance,[]
person_016,train,17,P5,Motion pose (step/walk freeze),A1,Front,B1,L1,G_rot_3,person_016__G_rot_3,tbd,full_body_mid_distance,[]
person_016,train,18,P5,Motion pose (step/walk freeze),A2,30° left,B1,L2,G_rot_3,person_016__G_rot_3,tbd,full_body_mid_distance,[]
person_016,train,19,P5,Motion pose (step/walk freeze),A3,30° right,B2,L1,G_rot_3,person_016__G_rot_3,tbd,full_body_mid_distance,[]
person_016,train,20,P5,Motion pose (step/walk freeze),A4,Near profile,B2,L2,G_rot_3,person_016__G_rot_3,tbd,full_body_mid_distance,[]
person_017,train,01,P1,"Standing neutral, arms relaxed",A1,Front,B1,L1,G_core_1,person_017__G_core_1,tbd,full_body_mid_distance,[]
person_017,train,02,P1,"Standing neutral, arms relaxed",A2,30° left,B1,L1,G_core_1,person_017__G_core_1,tbd,full_body_mid_distance,[]
person_017,train,03,P1,"Standing neutral, arms relaxed",A3,30° right,B1,L1,G_core_1,person_017__G_core_1,tbd,full_body_mid_distance,[]
person_017,train,04,P1,"Standing neutral, arms relaxed",A4,Near profile,B1,L2,G_core_1,person_017__G_core_1,tbd,full_body_mid_distance,[]
person_017,train,05,P2,Standing contrapposto (weight shift),A1,Front,B2,L1,G_core_2,person_017__G_core_2,tbd,full_body_mid_distance,[]
person_017,train,06,P2,Standing contrapposto (weight shift),A2,30° left,B2,L1,G_core_2,person_017__G_core_2,tbd,full_body_mid_distance,[]
person_017,train,07,P2,Standing contrapposto (weight shift),A3,30° right,B2,L2,G_core_2,person_017__G_core_2,tbd,full_body_mid_distance,[]
person_017,train,08,P2,Standing contrapposto (weight shift),A4,Near profile,B2,L2,G_core_2,person_017__G_core_2,tbd,full_body_mid_distance,[]
person_017,train,09,P3,"Seated upright, knees forward",A1,Front,B1,L2,G_rot_1,person_017__G_rot_1,tbd,full_body_mid_distance,[]
person_017,train,10,P3,"Seated upright, knees forward",A2,30° left,B1,L2,G_rot_1,person_017__G_rot_1,tbd,full_body_mid_distance,[]
person_017,train,11,P3,"Seated upright, knees forward",A3,30° right,B3,L1,G_rot_1,person_017__G_rot_1,tbd,full_body_mid_distance,[]
person_017,train,12,P3,"Seated upright, knees forward",A4,Near profile,B3,L1,G_rot_1,person_017__G_rot_1,tbd,full_body_mid_distance,[]
person_017,train,13,P4,Seated side posture,A1,Front,B2,L2,G_rot_2,person_017__G_rot_2,tbd,full_body_mid_distance,[]
person_017,train,14,P4,Seated side posture,A2,30° left,B2,L2,G_rot_2,person_017__G_rot_2,tbd,full_body_mid_distance,[]
person_017,train,15,P4,Seated side posture,A3,30° right,B3,L1,G_rot_2,person_017__G_rot_2,tbd,full_body_mid_distance,[]
person_017,train,16,P4,Seated side posture,A4,Near profile,B3,L2,G_rot_2,person_017__G_rot_2,tbd,full_body_mid_distance,[]
person_017,train,17,P5,Motion pose (step/walk freeze),A1,Front,B1,L1,G_rot_3,person_017__G_rot_3,tbd,full_body_mid_distance,[]
person_017,train,18,P5,Motion pose (step/walk freeze),A2,30° left,B1,L2,G_rot_3,person_017__G_rot_3,tbd,full_body_mid_distance,[]
person_017,train,19,P5,Motion pose (step/walk freeze),A3,30° right,B2,L1,G_rot_3,person_017__G_rot_3,tbd,full_body_mid_distance,[]
person_017,train,20,P5,Motion pose (step/walk freeze),A4,Near profile,B2,L2,G_rot_3,person_017__G_rot_3,tbd,full_body_mid_distance,[]
person_018,train,01,P1,"Standing neutral, arms relaxed",A1,Front,B1,L1,G_core_1,person_018__G_core_1,tbd,full_body_mid_distance,[]
person_018,train,02,P1,"Standing neutral, arms relaxed",A2,30° left,B1,L1,G_core_1,person_018__G_core_1,tbd,full_body_mid_distance,[]
person_018,train,03,P1,"Standing neutral, arms relaxed",A3,30° right,B1,L1,G_core_1,person_018__G_core_1,tbd,full_body_mid_distance,[]
person_018,train,04,P1,"Standing neutral, arms relaxed",A4,Near profile,B1,L2,G_core_1,person_018__G_core_1,tbd,full_body_mid_distance,[]
person_018,train,05,P2,Standing contrapposto (weight shift),A1,Front,B2,L1,G_core_2,person_018__G_core_2,tbd,full_body_mid_distance,[]
person_018,train,06,P2,Standing contrapposto (weight shift),A2,30° left,B2,L1,G_core_2,person_018__G_core_2,tbd,full_body_mid_distance,[]
person_018,train,07,P2,Standing contrapposto (weight shift),A3,30° right,B2,L2,G_core_2,person_018__G_core_2,tbd,full_body_mid_distance,[]
person_018,train,08,P2,Standing contrapposto (weight shift),A4,Near profile,B2,L2,G_core_2,person_018__G_core_2,tbd,full_body_mid_distance,[]
person_018,train,09,P3,"Seated upright, knees forward",A1,Front,B1,L2,G_rot_1,person_018__G_rot_1,tbd,full_body_mid_distance,[]
person_018,train,10,P3,"Seated upright, knees forward",A2,30° left,B1,L2,G_rot_1,person_018__G_rot_1,tbd,full_body_mid_distance,[]
person_018,train,11,P3,"Seated upright, knees forward",A3,30° right,B3,L1,G_rot_1,person_018__G_rot_1,tbd,full_body_mid_distance,[]
person_018,train,12,P3,"Seated upright, knees forward",A4,Near profile,B3,L1,G_rot_1,person_018__G_rot_1,tbd,full_body_mid_distance,[]
person_018,train,13,P4,Seated side posture,A1,Front,B2,L2,G_rot_2,person_018__G_rot_2,tbd,full_body_mid_distance,[]
person_018,train,14,P4,Seated side posture,A2,30° left,B2,L2,G_rot_2,person_018__G_rot_2,tbd,full_body_mid_distance,[]
person_018,train,15,P4,Seated side posture,A3,30° right,B3,L1,G_rot_2,person_018__G_rot_2,tbd,full_body_mid_distance,[]
person_018,train,16,P4,Seated side posture,A4,Near profile,B3,L2,G_rot_2,person_018__G_rot_2,tbd,full_body_mid_distance,[]
person_018,train,17,P5,Motion pose (step/walk freeze),A1,Front,B1,L1,G_rot_3,person_018__G_rot_3,tbd,full_body_mid_distance,[]
person_018,train,18,P5,Motion pose (step/walk freeze),A2,30° left,B1,L2,G_rot_3,person_018__G_rot_3,tbd,full_body_mid_distance,[]
person_018,train,19,P5,Motion pose (step/walk freeze),A3,30° right,B2,L1,G_rot_3,person_018__G_rot_3,tbd,full_body_mid_distance,[]
person_018,train,20,P5,Motion pose (step/walk freeze),A4,Near profile,B2,L2,G_rot_3,person_018__G_rot_3,tbd,full_body_mid_distance,[]
person_019,train,01,P1,"Standing neutral, arms relaxed",A1,Front,B1,L1,G_core_1,person_019__G_core_1,tbd,full_body_mid_distance,[]
person_019,train,02,P1,"Standing neutral, arms relaxed",A2,30° left,B1,L1,G_core_1,person_019__G_core_1,tbd,full_body_mid_distance,[]
person_019,train,03,P1,"Standing neutral, arms relaxed",A3,30° right,B1,L1,G_core_1,person_019__G_core_1,tbd,full_body_mid_distance,[]
person_019,train,04,P1,"Standing neutral, arms relaxed",A4,Near profile,B1,L2,G_core_1,person_019__G_core_1,tbd,full_body_mid_distance,[]
person_019,train,05,P2,Standing contrapposto (weight shift),A1,Front,B2,L1,G_core_2,person_019__G_core_2,tbd,full_body_mid_distance,[]
person_019,train,06,P2,Standing contrapposto (weight shift),A2,30° left,B2,L1,G_core_2,person_019__G_core_2,tbd,full_body_mid_distance,[]
person_019,train,07,P2,Standing contrapposto (weight shift),A3,30° right,B2,L2,G_core_2,person_019__G_core_2,tbd,full_body_mid_distance,[]
person_019,train,08,P2,Standing contrapposto (weight shift),A4,Near profile,B2,L2,G_core_2,person_019__G_core_2,tbd,full_body_mid_distance,[]
person_019,train,09,P3,"Seated upright, knees forward",A1,Front,B1,L2,G_rot_1,person_019__G_rot_1,tbd,full_body_mid_distance,[]
person_019,train,10,P3,"Seated upright, knees forward",A2,30° left,B1,L2,G_rot_1,person_019__G_rot_1,tbd,full_body_mid_distance,[]
person_019,train,11,P3,"Seated upright, knees forward",A3,30° right,B3,L1,G_rot_1,person_019__G_rot_1,tbd,full_body_mid_distance,[]
person_019,train,12,P3,"Seated upright, knees forward",A4,Near profile,B3,L1,G_rot_1,person_019__G_rot_1,tbd,full_body_mid_distance,[]
person_019,train,13,P4,Seated side posture,A1,Front,B2,L2,G_rot_2,person_019__G_rot_2,tbd,full_body_mid_distance,[]
person_019,train,14,P4,Seated side posture,A2,30° left,B2,L2,G_rot_2,person_019__G_rot_2,tbd,full_body_mid_distance,[]
person_019,train,15,P4,Seated side posture,A3,30° right,B3,L1,G_rot_2,person_019__G_rot_2,tbd,full_body_mid_distance,[]
person_019,train,16,P4,Seated side posture,A4,Near profile,B3,L2,G_rot_2,person_019__G_rot_2,tbd,full_body_mid_distance,[]
person_019,train,17,P5,Motion pose (step/walk freeze),A1,Front,B1,L1,G_rot_3,person_019__G_rot_3,tbd,full_body_mid_distance,[]
person_019,train,18,P5,Motion pose (step/walk freeze),A2,30° left,B1,L2,G_rot_3,person_019__G_rot_3,tbd,full_body_mid_distance,[]
person_019,train,19,P5,Motion pose (step/walk freeze),A3,30° right,B2,L1,G_rot_3,person_019__G_rot_3,tbd,full_body_mid_distance,[]
person_019,train,20,P5,Motion pose (step/walk freeze),A4,Near profile,B2,L2,G_rot_3,person_019__G_rot_3,tbd,full_body_mid_distance,[]
person_020,train,01,P1,"Standing neutral, arms relaxed",A1,Front,B1,L1,G_core_1,person_020__G_core_1,tbd,full_body_mid_distance,[]
person_020,train,02,P1,"Standing neutral, arms relaxed",A2,30° left,B1,L1,G_core_1,person_020__G_core_1,tbd,full_body_mid_distance,[]
person_020,train,03,P1,"Standing neutral, arms relaxed",A3,30° right,B1,L1,G_core_1,person_020__G_core_1,tbd,full_body_mid_distance,[]
person_020,train,04,P1,"Standing neutral, arms relaxed",A4,Near profile,B1,L2,G_core_1,person_020__G_core_1,tbd,full_body_mid_distance,[]
person_020,train,05,P2,Standing contrapposto (weight shift),A1,Front,B2,L1,G_core_2,person_020__G_core_2,tbd,full_body_mid_distance,[]
person_020,train,06,P2,Standing contrapposto (weight shift),A2,30° left,B2,L1,G_core_2,person_020__G_core_2,tbd,full_body_mid_distance,[]
person_020,train,07,P2,Standing contrapposto (weight shift),A3,30° right,B2,L2,G_core_2,person_020__G_core_2,tbd,full_body_mid_distance,[]
person_020,train,08,P2,Standing contrapposto (weight shift),A4,Near profile,B2,L2,G_core_2,person_020__G_core_2,tbd,full_body_mid_distance,[]
person_020,train,09,P3,"Seated upright, knees forward",A1,Front,B1,L2,G_rot_1,person_020__G_rot_1,tbd,full_body_mid_distance,[]
person_020,train,10,P3,"Seated upright, knees forward",A2,30° left,B1,L2,G_rot_1,person_020__G_rot_1,tbd,full_body_mid_distance,[]
person_020,train,11,P3,"Seated upright, knees forward",A3,30° right,B3,L1,G_rot_1,person_020__G_rot_1,tbd,full_body_mid_distance,[]
person_020,train,12,P3,"Seated upright, knees forward",A4,Near profile,B3,L1,G_rot_1,person_020__G_rot_1,tbd,full_body_mid_distance,[]
person_020,train,13,P4,Seated side posture,A1,Front,B2,L2,G_rot_2,person_020__G_rot_2,tbd,full_body_mid_distance,[]
person_020,train,14,P4,Seated side posture,A2,30° left,B2,L2,G_rot_2,person_020__G_rot_2,tbd,full_body_mid_distance,[]
person_020,train,15,P4,Seated side posture,A3,30° right,B3,L1,G_rot_2,person_020__G_rot_2,tbd,full_body_mid_distance,[]
person_020,train,16,P4,Seated side posture,A4,Near profile,B3,L2,G_rot_2,person_020__G_rot_2,tbd,full_body_mid_distance,[]
person_020,train,17,P5,Motion pose (step/walk freeze),A1,Front,B1,L1,G_rot_3,person_020__G_rot_3,tbd,full_body_mid_distance,[]
person_020,train,18,P5,Motion pose (step/walk freeze),A2,30° left,B1,L2,G_rot_3,person_020__G_rot_3,tbd,full_body_mid_distance,[]
person_020,train,19,P5,Motion pose (step/walk freeze),A3,30° right,B2,L1,G_rot_3,person_020__G_rot_3,tbd,full_body_mid_distance,[]
person_020,train,20,P5,Motion pose (step/walk freeze),A4,Near profile,B2,L2,G_rot_3,person_020__G_rot_3,tbd,full_body_mid_distance,[]
person_021,train,01,P1,"Standing neutral, arms relaxed",A1,Front,B1,L1,G_core_1,person_021__G_core_1,tbd,full_body_mid_distance,[]
person_021,train,02,P1,"Standing neutral, arms relaxed",A2,30° left,B1,L1,G_core_1,person_021__G_core_1,tbd,full_body_mid_distance,[]
person_021,train,03,P1,"Standing neutral, arms relaxed",A3,30° right,B1,L1,G_core_1,person_021__G_core_1,tbd,full_body_mid_distance,[]
person_021,train,04,P1,"Standing neutral, arms relaxed",A4,Near profile,B1,L2,G_core_1,person_021__G_core_1,tbd,full_body_mid_distance,[]
person_021,train,05,P2,Standing contrapposto (weight shift),A1,Front,B2,L1,G_core_2,person_021__G_core_2,tbd,full_body_mid_distance,[]
person_021,train,06,P2,Standing contrapposto (weight shift),A2,30° left,B2,L1,G_core_2,person_021__G_core_2,tbd,full_body_mid_distance,[]
person_021,train,07,P2,Standing contrapposto (weight shift),A3,30° right,B2,L2,G_core_2,person_021__G_core_2,tbd,full_body_mid_distance,[]
person_021,train,08,P2,Standing contrapposto (weight shift),A4,Near profile,B2,L2,G_core_2,person_021__G_core_2,tbd,full_body_mid_distance,[]
person_021,train,09,P3,"Seated upright, knees forward",A1,Front,B1,L2,G_rot_1,person_021__G_rot_1,tbd,full_body_mid_distance,[]
person_021,train,10,P3,"Seated upright, knees forward",A2,30° left,B1,L2,G_rot_1,person_021__G_rot_1,tbd,full_body_mid_distance,[]
person_021,train,11,P3,"Seated upright, knees forward",A3,30° right,B3,L1,G_rot_1,person_021__G_rot_1,tbd,full_body_mid_distance,[]
person_021,train,12,P3,"Seated upright, knees forward",A4,Near profile,B3,L1,G_rot_1,person_021__G_rot_1,tbd,full_body_mid_distance,[]
person_021,train,13,P4,Seated side posture,A1,Front,B2,L2,G_rot_2,person_021__G_rot_2,tbd,full_body_mid_distance,[]
person_021,train,14,P4,Seated side posture,A2,30° left,B2,L2,G_rot_2,person_021__G_rot_2,tbd,full_body_mid_distance,[]
person_021,train,15,P4,Seated side posture,A3,30° right,B3,L1,G_rot_2,person_021__G_rot_2,tbd,full_body_mid_distance,[]
person_021,train,16,P4,Seated side posture,A4,Near profile,B3,L2,G_rot_2,person_021__G_rot_2,tbd,full_body_mid_distance,[]
person_021,train,17,P5,Motion pose (step/walk freeze),A1,Front,B1,L1,G_rot_3,person_021__G_rot_3,tbd,full_body_mid_distance,[]
person_021,train,18,P5,Motion pose (step/walk freeze),A2,30° left,B1,L2,G_rot_3,person_021__G_rot_3,tbd,full_body_mid_distance,[]
person_021,train,19,P5,Motion pose (step/walk freeze),A3,30° right,B2,L1,G_rot_3,person_021__G_rot_3,tbd,full_body_mid_distance,[]
person_021,train,20,P5,Motion pose (step/walk freeze),A4,Near profile,B2,L2,G_rot_3,person_021__G_rot_3,tbd,full_body_mid_distance,[]
person_022,train,01,P1,"Standing neutral, arms relaxed",A1,Front,B1,L1,G_core_1,person_022__G_core_1,tbd,full_body_mid_distance,[]
person_022,train,02,P1,"Standing neutral, arms relaxed",A2,30° left,B1,L1,G_core_1,person_022__G_core_1,tbd,full_body_mid_distance,[]
person_022,train,03,P1,"Standing neutral, arms relaxed",A3,30° right,B1,L1,G_core_1,person_022__G_core_1,tbd,full_body_mid_distance,[]
person_022,train,04,P1,"Standing neutral, arms relaxed",A4,Near profile,B1,L2,G_core_1,person_022__G_core_1,tbd,full_body_mid_distance,[]
person_022,train,05,P2,Standing contrapposto (weight shift),A1,Front,B2,L1,G_core_2,person_022__G_core_2,tbd,full_body_mid_distance,[]
person_022,train,06,P2,Standing contrapposto (weight shift),A2,30° left,B2,L1,G_core_2,person_022__G_core_2,tbd,full_body_mid_distance,[]
person_022,train,07,P2,Standing contrapposto (weight shift),A3,30° right,B2,L2,G_core_2,person_022__G_core_2,tbd,full_body_mid_distance,[]
person_022,train,08,P2,Standing contrapposto (weight shift),A4,Near profile,B2,L2,G_core_2,person_022__G_core_2,tbd,full_body_mid_distance,[]
person_022,train,09,P3,"Seated upright, knees forward",A1,Front,B1,L2,G_rot_1,person_022__G_rot_1,tbd,full_body_mid_distance,[]
person_022,train,10,P3,"Seated upright, knees forward",A2,30° left,B1,L2,G_rot_1,person_022__G_rot_1,tbd,full_body_mid_distance,[]
person_022,train,11,P3,"Seated upright, knees forward",A3,30° right,B3,L1,G_rot_1,person_022__G_rot_1,tbd,full_body_mid_distance,[]
person_022,train,12,P3,"Seated upright, knees forward",A4,Near profile,B3,L1,G_rot_1,person_022__G_rot_1,tbd,full_body_mid_distance,[]
person_022,train,13,P4,Seated side posture,A1,Front,B2,L2,G_rot_2,person_022__G_rot_2,tbd,full_body_mid_distance,[]
person_022,train,14,P4,Seated side posture,A2,30° left,B2,L2,G_rot_2,person_022__G_rot_2,tbd,full_body_mid_distance,[]
person_022,train,15,P4,Seated side posture,A3,30° right,B3,L1,G_rot_2,person_022__G_rot_2,tbd,full_body_mid_distance,[]
person_022,train,16,P4,Seated side posture,A4,Near profile,B3,L2,G_rot_2,person_022__G_rot_2,tbd,full_body_mid_distance,[]
person_022,train,17,P5,Motion pose (step/walk freeze),A1,Front,B1,L1,G_rot_3,person_022__G_rot_3,tbd,full_body_mid_distance,[]
person_022,train,18,P5,Motion pose (step/walk freeze),A2,30° left,B1,L2,G_rot_3,person_022__G_rot_3,tbd,full_body_mid_distance,[]
person_022,train,19,P5,Motion pose (step/walk freeze),A3,30° right,B2,L1,G_rot_3,person_022__G_rot_3,tbd,full_body_mid_distance,[]
person_022,train,20,P5,Motion pose (step/walk freeze),A4,Near profile,B2,L2,G_rot_3,person_022__G_rot_3,tbd,full_body_mid_distance,[]
person_023,train,01,P1,"Standing neutral, arms relaxed",A1,Front,B1,L1,G_core_1,person_023__G_core_1,tbd,full_body_mid_distance,[]
person_023,train,02,P1,"Standing neutral, arms relaxed",A2,30° left,B1,L1,G_core_1,person_023__G_core_1,tbd,full_body_mid_distance,[]
person_023,train,03,P1,"Standing neutral, arms relaxed",A3,30° right,B1,L1,G_core_1,person_023__G_core_1,tbd,full_body_mid_distance,[]
person_023,train,04,P1,"Standing neutral, arms relaxed",A4,Near profile,B1,L2,G_core_1,person_023__G_core_1,tbd,full_body_mid_distance,[]
person_023,train,05,P2,Standing contrapposto (weight shift),A1,Front,B2,L1,G_core_2,person_023__G_core_2,tbd,full_body_mid_distance,[]
person_023,train,06,P2,Standing contrapposto (weight shift),A2,30° left,B2,L1,G_core_2,person_023__G_core_2,tbd,full_body_mid_distance,[]
person_023,train,07,P2,Standing contrapposto (weight shift),A3,30° right,B2,L2,G_core_2,person_023__G_core_2,tbd,full_body_mid_distance,[]
person_023,train,08,P2,Standing contrapposto (weight shift),A4,Near profile,B2,L2,G_core_2,person_023__G_core_2,tbd,full_body_mid_distance,[]
person_023,train,09,P3,"Seated upright, knees forward",A1,Front,B1,L2,G_rot_1,person_023__G_rot_1,tbd,full_body_mid_distance,[]
person_023,train,10,P3,"Seated upright, knees forward",A2,30° left,B1,L2,G_rot_1,person_023__G_rot_1,tbd,full_body_mid_distance,[]
person_023,train,11,P3,"Seated upright, knees forward",A3,30° right,B3,L1,G_rot_1,person_023__G_rot_1,tbd,full_body_mid_distance,[]
person_023,train,12,P3,"Seated upright, knees forward",A4,Near profile,B3,L1,G_rot_1,person_023__G_rot_1,tbd,full_body_mid_distance,[]
person_023,train,13,P4,Seated side posture,A1,Front,B2,L2,G_rot_2,person_023__G_rot_2,tbd,full_body_mid_distance,[]
person_023,train,14,P4,Seated side posture,A2,30° left,B2,L2,G_rot_2,person_023__G_rot_2,tbd,full_body_mid_distance,[]
person_023,train,15,P4,Seated side posture,A3,30° right,B3,L1,G_rot_2,person_023__G_rot_2,tbd,full_body_mid_distance,[]
person_023,train,16,P4,Seated side posture,A4,Near profile,B3,L2,G_rot_2,person_023__G_rot_2,tbd,full_body_mid_distance,[]
person_023,train,17,P5,Motion pose (step/walk freeze),A1,Front,B1,L1,G_rot_3,person_023__G_rot_3,tbd,full_body_mid_distance,[]
person_023,train,18,P5,Motion pose (step/walk freeze),A2,30° left,B1,L2,G_rot_3,person_023__G_rot_3,tbd,full_body_mid_distance,[]
person_023,train,19,P5,Motion pose (step/walk freeze),A3,30° right,B2,L1,G_rot_3,person_023__G_rot_3,tbd,full_body_mid_distance,[]
person_023,train,20,P5,Motion pose (step/walk freeze),A4,Near profile,B2,L2,G_rot_3,person_023__G_rot_3,tbd,full_body_mid_distance,[]
person_024,train,01,P1,"Standing neutral, arms relaxed",A1,Front,B1,L1,G_core_1,person_024__G_core_1,tbd,full_body_mid_distance,[]
person_024,train,02,P1,"Standing neutral, arms relaxed",A2,30° left,B1,L1,G_core_1,person_024__G_core_1,tbd,full_body_mid_distance,[]
person_024,train,03,P1,"Standing neutral, arms relaxed",A3,30° right,B1,L1,G_core_1,person_024__G_core_1,tbd,full_body_mid_distance,[]
person_024,train,04,P1,"Standing neutral, arms relaxed",A4,Near profile,B1,L2,G_core_1,person_024__G_core_1,tbd,full_body_mid_distance,[]
person_024,train,05,P2,Standing contrapposto (weight shift),A1,Front,B2,L1,G_core_2,person_024__G_core_2,tbd,full_body_mid_distance,[]
person_024,train,06,P2,Standing contrapposto (weight shift),A2,30° left,B2,L1,G_core_2,person_024__G_core_2,tbd,full_body_mid_distance,[]
person_024,train,07,P2,Standing contrapposto (weight shift),A3,30° right,B2,L2,G_core_2,person_024__G_core_2,tbd,full_body_mid_distance,[]
person_024,train,08,P2,Standing contrapposto (weight shift),A4,Near profile,B2,L2,G_core_2,person_024__G_core_2,tbd,full_body_mid_distance,[]
person_024,train,09,P3,"Seated upright, knees forward",A1,Front,B1,L2,G_rot_1,person_024__G_rot_1,tbd,full_body_mid_distance,[]
person_024,train,10,P3,"Seated upright, knees forward",A2,30° left,B1,L2,G_rot_1,person_024__G_rot_1,tbd,full_body_mid_distance,[]
person_024,train,11,P3,"Seated upright, knees forward",A3,30° right,B3,L1,G_rot_1,person_024__G_rot_1,tbd,full_body_mid_distance,[]
person_024,train,12,P3,"Seated upright, knees forward",A4,Near profile,B3,L1,G_rot_1,person_024__G_rot_1,tbd,full_body_mid_distance,[]
person_024,train,13,P4,Seated side posture,A1,Front,B2,L2,G_rot_2,person_024__G_rot_2,tbd,full_body_mid_distance,[]
person_024,train,14,P4,Seated side posture,A2,30° left,B2,L2,G_rot_2,person_024__G_rot_2,tbd,full_body_mid_distance,[]
person_024,train,15,P4,Seated side posture,A3,30° right,B3,L1,G_rot_2,person_024__G_rot_2,tbd,full_body_mid_distance,[]
person_024,train,16,P4,Seated side posture,A4,Near profile,B3,L2,G_rot_2,person_024__G_rot_2,tbd,full_body_mid_distance,[]
person_024,train,17,P5,Motion pose (step/walk freeze),A1,Front,B1,L1,G_rot_3,person_024__G_rot_3,tbd,full_body_mid_distance,[]
person_024,train,18,P5,Motion pose (step/walk freeze),A2,30° left,B1,L2,G_rot_3,person_024__G_rot_3,tbd,full_body_mid_distance,[]
person_024,train,19,P5,Motion pose (step/walk freeze),A3,30° right,B2,L1,G_rot_3,person_024__G_rot_3,tbd,full_body_mid_distance,[]
person_024,train,20,P5,Motion pose (step/walk freeze),A4,Near profile,B2,L2,G_rot_3,person_024__G_rot_3,tbd,full_body_mid_distance,[]
person_025,train,01,P1,"Standing neutral, arms relaxed",A1,Front,B1,L1,G_core_1,person_025__G_core_1,tbd,full_body_mid_distance,[]
person_025,train,02,P1,"Standing neutral, arms relaxed",A2,30° left,B1,L1,G_core_1,person_025__G_core_1,tbd,full_body_mid_distance,[]
person_025,train,03,P1,"Standing neutral, arms relaxed",A3,30° right,B1,L1,G_core_1,person_025__G_core_1,tbd,full_body_mid_distance,[]
person_025,train,04,P1,"Standing neutral, arms relaxed",A4,Near profile,B1,L2,G_core_1,person_025__G_core_1,tbd,full_body_mid_distance,[]
person_025,train,05,P2,Standing contrapposto (weight shift),A1,Front,B2,L1,G_core_2,person_025__G_core_2,tbd,full_body_mid_distance,[]
person_025,train,06,P2,Standing contrapposto (weight shift),A2,30° left,B2,L1,G_core_2,person_025__G_core_2,tbd,full_body_mid_distance,[]
person_025,train,07,P2,Standing contrapposto (weight shift),A3,30° right,B2,L2,G_core_2,person_025__G_core_2,tbd,full_body_mid_distance,[]
person_025,train,08,P2,Standing contrapposto (weight shift),A4,Near profile,B2,L2,G_core_2,person_025__G_core_2,tbd,full_body_mid_distance,[]
person_025,train,09,P3,"Seated upright, knees forward",A1,Front,B1,L2,G_rot_1,person_025__G_rot_1,tbd,full_body_mid_distance,[]
person_025,train,10,P3,"Seated upright, knees forward",A2,30° left,B1,L2,G_rot_1,person_025__G_rot_1,tbd,full_body_mid_distance,[]
person_025,train,11,P3,"Seated upright, knees forward",A3,30° right,B3,L1,G_rot_1,person_025__G_rot_1,tbd,full_body_mid_distance,[]
person_025,train,12,P3,"Seated upright, knees forward",A4,Near profile,B3,L1,G_rot_1,person_025__G_rot_1,tbd,full_body_mid_distance,[]
person_025,train,13,P4,Seated side posture,A1,Front,B2,L2,G_rot_2,person_025__G_rot_2,tbd,full_body_mid_distance,[]
person_025,train,14,P4,Seated side posture,A2,30° left,B2,L2,G_rot_2,person_025__G_rot_2,tbd,full_body_mid_distance,[]
person_025,train,15,P4,Seated side posture,A3,30° right,B3,L1,G_rot_2,person_025__G_rot_2,tbd,full_body_mid_distance,[]
person_025,train,16,P4,Seated side posture,A4,Near profile,B3,L2,G_rot_2,person_025__G_rot_2,tbd,full_body_mid_distance,[]
person_025,train,17,P5,Motion pose (step/walk freeze),A1,Front,B1,L1,G_rot_3,person_025__G_rot_3,tbd,full_body_mid_distance,[]
person_025,train,18,P5,Motion pose (step/walk freeze),A2,30° left,B1,L2,G_rot_3,person_025__G_rot_3,tbd,full_body_mid_distance,[]
person_025,train,19,P5,Motion pose (step/walk freeze),A3,30° right,B2,L1,G_rot_3,person_025__G_rot_3,tbd,full_body_mid_distance,[]
person_025,train,20,P5,Motion pose (step/walk freeze),A4,Near profile,B2,L2,G_rot_3,person_025__G_rot_3,tbd,full_body_mid_distance,[]
person_026,train,01,P1,"Standing neutral, arms relaxed",A1,Front,B1,L1,G_core_1,person_026__G_core_1,tbd,full_body_mid_distance,[]
person_026,train,02,P1,"Standing neutral, arms relaxed",A2,30° left,B1,L1,G_core_1,person_026__G_core_1,tbd,full_body_mid_distance,[]
person_026,train,03,P1,"Standing neutral, arms relaxed",A3,30° right,B1,L1,G_core_1,person_026__G_core_1,tbd,full_body_mid_distance,[]
person_026,train,04,P1,"Standing neutral, arms relaxed",A4,Near profile,B1,L2,G_core_1,person_026__G_core_1,tbd,full_body_mid_distance,[]
person_026,train,05,P2,Standing contrapposto (weight shift),A1,Front,B2,L1,G_core_2,person_026__G_core_2,tbd,full_body_mid_distance,[]
person_026,train,06,P2,Standing contrapposto (weight shift),A2,30° left,B2,L1,G_core_2,person_026__G_core_2,tbd,full_body_mid_distance,[]
person_026,train,07,P2,Standing contrapposto (weight shift),A3,30° right,B2,L2,G_core_2,person_026__G_core_2,tbd,full_body_mid_distance,[]
person_026,train,08,P2,Standing contrapposto (weight shift),A4,Near profile,B2,L2,G_core_2,person_026__G_core_2,tbd,full_body_mid_distance,[]
person_026,train,09,P3,"Seated upright, knees forward",A1,Front,B1,L2,G_rot_1,person_026__G_rot_1,tbd,full_body_mid_distance,[]
person_026,train,10,P3,"Seated upright, knees forward",A2,30° left,B1,L2,G_rot_1,person_026__G_rot_1,tbd,full_body_mid_distance,[]
person_026,train,11,P3,"Seated upright, knees forward",A3,30° right,B3,L1,G_rot_1,person_026__G_rot_1,tbd,full_body_mid_distance,[]
person_026,train,12,P3,"Seated upright, knees forward",A4,Near profile,B3,L1,G_rot_1,person_026__G_rot_1,tbd,full_body_mid_distance,[]
person_026,train,13,P4,Seated side posture,A1,Front,B2,L2,G_rot_2,person_026__G_rot_2,tbd,full_body_mid_distance,[]
person_026,train,14,P4,Seated side posture,A2,30° left,B2,L2,G_rot_2,person_026__G_rot_2,tbd,full_body_mid_distance,[]
person_026,train,15,P4,Seated side posture,A3,30° right,B3,L1,G_rot_2,person_026__G_rot_2,tbd,full_body_mid_distance,[]
person_026,train,16,P4,Seated side posture,A4,Near profile,B3,L2,G_rot_2,person_026__G_rot_2,tbd,full_body_mid_distance,[]
person_026,train,17,P5,Motion pose (step/walk freeze),A1,Front,B1,L1,G_rot_3,person_026__G_rot_3,tbd,full_body_mid_distance,[]
person_026,train,18,P5,Motion pose (step/walk freeze),A2,30° left,B1,L2,G_rot_3,person_026__G_rot_3,tbd,full_body_mid_distance,[]
person_026,train,19,P5,Motion pose (step/walk freeze),A3,30° right,B2,L1,G_rot_3,person_026__G_rot_3,tbd,full_body_mid_distance,[]
person_026,train,20,P5,Motion pose (step/walk freeze),A4,Near profile,B2,L2,G_rot_3,person_026__G_rot_3,tbd,full_body_mid_distance,[]
person_027,train,01,P1,"Standing neutral, arms relaxed",A1,Front,B1,L1,G_core_1,person_027__G_core_1,tbd,full_body_mid_distance,[]
person_027,train,02,P1,"Standing neutral, arms relaxed",A2,30° left,B1,L1,G_core_1,person_027__G_core_1,tbd,full_body_mid_distance,[]
person_027,train,03,P1,"Standing neutral, arms relaxed",A3,30° right,B1,L1,G_core_1,person_027__G_core_1,tbd,full_body_mid_distance,[]
person_027,train,04,P1,"Standing neutral, arms relaxed",A4,Near profile,B1,L2,G_core_1,person_027__G_core_1,tbd,full_body_mid_distance,[]
person_027,train,05,P2,Standing contrapposto (weight shift),A1,Front,B2,L1,G_core_2,person_027__G_core_2,tbd,full_body_mid_distance,[]
person_027,train,06,P2,Standing contrapposto (weight shift),A2,30° left,B2,L1,G_core_2,person_027__G_core_2,tbd,full_body_mid_distance,[]
person_027,train,07,P2,Standing contrapposto (weight shift),A3,30° right,B2,L2,G_core_2,person_027__G_core_2,tbd,full_body_mid_distance,[]
person_027,train,08,P2,Standing contrapposto (weight shift),A4,Near profile,B2,L2,G_core_2,person_027__G_core_2,tbd,full_body_mid_distance,[]
person_027,train,09,P3,"Seated upright, knees forward",A1,Front,B1,L2,G_rot_1,person_027__G_rot_1,tbd,full_body_mid_distance,[]
person_027,train,10,P3,"Seated upright, knees forward",A2,30° left,B1,L2,G_rot_1,person_027__G_rot_1,tbd,full_body_mid_distance,[]
person_027,train,11,P3,"Seated upright, knees forward",A3,30° right,B3,L1,G_rot_1,person_027__G_rot_1,tbd,full_body_mid_distance,[]
person_027,train,12,P3,"Seated upright, knees forward",A4,Near profile,B3,L1,G_rot_1,person_027__G_rot_1,tbd,full_body_mid_distance,[]
person_027,train,13,P4,Seated side posture,A1,Front,B2,L2,G_rot_2,person_027__G_rot_2,tbd,full_body_mid_distance,[]
person_027,train,14,P4,Seated side posture,A2,30° left,B2,L2,G_rot_2,person_027__G_rot_2,tbd,full_body_mid_distance,[]
person_027,train,15,P4,Seated side posture,A3,30° right,B3,L1,G_rot_2,person_027__G_rot_2,tbd,full_body_mid_distance,[]
person_027,train,16,P4,Seated side posture,A4,Near profile,B3,L2,G_rot_2,person_027__G_rot_2,tbd,full_body_mid_distance,[]
person_027,train,17,P5,Motion pose (step/walk freeze),A1,Front,B1,L1,G_rot_3,person_027__G_rot_3,tbd,full_body_mid_distance,[]
person_027,train,18,P5,Motion pose (step/walk freeze),A2,30° left,B1,L2,G_rot_3,person_027__G_rot_3,tbd,full_body_mid_distance,[]
person_027,train,19,P5,Motion pose (step/walk freeze),A3,30° right,B2,L1,G_rot_3,person_027__G_rot_3,tbd,full_body_mid_distance,[]
person_027,train,20,P5,Motion pose (step/walk freeze),A4,Near profile,B2,L2,G_rot_3,person_027__G_rot_3,tbd,full_body_mid_distance,[]
person_028,train,01,P1,"Standing neutral, arms relaxed",A1,Front,B1,L1,G_core_1,person_028__G_core_1,tbd,full_body_mid_distance,[]
person_028,train,02,P1,"Standing neutral, arms relaxed",A2,30° left,B1,L1,G_core_1,person_028__G_core_1,tbd,full_body_mid_distance,[]
person_028,train,03,P1,"Standing neutral, arms relaxed",A3,30° right,B1,L1,G_core_1,person_028__G_core_1,tbd,full_body_mid_distance,[]
person_028,train,04,P1,"Standing neutral, arms relaxed",A4,Near profile,B1,L2,G_core_1,person_028__G_core_1,tbd,full_body_mid_distance,[]
person_028,train,05,P2,Standing contrapposto (weight shift),A1,Front,B2,L1,G_core_2,person_028__G_core_2,tbd,full_body_mid_distance,[]
person_028,train,06,P2,Standing contrapposto (weight shift),A2,30° left,B2,L1,G_core_2,person_028__G_core_2,tbd,full_body_mid_distance,[]
person_028,train,07,P2,Standing contrapposto (weight shift),A3,30° right,B2,L2,G_core_2,person_028__G_core_2,tbd,full_body_mid_distance,[]
person_028,train,08,P2,Standing contrapposto (weight shift),A4,Near profile,B2,L2,G_core_2,person_028__G_core_2,tbd,full_body_mid_distance,[]
person_028,train,09,P3,"Seated upright, knees forward",A1,Front,B1,L2,G_rot_1,person_028__G_rot_1,tbd,full_body_mid_distance,[]
person_028,train,10,P3,"Seated upright, knees forward",A2,30° left,B1,L2,G_rot_1,person_028__G_rot_1,tbd,full_body_mid_distance,[]
person_028,train,11,P3,"Seated upright, knees forward",A3,30° right,B3,L1,G_rot_1,person_028__G_rot_1,tbd,full_body_mid_distance,[]
person_028,train,12,P3,"Seated upright, knees forward",A4,Near profile,B3,L1,G_rot_1,person_028__G_rot_1,tbd,full_body_mid_distance,[]
person_028,train,13,P4,Seated side posture,A1,Front,B2,L2,G_rot_2,person_028__G_rot_2,tbd,full_body_mid_distance,[]
person_028,train,14,P4,Seated side posture,A2,30° left,B2,L2,G_rot_2,person_028__G_rot_2,tbd,full_body_mid_distance,[]
person_028,train,15,P4,Seated side posture,A3,30° right,B3,L1,G_rot_2,person_028__G_rot_2,tbd,full_body_mid_distance,[]
person_028,train,16,P4,Seated side posture,A4,Near profile,B3,L2,G_rot_2,person_028__G_rot_2,tbd,full_body_mid_distance,[]
person_028,train,17,P5,Motion pose (step/walk freeze),A1,Front,B1,L1,G_rot_3,person_028__G_rot_3,tbd,full_body_mid_distance,[]
person_028,train,18,P5,Motion pose (step/walk freeze),A2,30° left,B1,L2,G_rot_3,person_028__G_rot_3,tbd,full_body_mid_distance,[]
person_028,train,19,P5,Motion pose (step/walk freeze),A3,30° right,B2,L1,G_rot_3,person_028__G_rot_3,tbd,full_body_mid_distance,[]
person_028,train,20,P5,Motion pose (step/walk freeze),A4,Near profile,B2,L2,G_rot_3,person_028__G_rot_3,tbd,full_body_mid_distance,[]
person_029,train,01,P1,"Standing neutral, arms relaxed",A1,Front,B1,L1,G_core_1,person_029__G_core_1,tbd,full_body_mid_distance,[]
person_029,train,02,P1,"Standing neutral, arms relaxed",A2,30° left,B1,L1,G_core_1,person_029__G_core_1,tbd,full_body_mid_distance,[]
person_029,train,03,P1,"Standing neutral, arms relaxed",A3,30° right,B1,L1,G_core_1,person_029__G_core_1,tbd,full_body_mid_distance,[]
person_029,train,04,P1,"Standing neutral, arms relaxed",A4,Near profile,B1,L2,G_core_1,person_029__G_core_1,tbd,full_body_mid_distance,[]
person_029,train,05,P2,Standing contrapposto (weight shift),A1,Front,B2,L1,G_core_2,person_029__G_core_2,tbd,full_body_mid_distance,[]
person_029,train,06,P2,Standing contrapposto (weight shift),A2,30° left,B2,L1,G_core_2,person_029__G_core_2,tbd,full_body_mid_distance,[]
person_029,train,07,P2,Standing contrapposto (weight shift),A3,30° right,B2,L2,G_core_2,person_029__G_core_2,tbd,full_body_mid_distance,[]
person_029,train,08,P2,Standing contrapposto (weight shift),A4,Near profile,B2,L2,G_core_2,person_029__G_core_2,tbd,full_body_mid_distance,[]
person_029,train,09,P3,"Seated upright, knees forward",A1,Front,B1,L2,G_rot_1,person_029__G_rot_1,tbd,full_body_mid_distance,[]
person_029,train,10,P3,"Seated upright, knees forward",A2,30° left,B1,L2,G_rot_1,person_029__G_rot_1,tbd,full_body_mid_distance,[]
person_029,train,11,P3,"Seated upright, knees forward",A3,30° right,B3,L1,G_rot_1,person_029__G_rot_1,tbd,full_body_mid_distance,[]
person_029,train,12,P3,"Seated upright, knees forward",A4,Near profile,B3,L1,G_rot_1,person_029__G_rot_1,tbd,full_body_mid_distance,[]
person_029,train,13,P4,Seated side posture,A1,Front,B2,L2,G_rot_2,person_029__G_rot_2,tbd,full_body_mid_distance,[]
person_029,train,14,P4,Seated side posture,A2,30° left,B2,L2,G_rot_2,person_029__G_rot_2,tbd,full_body_mid_distance,[]
person_029,train,15,P4,Seated side posture,A3,30° right,B3,L1,G_rot_2,person_029__G_rot_2,tbd,full_body_mid_distance,[]
person_029,train,16,P4,Seated side posture,A4,Near profile,B3,L2,G_rot_2,person_029__G_rot_2,tbd,full_body_mid_distance,[]
person_029,train,17,P5,Motion pose (step/walk freeze),A1,Front,B1,L1,G_rot_3,person_029__G_rot_3,tbd,full_body_mid_distance,[]
person_029,train,18,P5,Motion pose (step/walk freeze),A2,30° left,B1,L2,G_rot_3,person_029__G_rot_3,tbd,full_body_mid_distance,[]
person_029,train,19,P5,Motion pose (step/walk freeze),A3,30° right,B2,L1,G_rot_3,person_029__G_rot_3,tbd,full_body_mid_distance,[]
person_029,train,20,P5,Motion pose (step/walk freeze),A4,Near profile,B2,L2,G_rot_3,person_029__G_rot_3,tbd,full_body_mid_distance,[]
person_030,train,01,P1,"Standing neutral, arms relaxed",A1,Front,B1,L1,G_core_1,person_030__G_core_1,tbd,full_body_mid_distance,[]
person_030,train,02,P1,"Standing neutral, arms relaxed",A2,30° left,B1,L1,G_core_1,person_030__G_core_1,tbd,full_body_mid_distance,[]
person_030,train,03,P1,"Standing neutral, arms relaxed",A3,30° right,B1,L1,G_core_1,person_030__G_core_1,tbd,full_body_mid_distance,[]
person_030,train,04,P1,"Standing neutral, arms relaxed",A4,Near profile,B1,L2,G_core_1,person_030__G_core_1,tbd,full_body_mid_distance,[]
person_030,train,05,P2,Standing contrapposto (weight shift),A1,Front,B2,L1,G_core_2,person_030__G_core_2,tbd,full_body_mid_distance,[]
person_030,train,06,P2,Standing contrapposto (weight shift),A2,30° left,B2,L1,G_core_2,person_030__G_core_2,tbd,full_body_mid_distance,[]
person_030,train,07,P2,Standing contrapposto (weight shift),A3,30° right,B2,L2,G_core_2,person_030__G_core_2,tbd,full_body_mid_distance,[]
person_030,train,08,P2,Standing contrapposto (weight shift),A4,Near profile,B2,L2,G_core_2,person_030__G_core_2,tbd,full_body_mid_distance,[]
person_030,train,09,P3,"Seated upright, knees forward",A1,Front,B1,L2,G_rot_1,person_030__G_rot_1,tbd,full_body_mid_distance,[]
person_030,train,10,P3,"Seated upright, knees forward",A2,30° left,B1,L2,G_rot_1,person_030__G_rot_1,tbd,full_body_mid_distance,[]
person_030,train,11,P3,"Seated upright, knees forward",A3,30° right,B3,L1,G_rot_1,person_030__G_rot_1,tbd,full_body_mid_distance,[]
person_030,train,12,P3,"Seated upright, knees forward",A4,Near profile,B3,L1,G_rot_1,person_030__G_rot_1,tbd,full_body_mid_distance,[]
person_030,train,13,P4,Seated side posture,A1,Front,B2,L2,G_rot_2,person_030__G_rot_2,tbd,full_body_mid_distance,[]
person_030,train,14,P4,Seated side posture,A2,30° left,B2,L2,G_rot_2,person_030__G_rot_2,tbd,full_body_mid_distance,[]
person_030,train,15,P4,Seated side posture,A3,30° right,B3,L1,G_rot_2,person_030__G_rot_2,tbd,full_body_mid_distance,[]
person_030,train,16,P4,Seated side posture,A4,Near profile,B3,L2,G_rot_2,person_030__G_rot_2,tbd,full_body_mid_distance,[]
person_030,train,17,P5,Motion pose (step/walk freeze),A1,Front,B1,L1,G_rot_3,person_030__G_rot_3,tbd,full_body_mid_distance,[]
person_030,train,18,P5,Motion pose (step/walk freeze),A2,30° left,B1,L2,G_rot_3,person_030__G_rot_3,tbd,full_body_mid_distance,[]
person_030,train,19,P5,Motion pose (step/walk freeze),A3,30° right,B2,L1,G_rot_3,person_030__G_rot_3,tbd,full_body_mid_distance,[]
person_030,train,20,P5,Motion pose (step/walk freeze),A4,Near profile,B2,L2,G_rot_3,person_030__G_rot_3,tbd,full_body_mid_distance,[]
person_031,train,01,P1,"Standing neutral, arms relaxed",A1,Front,B1,L1,G_core_1,person_031__G_core_1,tbd,full_body_mid_distance,[]
person_031,train,02,P1,"Standing neutral, arms relaxed",A2,30° left,B1,L1,G_core_1,person_031__G_core_1,tbd,full_body_mid_distance,[]
person_031,train,03,P1,"Standing neutral, arms relaxed",A3,30° right,B1,L1,G_core_1,person_031__G_core_1,tbd,full_body_mid_distance,[]
person_031,train,04,P1,"Standing neutral, arms relaxed",A4,Near profile,B1,L2,G_core_1,person_031__G_core_1,tbd,full_body_mid_distance,[]
person_031,train,05,P2,Standing contrapposto (weight shift),A1,Front,B2,L1,G_core_2,person_031__G_core_2,tbd,full_body_mid_distance,[]
person_031,train,06,P2,Standing contrapposto (weight shift),A2,30° left,B2,L1,G_core_2,person_031__G_core_2,tbd,full_body_mid_distance,[]
person_031,train,07,P2,Standing contrapposto (weight shift),A3,30° right,B2,L2,G_core_2,person_031__G_core_2,tbd,full_body_mid_distance,[]
person_031,train,08,P2,Standing contrapposto (weight shift),A4,Near profile,B2,L2,G_core_2,person_031__G_core_2,tbd,full_body_mid_distance,[]
person_031,train,09,P3,"Seated upright, knees forward",A1,Front,B1,L2,G_rot_1,person_031__G_rot_1,tbd,full_body_mid_distance,[]
person_031,train,10,P3,"Seated upright, knees forward",A2,30° left,B1,L2,G_rot_1,person_031__G_rot_1,tbd,full_body_mid_distance,[]
person_031,train,11,P3,"Seated upright, knees forward",A3,30° right,B3,L1,G_rot_1,person_031__G_rot_1,tbd,full_body_mid_distance,[]
person_031,train,12,P3,"Seated upright, knees forward",A4,Near profile,B3,L1,G_rot_1,person_031__G_rot_1,tbd,full_body_mid_distance,[]
person_031,train,13,P4,Seated side posture,A1,Front,B2,L2,G_rot_2,person_031__G_rot_2,tbd,full_body_mid_distance,[]
person_031,train,14,P4,Seated side posture,A2,30° left,B2,L2,G_rot_2,person_031__G_rot_2,tbd,full_body_mid_distance,[]
person_031,train,15,P4,Seated side posture,A3,30° right,B3,L1,G_rot_2,person_031__G_rot_2,tbd,full_body_mid_distance,[]
person_031,train,16,P4,Seated side posture,A4,Near profile,B3,L2,G_rot_2,person_031__G_rot_2,tbd,full_body_mid_distance,[]
person_031,train,17,P5,Motion pose (step/walk freeze),A1,Front,B1,L1,G_rot_3,person_031__G_rot_3,tbd,full_body_mid_distance,[]
person_031,train,18,P5,Motion pose (step/walk freeze),A2,30° left,B1,L2,G_rot_3,person_031__G_rot_3,tbd,full_body_mid_distance,[]
person_031,train,19,P5,Motion pose (step/walk freeze),A3,30° right,B2,L1,G_rot_3,person_031__G_rot_3,tbd,full_body_mid_distance,[]
person_031,train,20,P5,Motion pose (step/walk freeze),A4,Near profile,B2,L2,G_rot_3,person_031__G_rot_3,tbd,full_body_mid_distance,[]
person_032,train,01,P1,"Standing neutral, arms relaxed",A1,Front,B1,L1,G_core_1,person_032__G_core_1,tbd,full_body_mid_distance,[]
person_032,train,02,P1,"Standing neutral, arms relaxed",A2,30° left,B1,L1,G_core_1,person_032__G_core_1,tbd,full_body_mid_distance,[]
person_032,train,03,P1,"Standing neutral, arms relaxed",A3,30° right,B1,L1,G_core_1,person_032__G_core_1,tbd,full_body_mid_distance,[]
person_032,train,04,P1,"Standing neutral, arms relaxed",A4,Near profile,B1,L2,G_core_1,person_032__G_core_1,tbd,full_body_mid_distance,[]
person_032,train,05,P2,Standing contrapposto (weight shift),A1,Front,B2,L1,G_core_2,person_032__G_core_2,tbd,full_body_mid_distance,[]
person_032,train,06,P2,Standing contrapposto (weight shift),A2,30° left,B2,L1,G_core_2,person_032__G_core_2,tbd,full_body_mid_distance,[]
person_032,train,07,P2,Standing contrapposto (weight shift),A3,30° right,B2,L2,G_core_2,person_032__G_core_2,tbd,full_body_mid_distance,[]
person_032,train,08,P2,Standing contrapposto (weight shift),A4,Near profile,B2,L2,G_core_2,person_032__G_core_2,tbd,full_body_mid_distance,[]
person_032,train,09,P3,"Seated upright, knees forward",A1,Front,B1,L2,G_rot_1,person_032__G_rot_1,tbd,full_body_mid_distance,[]
person_032,train,10,P3,"Seated upright, knees forward",A2,30° left,B1,L2,G_rot_1,person_032__G_rot_1,tbd,full_body_mid_distance,[]
person_032,train,11,P3,"Seated upright, knees forward",A3,30° right,B3,L1,G_rot_1,person_032__G_rot_1,tbd,full_body_mid_distance,[]
person_032,train,12,P3,"Seated upright, knees forward",A4,Near profile,B3,L1,G_rot_1,person_032__G_rot_1,tbd,full_body_mid_distance,[]
person_032,train,13,P4,Seated side posture,A1,Front,B2,L2,G_rot_2,person_032__G_rot_2,tbd,full_body_mid_distance,[]
person_032,train,14,P4,Seated side posture,A2,30° left,B2,L2,G_rot_2,person_032__G_rot_2,tbd,full_body_mid_distance,[]
person_032,train,15,P4,Seated side posture,A3,30° right,B3,L1,G_rot_2,person_032__G_rot_2,tbd,full_body_mid_distance,[]
person_032,train,16,P4,Seated side posture,A4,Near profile,B3,L2,G_rot_2,person_032__G_rot_2,tbd,full_body_mid_distance,[]
person_032,train,17,P5,Motion pose (step/walk freeze),A1,Front,B1,L1,G_rot_3,person_032__G_rot_3,tbd,full_body_mid_distance,[]
person_032,train,18,P5,Motion pose (step/walk freeze),A2,30° left,B1,L2,G_rot_3,person_032__G_rot_3,tbd,full_body_mid_distance,[]
person_032,train,19,P5,Motion pose (step/walk freeze),A3,30° right,B2,L1,G_rot_3,person_032__G_rot_3,tbd,full_body_mid_distance,[]
person_032,train,20,P5,Motion pose (step/walk freeze),A4,Near profile,B2,L2,G_rot_3,person_032__G_rot_3,tbd,full_body_mid_distance,[]
person_033,train,01,P1,"Standing neutral, arms relaxed",A1,Front,B1,L1,G_core_1,person_033__G_core_1,tbd,full_body_mid_distance,[]
person_033,train,02,P1,"Standing neutral, arms relaxed",A2,30° left,B1,L1,G_core_1,person_033__G_core_1,tbd,full_body_mid_distance,[]
person_033,train,03,P1,"Standing neutral, arms relaxed",A3,30° right,B1,L1,G_core_1,person_033__G_core_1,tbd,full_body_mid_distance,[]
person_033,train,04,P1,"Standing neutral, arms relaxed",A4,Near profile,B1,L2,G_core_1,person_033__G_core_1,tbd,full_body_mid_distance,[]
person_033,train,05,P2,Standing contrapposto (weight shift),A1,Front,B2,L1,G_core_2,person_033__G_core_2,tbd,full_body_mid_distance,[]
person_033,train,06,P2,Standing contrapposto (weight shift),A2,30° left,B2,L1,G_core_2,person_033__G_core_2,tbd,full_body_mid_distance,[]
person_033,train,07,P2,Standing contrapposto (weight shift),A3,30° right,B2,L2,G_core_2,person_033__G_core_2,tbd,full_body_mid_distance,[]
person_033,train,08,P2,Standing contrapposto (weight shift),A4,Near profile,B2,L2,G_core_2,person_033__G_core_2,tbd,full_body_mid_distance,[]
person_033,train,09,P3,"Seated upright, knees forward",A1,Front,B1,L2,G_rot_1,person_033__G_rot_1,tbd,full_body_mid_distance,[]
person_033,train,10,P3,"Seated upright, knees forward",A2,30° left,B1,L2,G_rot_1,person_033__G_rot_1,tbd,full_body_mid_distance,[]
person_033,train,11,P3,"Seated upright, knees forward",A3,30° right,B3,L1,G_rot_1,person_033__G_rot_1,tbd,full_body_mid_distance,[]
person_033,train,12,P3,"Seated upright, knees forward",A4,Near profile,B3,L1,G_rot_1,person_033__G_rot_1,tbd,full_body_mid_distance,[]
person_033,train,13,P4,Seated side posture,A1,Front,B2,L2,G_rot_2,person_033__G_rot_2,tbd,full_body_mid_distance,[]
person_033,train,14,P4,Seated side posture,A2,30° left,B2,L2,G_rot_2,person_033__G_rot_2,tbd,full_body_mid_distance,[]
person_033,train,15,P4,Seated side posture,A3,30° right,B3,L1,G_rot_2,person_033__G_rot_2,tbd,full_body_mid_distance,[]
person_033,train,16,P4,Seated side posture,A4,Near profile,B3,L2,G_rot_2,person_033__G_rot_2,tbd,full_body_mid_distance,[]
person_033,train,17,P5,Motion pose (step/walk freeze),A1,Front,B1,L1,G_rot_3,person_033__G_rot_3,tbd,full_body_mid_distance,[]
person_033,train,18,P5,Motion pose (step/walk freeze),A2,30° left,B1,L2,G_rot_3,person_033__G_rot_3,tbd,full_body_mid_distance,[]
person_033,train,19,P5,Motion pose (step/walk freeze),A3,30° right,B2,L1,G_rot_3,person_033__G_rot_3,tbd,full_body_mid_distance,[]
person_033,train,20,P5,Motion pose (step/walk freeze),A4,Near profile,B2,L2,G_rot_3,person_033__G_rot_3,tbd,full_body_mid_distance,[]
person_034,train,01,P1,"Standing neutral, arms relaxed",A1,Front,B1,L1,G_core_1,person_034__G_core_1,tbd,full_body_mid_distance,[]
person_034,train,02,P1,"Standing neutral, arms relaxed",A2,30° left,B1,L1,G_core_1,person_034__G_core_1,tbd,full_body_mid_distance,[]
person_034,train,03,P1,"Standing neutral, arms relaxed",A3,30° right,B1,L1,G_core_1,person_034__G_core_1,tbd,full_body_mid_distance,[]
person_034,train,04,P1,"Standing neutral, arms relaxed",A4,Near profile,B1,L2,G_core_1,person_034__G_core_1,tbd,full_body_mid_distance,[]
person_034,train,05,P2,Standing contrapposto (weight shift),A1,Front,B2,L1,G_core_2,person_034__G_core_2,tbd,full_body_mid_distance,[]
person_034,train,06,P2,Standing contrapposto (weight shift),A2,30° left,B2,L1,G_core_2,person_034__G_core_2,tbd,full_body_mid_distance,[]
person_034,train,07,P2,Standing contrapposto (weight shift),A3,30° right,B2,L2,G_core_2,person_034__G_core_2,tbd,full_body_mid_distance,[]
person_034,train,08,P2,Standing contrapposto (weight shift),A4,Near profile,B2,L2,G_core_2,person_034__G_core_2,tbd,full_body_mid_distance,[]
person_034,train,09,P3,"Seated upright, knees forward",A1,Front,B1,L2,G_rot_1,person_034__G_rot_1,tbd,full_body_mid_distance,[]
person_034,train,10,P3,"Seated upright, knees forward",A2,30° left,B1,L2,G_rot_1,person_034__G_rot_1,tbd,full_body_mid_distance,[]
person_034,train,11,P3,"Seated upright, knees forward",A3,30° right,B3,L1,G_rot_1,person_034__G_rot_1,tbd,full_body_mid_distance,[]
person_034,train,12,P3,"Seated upright, knees forward",A4,Near profile,B3,L1,G_rot_1,person_034__G_rot_1,tbd,full_body_mid_distance,[]
person_034,train,13,P4,Seated side posture,A1,Front,B2,L2,G_rot_2,person_034__G_rot_2,tbd,full_body_mid_distance,[]
person_034,train,14,P4,Seated side posture,A2,30° left,B2,L2,G_rot_2,person_034__G_rot_2,tbd,full_body_mid_distance,[]
person_034,train,15,P4,Seated side posture,A3,30° right,B3,L1,G_rot_2,person_034__G_rot_2,tbd,full_body_mid_distance,[]
person_034,train,16,P4,Seated side posture,A4,Near profile,B3,L2,G_rot_2,person_034__G_rot_2,tbd,full_body_mid_distance,[]
person_034,train,17,P5,Motion pose (step/walk freeze),A1,Front,B1,L1,G_rot_3,person_034__G_rot_3,tbd,full_body_mid_distance,[]
person_034,train,18,P5,Motion pose (step/walk freeze),A2,30° left,B1,L2,G_rot_3,person_034__G_rot_3,tbd,full_body_mid_distance,[]
person_034,train,19,P5,Motion pose (step/walk freeze),A3,30° right,B2,L1,G_rot_3,person_034__G_rot_3,tbd,full_body_mid_distance,[]
person_034,train,20,P5,Motion pose (step/walk freeze),A4,Near profile,B2,L2,G_rot_3,person_034__G_rot_3,tbd,full_body_mid_distance,[]
person_035,train,01,P1,"Standing neutral, arms relaxed",A1,Front,B1,L1,G_core_1,person_035__G_core_1,tbd,full_body_mid_distance,[]
person_035,train,02,P1,"Standing neutral, arms relaxed",A2,30° left,B1,L1,G_core_1,person_035__G_core_1,tbd,full_body_mid_distance,[]
person_035,train,03,P1,"Standing neutral, arms relaxed",A3,30° right,B1,L1,G_core_1,person_035__G_core_1,tbd,full_body_mid_distance,[]
person_035,train,04,P1,"Standing neutral, arms relaxed",A4,Near profile,B1,L2,G_core_1,person_035__G_core_1,tbd,full_body_mid_distance,[]
person_035,train,05,P2,Standing contrapposto (weight shift),A1,Front,B2,L1,G_core_2,person_035__G_core_2,tbd,full_body_mid_distance,[]
person_035,train,06,P2,Standing contrapposto (weight shift),A2,30° left,B2,L1,G_core_2,person_035__G_core_2,tbd,full_body_mid_distance,[]
person_035,train,07,P2,Standing contrapposto (weight shift),A3,30° right,B2,L2,G_core_2,person_035__G_core_2,tbd,full_body_mid_distance,[]
person_035,train,08,P2,Standing contrapposto (weight shift),A4,Near profile,B2,L2,G_core_2,person_035__G_core_2,tbd,full_body_mid_distance,[]
person_035,train,09,P3,"Seated upright, knees forward",A1,Front,B1,L2,G_rot_1,person_035__G_rot_1,tbd,full_body_mid_distance,[]
person_035,train,10,P3,"Seated upright, knees forward",A2,30° left,B1,L2,G_rot_1,person_035__G_rot_1,tbd,full_body_mid_distance,[]
person_035,train,11,P3,"Seated upright, knees forward",A3,30° right,B3,L1,G_rot_1,person_035__G_rot_1,tbd,full_body_mid_distance,[]
person_035,train,12,P3,"Seated upright, knees forward",A4,Near profile,B3,L1,G_rot_1,person_035__G_rot_1,tbd,full_body_mid_distance,[]
person_035,train,13,P4,Seated side posture,A1,Front,B2,L2,G_rot_2,person_035__G_rot_2,tbd,full_body_mid_distance,[]
person_035,train,14,P4,Seated side posture,A2,30° left,B2,L2,G_rot_2,person_035__G_rot_2,tbd,full_body_mid_distance,[]
person_035,train,15,P4,Seated side posture,A3,30° right,B3,L1,G_rot_2,person_035__G_rot_2,tbd,full_body_mid_distance,[]
person_035,train,16,P4,Seated side posture,A4,Near profile,B3,L2,G_rot_2,person_035__G_rot_2,tbd,full_body_mid_distance,[]
person_035,train,17,P5,Motion pose (step/walk freeze),A1,Front,B1,L1,G_rot_3,person_035__G_rot_3,tbd,full_body_mid_distance,[]
person_035,train,18,P5,Motion pose (step/walk freeze),A2,30° left,B1,L2,G_rot_3,person_035__G_rot_3,tbd,full_body_mid_distance,[]
person_035,train,19,P5,Motion pose (step/walk freeze),A3,30° right,B2,L1,G_rot_3,person_035__G_rot_3,tbd,full_body_mid_distance,[]
person_035,train,20,P5,Motion pose (step/walk freeze),A4,Near profile,B2,L2,G_rot_3,person_035__G_rot_3,tbd,full_body_mid_distance,[]
person_036,train,01,P1,"Standing neutral, arms relaxed",A1,Front,B1,L1,G_core_1,person_036__G_core_1,tbd,full_body_mid_distance,[]
person_036,train,02,P1,"Standing neutral, arms relaxed",A2,30° left,B1,L1,G_core_1,person_036__G_core_1,tbd,full_body_mid_distance,[]
person_036,train,03,P1,"Standing neutral, arms relaxed",A3,30° right,B1,L1,G_core_1,person_036__G_core_1,tbd,full_body_mid_distance,[]
person_036,train,04,P1,"Standing neutral, arms relaxed",A4,Near profile,B1,L2,G_core_1,person_036__G_core_1,tbd,full_body_mid_distance,[]
person_036,train,05,P2,Standing contrapposto (weight shift),A1,Front,B2,L1,G_core_2,person_036__G_core_2,tbd,full_body_mid_distance,[]
person_036,train,06,P2,Standing contrapposto (weight shift),A2,30° left,B2,L1,G_core_2,person_036__G_core_2,tbd,full_body_mid_distance,[]
person_036,train,07,P2,Standing contrapposto (weight shift),A3,30° right,B2,L2,G_core_2,person_036__G_core_2,tbd,full_body_mid_distance,[]
person_036,train,08,P2,Standing contrapposto (weight shift),A4,Near profile,B2,L2,G_core_2,person_036__G_core_2,tbd,full_body_mid_distance,[]
person_036,train,09,P3,"Seated upright, knees forward",A1,Front,B1,L2,G_rot_1,person_036__G_rot_1,tbd,full_body_mid_distance,[]
person_036,train,10,P3,"Seated upright, knees forward",A2,30° left,B1,L2,G_rot_1,person_036__G_rot_1,tbd,full_body_mid_distance,[]
person_036,train,11,P3,"Seated upright, knees forward",A3,30° right,B3,L1,G_rot_1,person_036__G_rot_1,tbd,full_body_mid_distance,[]
person_036,train,12,P3,"Seated upright, knees forward",A4,Near profile,B3,L1,G_rot_1,person_036__G_rot_1,tbd,full_body_mid_distance,[]
person_036,train,13,P4,Seated side posture,A1,Front,B2,L2,G_rot_2,person_036__G_rot_2,tbd,full_body_mid_distance,[]
person_036,train,14,P4,Seated side posture,A2,30° left,B2,L2,G_rot_2,person_036__G_rot_2,tbd,full_body_mid_distance,[]
person_036,train,15,P4,Seated side posture,A3,30° right,B3,L1,G_rot_2,person_036__G_rot_2,tbd,full_body_mid_distance,[]
person_036,train,16,P4,Seated side posture,A4,Near profile,B3,L2,G_rot_2,person_036__G_rot_2,tbd,full_body_mid_distance,[]
person_036,train,17,P5,Motion pose (step/walk freeze),A1,Front,B1,L1,G_rot_3,person_036__G_rot_3,tbd,full_body_mid_distance,[]
person_036,train,18,P5,Motion pose (step/walk freeze),A2,30° left,B1,L2,G_rot_3,person_036__G_rot_3,tbd,full_body_mid_distance,[]
person_036,train,19,P5,Motion pose (step/walk freeze),A3,30° right,B2,L1,G_rot_3,person_036__G_rot_3,tbd,full_body_mid_distance,[]
person_036,train,20,P5,Motion pose (step/walk freeze),A4,Near profile,B2,L2,G_rot_3,person_036__G_rot_3,tbd,full_body_mid_distance,[]
person_037,train,01,P1,"Standing neutral, arms relaxed",A1,Front,B1,L1,G_core_1,person_037__G_core_1,tbd,full_body_mid_distance,[]
person_037,train,02,P1,"Standing neutral, arms relaxed",A2,30° left,B1,L1,G_core_1,person_037__G_core_1,tbd,full_body_mid_distance,[]
person_037,train,03,P1,"Standing neutral, arms relaxed",A3,30° right,B1,L1,G_core_1,person_037__G_core_1,tbd,full_body_mid_distance,[]
person_037,train,04,P1,"Standing neutral, arms relaxed",A4,Near profile,B1,L2,G_core_1,person_037__G_core_1,tbd,full_body_mid_distance,[]
person_037,train,05,P2,Standing contrapposto (weight shift),A1,Front,B2,L1,G_core_2,person_037__G_core_2,tbd,full_body_mid_distance,[]
person_037,train,06,P2,Standing contrapposto (weight shift),A2,30° left,B2,L1,G_core_2,person_037__G_core_2,tbd,full_body_mid_distance,[]
person_037,train,07,P2,Standing contrapposto (weight shift),A3,30° right,B2,L2,G_core_2,person_037__G_core_2,tbd,full_body_mid_distance,[]
person_037,train,08,P2,Standing contrapposto (weight shift),A4,Near profile,B2,L2,G_core_2,person_037__G_core_2,tbd,full_body_mid_distance,[]
person_037,train,09,P3,"Seated upright, knees forward",A1,Front,B1,L2,G_rot_1,person_037__G_rot_1,tbd,full_body_mid_distance,[]
person_037,train,10,P3,"Seated upright, knees forward",A2,30° left,B1,L2,G_rot_1,person_037__G_rot_1,tbd,full_body_mid_distance,[]
person_037,train,11,P3,"Seated upright, knees forward",A3,30° right,B3,L1,G_rot_1,person_037__G_rot_1,tbd,full_body_mid_distance,[]
person_037,train,12,P3,"Seated upright, knees forward",A4,Near profile,B3,L1,G_rot_1,person_037__G_rot_1,tbd,full_body_mid_distance,[]
person_037,train,13,P4,Seated side posture,A1,Front,B2,L2,G_rot_2,person_037__G_rot_2,tbd,full_body_mid_distance,[]
person_037,train,14,P4,Seated side posture,A2,30° left,B2,L2,G_rot_2,person_037__G_rot_2,tbd,full_body_mid_distance,[]
person_037,train,15,P4,Seated side posture,A3,30° right,B3,L1,G_rot_2,person_037__G_rot_2,tbd,full_body_mid_distance,[]
person_037,train,16,P4,Seated side posture,A4,Near profile,B3,L2,G_rot_2,person_037__G_rot_2,tbd,full_body_mid_distance,[]
person_037,train,17,P5,Motion pose (step/walk freeze),A1,Front,B1,L1,G_rot_3,person_037__G_rot_3,tbd,full_body_mid_distance,[]
person_037,train,18,P5,Motion pose (step/walk freeze),A2,30° left,B1,L2,G_rot_3,person_037__G_rot_3,tbd,full_body_mid_distance,[]
person_037,train,19,P5,Motion pose (step/walk freeze),A3,30° right,B2,L1,G_rot_3,person_037__G_rot_3,tbd,full_body_mid_distance,[]
person_037,train,20,P5,Motion pose (step/walk freeze),A4,Near profile,B2,L2,G_rot_3,person_037__G_rot_3,tbd,full_body_mid_distance,[]
person_038,train,01,P1,"Standing neutral, arms relaxed",A1,Front,B1,L1,G_core_1,person_038__G_core_1,tbd,full_body_mid_distance,[]
person_038,train,02,P1,"Standing neutral, arms relaxed",A2,30° left,B1,L1,G_core_1,person_038__G_core_1,tbd,full_body_mid_distance,[]
person_038,train,03,P1,"Standing neutral, arms relaxed",A3,30° right,B1,L1,G_core_1,person_038__G_core_1,tbd,full_body_mid_distance,[]
person_038,train,04,P1,"Standing neutral, arms relaxed",A4,Near profile,B1,L2,G_core_1,person_038__G_core_1,tbd,full_body_mid_distance,[]
person_038,train,05,P2,Standing contrapposto (weight shift),A1,Front,B2,L1,G_core_2,person_038__G_core_2,tbd,full_body_mid_distance,[]
person_038,train,06,P2,Standing contrapposto (weight shift),A2,30° left,B2,L1,G_core_2,person_038__G_core_2,tbd,full_body_mid_distance,[]
person_038,train,07,P2,Standing contrapposto (weight shift),A3,30° right,B2,L2,G_core_2,person_038__G_core_2,tbd,full_body_mid_distance,[]
person_038,train,08,P2,Standing contrapposto (weight shift),A4,Near profile,B2,L2,G_core_2,person_038__G_core_2,tbd,full_body_mid_distance,[]
person_038,train,09,P3,"Seated upright, knees forward",A1,Front,B1,L2,G_rot_1,person_038__G_rot_1,tbd,full_body_mid_distance,[]
person_038,train,10,P3,"Seated upright, knees forward",A2,30° left,B1,L2,G_rot_1,person_038__G_rot_1,tbd,full_body_mid_distance,[]
person_038,train,11,P3,"Seated upright, knees forward",A3,30° right,B3,L1,G_rot_1,person_038__G_rot_1,tbd,full_body_mid_distance,[]
person_038,train,12,P3,"Seated upright, knees forward",A4,Near profile,B3,L1,G_rot_1,person_038__G_rot_1,tbd,full_body_mid_distance,[]
person_038,train,13,P4,Seated side posture,A1,Front,B2,L2,G_rot_2,person_038__G_rot_2,tbd,full_body_mid_distance,[]
person_038,train,14,P4,Seated side posture,A2,30° left,B2,L2,G_rot_2,person_038__G_rot_2,tbd,full_body_mid_distance,[]
person_038,train,15,P4,Seated side posture,A3,30° right,B3,L1,G_rot_2,person_038__G_rot_2,tbd,full_body_mid_distance,[]
person_038,train,16,P4,Seated side posture,A4,Near profile,B3,L2,G_rot_2,person_038__G_rot_2,tbd,full_body_mid_distance,[]
person_038,train,17,P5,Motion pose (step/walk freeze),A1,Front,B1,L1,G_rot_3,person_038__G_rot_3,tbd,full_body_mid_distance,[]
person_038,train,18,P5,Motion pose (step/walk freeze),A2,30° left,B1,L2,G_rot_3,person_038__G_rot_3,tbd,full_body_mid_distance,[]
person_038,train,19,P5,Motion pose (step/walk freeze),A3,30° right,B2,L1,G_rot_3,person_038__G_rot_3,tbd,full_body_mid_distance,[]
person_038,train,20,P5,Motion pose (step/walk freeze),A4,Near profile,B2,L2,G_rot_3,person_038__G_rot_3,tbd,full_body_mid_distance,[]
person_039,train,01,P1,"Standing neutral, arms relaxed",A1,Front,B1,L1,G_core_1,person_039__G_core_1,tbd,full_body_mid_distance,[]
person_039,train,02,P1,"Standing neutral, arms relaxed",A2,30° left,B1,L1,G_core_1,person_039__G_core_1,tbd,full_body_mid_distance,[]
person_039,train,03,P1,"Standing neutral, arms relaxed",A3,30° right,B1,L1,G_core_1,person_039__G_core_1,tbd,full_body_mid_distance,[]
person_039,train,04,P1,"Standing neutral, arms relaxed",A4,Near profile,B1,L2,G_core_1,person_039__G_core_1,tbd,full_body_mid_distance,[]
person_039,train,05,P2,Standing contrapposto (weight shift),A1,Front,B2,L1,G_core_2,person_039__G_core_2,tbd,full_body_mid_distance,[]
person_039,train,06,P2,Standing contrapposto (weight shift),A2,30° left,B2,L1,G_core_2,person_039__G_core_2,tbd,full_body_mid_distance,[]
person_039,train,07,P2,Standing contrapposto (weight shift),A3,30° right,B2,L2,G_core_2,person_039__G_core_2,tbd,full_body_mid_distance,[]
person_039,train,08,P2,Standing contrapposto (weight shift),A4,Near profile,B2,L2,G_core_2,person_039__G_core_2,tbd,full_body_mid_distance,[]
person_039,train,09,P3,"Seated upright, knees forward",A1,Front,B1,L2,G_rot_1,person_039__G_rot_1,tbd,full_body_mid_distance,[]
person_039,train,10,P3,"Seated upright, knees forward",A2,30° left,B1,L2,G_rot_1,person_039__G_rot_1,tbd,full_body_mid_distance,[]
person_039,train,11,P3,"Seated upright, knees forward",A3,30° right,B3,L1,G_rot_1,person_039__G_rot_1,tbd,full_body_mid_distance,[]
person_039,train,12,P3,"Seated upright, knees forward",A4,Near profile,B3,L1,G_rot_1,person_039__G_rot_1,tbd,full_body_mid_distance,[]
person_039,train,13,P4,Seated side posture,A1,Front,B2,L2,G_rot_2,person_039__G_rot_2,tbd,full_body_mid_distance,[]
person_039,train,14,P4,Seated side posture,A2,30° left,B2,L2,G_rot_2,person_039__G_rot_2,tbd,full_body_mid_distance,[]
person_039,train,15,P4,Seated side posture,A3,30° right,B3,L1,G_rot_2,person_039__G_rot_2,tbd,full_body_mid_distance,[]
person_039,train,16,P4,Seated side posture,A4,Near profile,B3,L2,G_rot_2,person_039__G_rot_2,tbd,full_body_mid_distance,[]
person_039,train,17,P5,Motion pose (step/walk freeze),A1,Front,B1,L1,G_rot_3,person_039__G_rot_3,tbd,full_body_mid_distance,[]
person_039,train,18,P5,Motion pose (step/walk freeze),A2,30° left,B1,L2,G_rot_3,person_039__G_rot_3,tbd,full_body_mid_distance,[]
person_039,train,19,P5,Motion pose (step/walk freeze),A3,30° right,B2,L1,G_rot_3,person_039__G_rot_3,tbd,full_body_mid_distance,[]
person_039,train,20,P5,Motion pose (step/walk freeze),A4,Near profile,B2,L2,G_rot_3,person_039__G_rot_3,tbd,full_body_mid_distance,[]
person_040,train,01,P1,"Standing neutral, arms relaxed",A1,Front,B1,L1,G_core_1,person_040__G_core_1,tbd,full_body_mid_distance,[]
person_040,train,02,P1,"Standing neutral, arms relaxed",A2,30° left,B1,L1,G_core_1,person_040__G_core_1,tbd,full_body_mid_distance,[]
person_040,train,03,P1,"Standing neutral, arms relaxed",A3,30° right,B1,L1,G_core_1,person_040__G_core_1,tbd,full_body_mid_distance,[]
person_040,train,04,P1,"Standing neutral, arms relaxed",A4,Near profile,B1,L2,G_core_1,person_040__G_core_1,tbd,full_body_mid_distance,[]
person_040,train,05,P2,Standing contrapposto (weight shift),A1,Front,B2,L1,G_core_2,person_040__G_core_2,tbd,full_body_mid_distance,[]
person_040,train,06,P2,Standing contrapposto (weight shift),A2,30° left,B2,L1,G_core_2,person_040__G_core_2,tbd,full_body_mid_distance,[]
person_040,train,07,P2,Standing contrapposto (weight shift),A3,30° right,B2,L2,G_core_2,person_040__G_core_2,tbd,full_body_mid_distance,[]
person_040,train,08,P2,Standing contrapposto (weight shift),A4,Near profile,B2,L2,G_core_2,person_040__G_core_2,tbd,full_body_mid_distance,[]
person_040,train,09,P3,"Seated upright, knees forward",A1,Front,B1,L2,G_rot_1,person_040__G_rot_1,tbd,full_body_mid_distance,[]
person_040,train,10,P3,"Seated upright, knees forward",A2,30° left,B1,L2,G_rot_1,person_040__G_rot_1,tbd,full_body_mid_distance,[]
person_040,train,11,P3,"Seated upright, knees forward",A3,30° right,B3,L1,G_rot_1,person_040__G_rot_1,tbd,full_body_mid_distance,[]
person_040,train,12,P3,"Seated upright, knees forward",A4,Near profile,B3,L1,G_rot_1,person_040__G_rot_1,tbd,full_body_mid_distance,[]
person_040,train,13,P4,Seated side posture,A1,Front,B2,L2,G_rot_2,person_040__G_rot_2,tbd,full_body_mid_distance,[]
person_040,train,14,P4,Seated side posture,A2,30° left,B2,L2,G_rot_2,person_040__G_rot_2,tbd,full_body_mid_distance,[]
person_040,train,15,P4,Seated side posture,A3,30° right,B3,L1,G_rot_2,person_040__G_rot_2,tbd,full_body_mid_distance,[]
person_040,train,16,P4,Seated side posture,A4,Near profile,B3,L2,G_rot_2,person_040__G_rot_2,tbd,full_body_mid_distance,[]
person_040,train,17,P5,Motion pose (step/walk freeze),A1,Front,B1,L1,G_rot_3,person_040__G_rot_3,tbd,full_body_mid_distance,[]
person_040,train,18,P5,Motion pose (step/walk freeze),A2,30° left,B1,L2,G_rot_3,person_040__G_rot_3,tbd,full_body_mid_distance,[]
person_040,train,19,P5,Motion pose (step/walk freeze),A3,30° right,B2,L1,G_rot_3,person_040__G_rot_3,tbd,full_body_mid_distance,[]
person_040,train,20,P5,Motion pose (step/walk freeze),A4,Near profile,B2,L2,G_rot_3,person_040__G_rot_3,tbd,full_body_mid_distance,[]
person_041,train,01,P1,"Standing neutral, arms relaxed",A1,Front,B1,L1,G_core_1,person_041__G_core_1,tbd,full_body_mid_distance,[]
person_041,train,02,P1,"Standing neutral, arms relaxed",A2,30° left,B1,L1,G_core_1,person_041__G_core_1,tbd,full_body_mid_distance,[]
person_041,train,03,P1,"Standing neutral, arms relaxed",A3,30° right,B1,L1,G_core_1,person_041__G_core_1,tbd,full_body_mid_distance,[]
person_041,train,04,P1,"Standing neutral, arms relaxed",A4,Near profile,B1,L2,G_core_1,person_041__G_core_1,tbd,full_body_mid_distance,[]
person_041,train,05,P2,Standing contrapposto (weight shift),A1,Front,B2,L1,G_core_2,person_041__G_core_2,tbd,full_body_mid_distance,[]
person_041,train,06,P2,Standing contrapposto (weight shift),A2,30° left,B2,L1,G_core_2,person_041__G_core_2,tbd,full_body_mid_distance,[]
person_041,train,07,P2,Standing contrapposto (weight shift),A3,30° right,B2,L2,G_core_2,person_041__G_core_2,tbd,full_body_mid_distance,[]
person_041,train,08,P2,Standing contrapposto (weight shift),A4,Near profile,B2,L2,G_core_2,person_041__G_core_2,tbd,full_body_mid_distance,[]
person_041,train,09,P3,"Seated upright, knees forward",A1,Front,B1,L2,G_rot_1,person_041__G_rot_1,tbd,full_body_mid_distance,[]
person_041,train,10,P3,"Seated upright, knees forward",A2,30° left,B1,L2,G_rot_1,person_041__G_rot_1,tbd,full_body_mid_distance,[]
person_041,train,11,P3,"Seated upright, knees forward",A3,30° right,B3,L1,G_rot_1,person_041__G_rot_1,tbd,full_body_mid_distance,[]
person_041,train,12,P3,"Seated upright, knees forward",A4,Near profile,B3,L1,G_rot_1,person_041__G_rot_1,tbd,full_body_mid_distance,[]
person_041,train,13,P4,Seated side posture,A1,Front,B2,L2,G_rot_2,person_041__G_rot_2,tbd,full_body_mid_distance,[]
person_041,train,14,P4,Seated side posture,A2,30° left,B2,L2,G_rot_2,person_041__G_rot_2,tbd,full_body_mid_distance,[]
person_041,train,15,P4,Seated side posture,A3,30° right,B3,L1,G_rot_2,person_041__G_rot_2,tbd,full_body_mid_distance,[]
person_041,train,16,P4,Seated side posture,A4,Near profile,B3,L2,G_rot_2,person_041__G_rot_2,tbd,full_body_mid_distance,[]
person_041,train,17,P5,Motion pose (step/walk freeze),A1,Front,B1,L1,G_rot_3,person_041__G_rot_3,tbd,full_body_mid_distance,[]
person_041,train,18,P5,Motion pose (step/walk freeze),A2,30° left,B1,L2,G_rot_3,person_041__G_rot_3,tbd,full_body_mid_distance,[]
person_041,train,19,P5,Motion pose (step/walk freeze),A3,30° right,B2,L1,G_rot_3,person_041__G_rot_3,tbd,full_body_mid_distance,[]
person_041,train,20,P5,Motion pose (step/walk freeze),A4,Near profile,B2,L2,G_rot_3,person_041__G_rot_3,tbd,full_body_mid_distance,[]
person_042,train,01,P1,"Standing neutral, arms relaxed",A1,Front,B1,L1,G_core_1,person_042__G_core_1,tbd,full_body_mid_distance,[]
person_042,train,02,P1,"Standing neutral, arms relaxed",A2,30° left,B1,L1,G_core_1,person_042__G_core_1,tbd,full_body_mid_distance,[]
person_042,train,03,P1,"Standing neutral, arms relaxed",A3,30° right,B1,L1,G_core_1,person_042__G_core_1,tbd,full_body_mid_distance,[]
person_042,train,04,P1,"Standing neutral, arms relaxed",A4,Near profile,B1,L2,G_core_1,person_042__G_core_1,tbd,full_body_mid_distance,[]
person_042,train,05,P2,Standing contrapposto (weight shift),A1,Front,B2,L1,G_core_2,person_042__G_core_2,tbd,full_body_mid_distance,[]
person_042,train,06,P2,Standing contrapposto (weight shift),A2,30° left,B2,L1,G_core_2,person_042__G_core_2,tbd,full_body_mid_distance,[]
person_042,train,07,P2,Standing contrapposto (weight shift),A3,30° right,B2,L2,G_core_2,person_042__G_core_2,tbd,full_body_mid_distance,[]
person_042,train,08,P2,Standing contrapposto (weight shift),A4,Near profile,B2,L2,G_core_2,person_042__G_core_2,tbd,full_body_mid_distance,[]
person_042,train,09,P3,"Seated upright, knees forward",A1,Front,B1,L2,G_rot_1,person_042__G_rot_1,tbd,full_body_mid_distance,[]
person_042,train,10,P3,"Seated upright, knees forward",A2,30° left,B1,L2,G_rot_1,person_042__G_rot_1,tbd,full_body_mid_distance,[]
person_042,train,11,P3,"Seated upright, knees forward",A3,30° right,B3,L1,G_rot_1,person_042__G_rot_1,tbd,full_body_mid_distance,[]
person_042,train,12,P3,"Seated upright, knees forward",A4,Near profile,B3,L1,G_rot_1,person_042__G_rot_1,tbd,full_body_mid_distance,[]
person_042,train,13,P4,Seated side posture,A1,Front,B2,L2,G_rot_2,person_042__G_rot_2,tbd,full_body_mid_distance,[]
person_042,train,14,P4,Seated side posture,A2,30° left,B2,L2,G_rot_2,person_042__G_rot_2,tbd,full_body_mid_distance,[]
person_042,train,15,P4,Seated side posture,A3,30° right,B3,L1,G_rot_2,person_042__G_rot_2,tbd,full_body_mid_distance,[]
person_042,train,16,P4,Seated side posture,A4,Near profile,B3,L2,G_rot_2,person_042__G_rot_2,tbd,full_body_mid_distance,[]
person_042,train,17,P5,Motion pose (step/walk freeze),A1,Front,B1,L1,G_rot_3,person_042__G_rot_3,tbd,full_body_mid_distance,[]
person_042,train,18,P5,Motion pose (step/walk freeze),A2,30° left,B1,L2,G_rot_3,person_042__G_rot_3,tbd,full_body_mid_distance,[]
person_042,train,19,P5,Motion pose (step/walk freeze),A3,30° right,B2,L1,G_rot_3,person_042__G_rot_3,tbd,full_body_mid_distance,[]
person_042,train,20,P5,Motion pose (step/walk freeze),A4,Near profile,B2,L2,G_rot_3,person_042__G_rot_3,tbd,full_body_mid_distance,[]
person_043,train,01,P1,"Standing neutral, arms relaxed",A1,Front,B1,L1,G_core_1,person_043__G_core_1,tbd,full_body_mid_distance,[]
person_043,train,02,P1,"Standing neutral, arms relaxed",A2,30° left,B1,L1,G_core_1,person_043__G_core_1,tbd,full_body_mid_distance,[]
person_043,train,03,P1,"Standing neutral, arms relaxed",A3,30° right,B1,L1,G_core_1,person_043__G_core_1,tbd,full_body_mid_distance,[]
person_043,train,04,P1,"Standing neutral, arms relaxed",A4,Near profile,B1,L2,G_core_1,person_043__G_core_1,tbd,full_body_mid_distance,[]
person_043,train,05,P2,Standing contrapposto (weight shift),A1,Front,B2,L1,G_core_2,person_043__G_core_2,tbd,full_body_mid_distance,[]
person_043,train,06,P2,Standing contrapposto (weight shift),A2,30° left,B2,L1,G_core_2,person_043__G_core_2,tbd,full_body_mid_distance,[]
person_043,train,07,P2,Standing contrapposto (weight shift),A3,30° right,B2,L2,G_core_2,person_043__G_core_2,tbd,full_body_mid_distance,[]
person_043,train,08,P2,Standing contrapposto (weight shift),A4,Near profile,B2,L2,G_core_2,person_043__G_core_2,tbd,full_body_mid_distance,[]
person_043,train,09,P3,"Seated upright, knees forward",A1,Front,B1,L2,G_rot_1,person_043__G_rot_1,tbd,full_body_mid_distance,[]
person_043,train,10,P3,"Seated upright, knees forward",A2,30° left,B1,L2,G_rot_1,person_043__G_rot_1,tbd,full_body_mid_distance,[]
person_043,train,11,P3,"Seated upright, knees forward",A3,30° right,B3,L1,G_rot_1,person_043__G_rot_1,tbd,full_body_mid_distance,[]
person_043,train,12,P3,"Seated upright, knees forward",A4,Near profile,B3,L1,G_rot_1,person_043__G_rot_1,tbd,full_body_mid_distance,[]
person_043,train,13,P4,Seated side posture,A1,Front,B2,L2,G_rot_2,person_043__G_rot_2,tbd,full_body_mid_distance,[]
person_043,train,14,P4,Seated side posture,A2,30° left,B2,L2,G_rot_2,person_043__G_rot_2,tbd,full_body_mid_distance,[]
person_043,train,15,P4,Seated side posture,A3,30° right,B3,L1,G_rot_2,person_043__G_rot_2,tbd,full_body_mid_distance,[]
person_043,train,16,P4,Seated side posture,A4,Near profile,B3,L2,G_rot_2,person_043__G_rot_2,tbd,full_body_mid_distance,[]
person_043,train,17,P5,Motion pose (step/walk freeze),A1,Front,B1,L1,G_rot_3,person_043__G_rot_3,tbd,full_body_mid_distance,[]
person_043,train,18,P5,Motion pose (step/walk freeze),A2,30° left,B1,L2,G_rot_3,person_043__G_rot_3,tbd,full_body_mid_distance,[]
person_043,train,19,P5,Motion pose (step/walk freeze),A3,30° right,B2,L1,G_rot_3,person_043__G_rot_3,tbd,full_body_mid_distance,[]
person_043,train,20,P5,Motion pose (step/walk freeze),A4,Near profile,B2,L2,G_rot_3,person_043__G_rot_3,tbd,full_body_mid_distance,[]
person_044,train,01,P1,"Standing neutral, arms relaxed",A1,Front,B1,L1,G_core_1,person_044__G_core_1,tbd,full_body_mid_distance,[]
person_044,train,02,P1,"Standing neutral, arms relaxed",A2,30° left,B1,L1,G_core_1,person_044__G_core_1,tbd,full_body_mid_distance,[]
person_044,train,03,P1,"Standing neutral, arms relaxed",A3,30° right,B1,L1,G_core_1,person_044__G_core_1,tbd,full_body_mid_distance,[]
person_044,train,04,P1,"Standing neutral, arms relaxed",A4,Near profile,B1,L2,G_core_1,person_044__G_core_1,tbd,full_body_mid_distance,[]
person_044,train,05,P2,Standing contrapposto (weight shift),A1,Front,B2,L1,G_core_2,person_044__G_core_2,tbd,full_body_mid_distance,[]
person_044,train,06,P2,Standing contrapposto (weight shift),A2,30° left,B2,L1,G_core_2,person_044__G_core_2,tbd,full_body_mid_distance,[]
person_044,train,07,P2,Standing contrapposto (weight shift),A3,30° right,B2,L2,G_core_2,person_044__G_core_2,tbd,full_body_mid_distance,[]
person_044,train,08,P2,Standing contrapposto (weight shift),A4,Near profile,B2,L2,G_core_2,person_044__G_core_2,tbd,full_body_mid_distance,[]
person_044,train,09,P3,"Seated upright, knees forward",A1,Front,B1,L2,G_rot_1,person_044__G_rot_1,tbd,full_body_mid_distance,[]
person_044,train,10,P3,"Seated upright, knees forward",A2,30° left,B1,L2,G_rot_1,person_044__G_rot_1,tbd,full_body_mid_distance,[]
person_044,train,11,P3,"Seated upright, knees forward",A3,30° right,B3,L1,G_rot_1,person_044__G_rot_1,tbd,full_body_mid_distance,[]
person_044,train,12,P3,"Seated upright, knees forward",A4,Near profile,B3,L1,G_rot_1,person_044__G_rot_1,tbd,full_body_mid_distance,[]
person_044,train,13,P4,Seated side posture,A1,Front,B2,L2,G_rot_2,person_044__G_rot_2,tbd,full_body_mid_distance,[]
person_044,train,14,P4,Seated side posture,A2,30° left,B2,L2,G_rot_2,person_044__G_rot_2,tbd,full_body_mid_distance,[]
person_044,train,15,P4,Seated side posture,A3,30° right,B3,L1,G_rot_2,person_044__G_rot_2,tbd,full_body_mid_distance,[]
person_044,train,16,P4,Seated side posture,A4,Near profile,B3,L2,G_rot_2,person_044__G_rot_2,tbd,full_body_mid_distance,[]
person_044,train,17,P5,Motion pose (step/walk freeze),A1,Front,B1,L1,G_rot_3,person_044__G_rot_3,tbd,full_body_mid_distance,[]
person_044,train,18,P5,Motion pose (step/walk freeze),A2,30° left,B1,L2,G_rot_3,person_044__G_rot_3,tbd,full_body_mid_distance,[]
person_044,train,19,P5,Motion pose (step/walk freeze),A3,30° right,B2,L1,G_rot_3,person_044__G_rot_3,tbd,full_body_mid_distance,[]
person_044,train,20,P5,Motion pose (step/walk freeze),A4,Near profile,B2,L2,G_rot_3,person_044__G_rot_3,tbd,full_body_mid_distance,[]
person_045,train,01,P1,"Standing neutral, arms relaxed",A1,Front,B1,L1,G_core_1,person_045__G_core_1,tbd,full_body_mid_distance,[]
person_045,train,02,P1,"Standing neutral, arms relaxed",A2,30° left,B1,L1,G_core_1,person_045__G_core_1,tbd,full_body_mid_distance,[]
person_045,train,03,P1,"Standing neutral, arms relaxed",A3,30° right,B1,L1,G_core_1,person_045__G_core_1,tbd,full_body_mid_distance,[]
person_045,train,04,P1,"Standing neutral, arms relaxed",A4,Near profile,B1,L2,G_core_1,person_045__G_core_1,tbd,full_body_mid_distance,[]
person_045,train,05,P2,Standing contrapposto (weight shift),A1,Front,B2,L1,G_core_2,person_045__G_core_2,tbd,full_body_mid_distance,[]
person_045,train,06,P2,Standing contrapposto (weight shift),A2,30° left,B2,L1,G_core_2,person_045__G_core_2,tbd,full_body_mid_distance,[]
person_045,train,07,P2,Standing contrapposto (weight shift),A3,30° right,B2,L2,G_core_2,person_045__G_core_2,tbd,full_body_mid_distance,[]
person_045,train,08,P2,Standing contrapposto (weight shift),A4,Near profile,B2,L2,G_core_2,person_045__G_core_2,tbd,full_body_mid_distance,[]
person_045,train,09,P3,"Seated upright, knees forward",A1,Front,B1,L2,G_rot_1,person_045__G_rot_1,tbd,full_body_mid_distance,[]
person_045,train,10,P3,"Seated upright, knees forward",A2,30° left,B1,L2,G_rot_1,person_045__G_rot_1,tbd,full_body_mid_distance,[]
person_045,train,11,P3,"Seated upright, knees forward",A3,30° right,B3,L1,G_rot_1,person_045__G_rot_1,tbd,full_body_mid_distance,[]
person_045,train,12,P3,"Seated upright, knees forward",A4,Near profile,B3,L1,G_rot_1,person_045__G_rot_1,tbd,full_body_mid_distance,[]
person_045,train,13,P4,Seated side posture,A1,Front,B2,L2,G_rot_2,person_045__G_rot_2,tbd,full_body_mid_distance,[]
person_045,train,14,P4,Seated side posture,A2,30° left,B2,L2,G_rot_2,person_045__G_rot_2,tbd,full_body_mid_distance,[]
person_045,train,15,P4,Seated side posture,A3,30° right,B3,L1,G_rot_2,person_045__G_rot_2,tbd,full_body_mid_distance,[]
person_045,train,16,P4,Seated side posture,A4,Near profile,B3,L2,G_rot_2,person_045__G_rot_2,tbd,full_body_mid_distance,[]
person_045,train,17,P5,Motion pose (step/walk freeze),A1,Front,B1,L1,G_rot_3,person_045__G_rot_3,tbd,full_body_mid_distance,[]
person_045,train,18,P5,Motion pose (step/walk freeze),A2,30° left,B1,L2,G_rot_3,person_045__G_rot_3,tbd,full_body_mid_distance,[]
person_045,train,19,P5,Motion pose (step/walk freeze),A3,30° right,B2,L1,G_rot_3,person_045__G_rot_3,tbd,full_body_mid_distance,[]
person_045,train,20,P5,Motion pose (step/walk freeze),A4,Near profile,B2,L2,G_rot_3,person_045__G_rot_3,tbd,full_body_mid_distance,[]
person_046,train,01,P1,"Standing neutral, arms relaxed",A1,Front,B1,L1,G_core_1,person_046__G_core_1,tbd,full_body_mid_distance,[]
person_046,train,02,P1,"Standing neutral, arms relaxed",A2,30° left,B1,L1,G_core_1,person_046__G_core_1,tbd,full_body_mid_distance,[]
person_046,train,03,P1,"Standing neutral, arms relaxed",A3,30° right,B1,L1,G_core_1,person_046__G_core_1,tbd,full_body_mid_distance,[]
person_046,train,04,P1,"Standing neutral, arms relaxed",A4,Near profile,B1,L2,G_core_1,person_046__G_core_1,tbd,full_body_mid_distance,[]
person_046,train,05,P2,Standing contrapposto (weight shift),A1,Front,B2,L1,G_core_2,person_046__G_core_2,tbd,full_body_mid_distance,[]
person_046,train,06,P2,Standing contrapposto (weight shift),A2,30° left,B2,L1,G_core_2,person_046__G_core_2,tbd,full_body_mid_distance,[]
person_046,train,07,P2,Standing contrapposto (weight shift),A3,30° right,B2,L2,G_core_2,person_046__G_core_2,tbd,full_body_mid_distance,[]
person_046,train,08,P2,Standing contrapposto (weight shift),A4,Near profile,B2,L2,G_core_2,person_046__G_core_2,tbd,full_body_mid_distance,[]
person_046,train,09,P3,"Seated upright, knees forward",A1,Front,B1,L2,G_rot_1,person_046__G_rot_1,tbd,full_body_mid_distance,[]
person_046,train,10,P3,"Seated upright, knees forward",A2,30° left,B1,L2,G_rot_1,person_046__G_rot_1,tbd,full_body_mid_distance,[]
person_046,train,11,P3,"Seated upright, knees forward",A3,30° right,B3,L1,G_rot_1,person_046__G_rot_1,tbd,full_body_mid_distance,[]
person_046,train,12,P3,"Seated upright, knees forward",A4,Near profile,B3,L1,G_rot_1,person_046__G_rot_1,tbd,full_body_mid_distance,[]
person_046,train,13,P4,Seated side posture,A1,Front,B2,L2,G_rot_2,person_046__G_rot_2,tbd,full_body_mid_distance,[]
person_046,train,14,P4,Seated side posture,A2,30° left,B2,L2,G_rot_2,person_046__G_rot_2,tbd,full_body_mid_distance,[]
person_046,train,15,P4,Seated side posture,A3,30° right,B3,L1,G_rot_2,person_046__G_rot_2,tbd,full_body_mid_distance,[]
person_046,train,16,P4,Seated side posture,A4,Near profile,B3,L2,G_rot_2,person_046__G_rot_2,tbd,full_body_mid_distance,[]
person_046,train,17,P5,Motion pose (step/walk freeze),A1,Front,B1,L1,G_rot_3,person_046__G_rot_3,tbd,full_body_mid_distance,[]
person_046,train,18,P5,Motion pose (step/walk freeze),A2,30° left,B1,L2,G_rot_3,person_046__G_rot_3,tbd,full_body_mid_distance,[]
person_046,train,19,P5,Motion pose (step/walk freeze),A3,30° right,B2,L1,G_rot_3,person_046__G_rot_3,tbd,full_body_mid_distance,[]
person_046,train,20,P5,Motion pose (step/walk freeze),A4,Near profile,B2,L2,G_rot_3,person_046__G_rot_3,tbd,full_body_mid_distance,[]
person_047,train,01,P1,"Standing neutral, arms relaxed",A1,Front,B1,L1,G_core_1,person_047__G_core_1,tbd,full_body_mid_distance,[]
person_047,train,02,P1,"Standing neutral, arms relaxed",A2,30° left,B1,L1,G_core_1,person_047__G_core_1,tbd,full_body_mid_distance,[]
person_047,train,03,P1,"Standing neutral, arms relaxed",A3,30° right,B1,L1,G_core_1,person_047__G_core_1,tbd,full_body_mid_distance,[]
person_047,train,04,P1,"Standing neutral, arms relaxed",A4,Near profile,B1,L2,G_core_1,person_047__G_core_1,tbd,full_body_mid_distance,[]
person_047,train,05,P2,Standing contrapposto (weight shift),A1,Front,B2,L1,G_core_2,person_047__G_core_2,tbd,full_body_mid_distance,[]
person_047,train,06,P2,Standing contrapposto (weight shift),A2,30° left,B2,L1,G_core_2,person_047__G_core_2,tbd,full_body_mid_distance,[]
person_047,train,07,P2,Standing contrapposto (weight shift),A3,30° right,B2,L2,G_core_2,person_047__G_core_2,tbd,full_body_mid_distance,[]
person_047,train,08,P2,Standing contrapposto (weight shift),A4,Near profile,B2,L2,G_core_2,person_047__G_core_2,tbd,full_body_mid_distance,[]
person_047,train,09,P3,"Seated upright, knees forward",A1,Front,B1,L2,G_rot_1,person_047__G_rot_1,tbd,full_body_mid_distance,[]
person_047,train,10,P3,"Seated upright, knees forward",A2,30° left,B1,L2,G_rot_1,person_047__G_rot_1,tbd,full_body_mid_distance,[]
person_047,train,11,P3,"Seated upright, knees forward",A3,30° right,B3,L1,G_rot_1,person_047__G_rot_1,tbd,full_body_mid_distance,[]
person_047,train,12,P3,"Seated upright, knees forward",A4,Near profile,B3,L1,G_rot_1,person_047__G_rot_1,tbd,full_body_mid_distance,[]
person_047,train,13,P4,Seated side posture,A1,Front,B2,L2,G_rot_2,person_047__G_rot_2,tbd,full_body_mid_distance,[]
person_047,train,14,P4,Seated side posture,A2,30° left,B2,L2,G_rot_2,person_047__G_rot_2,tbd,full_body_mid_distance,[]
person_047,train,15,P4,Seated side posture,A3,30° right,B3,L1,G_rot_2,person_047__G_rot_2,tbd,full_body_mid_distance,[]
person_047,train,16,P4,Seated side posture,A4,Near profile,B3,L2,G_rot_2,person_047__G_rot_2,tbd,full_body_mid_distance,[]
person_047,train,17,P5,Motion pose (step/walk freeze),A1,Front,B1,L1,G_rot_3,person_047__G_rot_3,tbd,full_body_mid_distance,[]
person_047,train,18,P5,Motion pose (step/walk freeze),A2,30° left,B1,L2,G_rot_3,person_047__G_rot_3,tbd,full_body_mid_distance,[]
person_047,train,19,P5,Motion pose (step/walk freeze),A3,30° right,B2,L1,G_rot_3,person_047__G_rot_3,tbd,full_body_mid_distance,[]
person_047,train,20,P5,Motion pose (step/walk freeze),A4,Near profile,B2,L2,G_rot_3,person_047__G_rot_3,tbd,full_body_mid_distance,[]
person_048,train,01,P1,"Standing neutral, arms relaxed",A1,Front,B1,L1,G_core_1,person_048__G_core_1,tbd,full_body_mid_distance,[]
person_048,train,02,P1,"Standing neutral, arms relaxed",A2,30° left,B1,L1,G_core_1,person_048__G_core_1,tbd,full_body_mid_distance,[]
person_048,train,03,P1,"Standing neutral, arms relaxed",A3,30° right,B1,L1,G_core_1,person_048__G_core_1,tbd,full_body_mid_distance,[]
person_048,train,04,P1,"Standing neutral, arms relaxed",A4,Near profile,B1,L2,G_core_1,person_048__G_core_1,tbd,full_body_mid_distance,[]
person_048,train,05,P2,Standing contrapposto (weight shift),A1,Front,B2,L1,G_core_2,person_048__G_core_2,tbd,full_body_mid_distance,[]
person_048,train,06,P2,Standing contrapposto (weight shift),A2,30° left,B2,L1,G_core_2,person_048__G_core_2,tbd,full_body_mid_distance,[]
person_048,train,07,P2,Standing contrapposto (weight shift),A3,30° right,B2,L2,G_core_2,person_048__G_core_2,tbd,full_body_mid_distance,[]
person_048,train,08,P2,Standing contrapposto (weight shift),A4,Near profile,B2,L2,G_core_2,person_048__G_core_2,tbd,full_body_mid_distance,[]
person_048,train,09,P3,"Seated upright, knees forward",A1,Front,B1,L2,G_rot_1,person_048__G_rot_1,tbd,full_body_mid_distance,[]
person_048,train,10,P3,"Seated upright, knees forward",A2,30° left,B1,L2,G_rot_1,person_048__G_rot_1,tbd,full_body_mid_distance,[]
person_048,train,11,P3,"Seated upright, knees forward",A3,30° right,B3,L1,G_rot_1,person_048__G_rot_1,tbd,full_body_mid_distance,[]
person_048,train,12,P3,"Seated upright, knees forward",A4,Near profile,B3,L1,G_rot_1,person_048__G_rot_1,tbd,full_body_mid_distance,[]
person_048,train,13,P4,Seated side posture,A1,Front,B2,L2,G_rot_2,person_048__G_rot_2,tbd,full_body_mid_distance,[]
person_048,train,14,P4,Seated side posture,A2,30° left,B2,L2,G_rot_2,person_048__G_rot_2,tbd,full_body_mid_distance,[]
person_048,train,15,P4,Seated side posture,A3,30° right,B3,L1,G_rot_2,person_048__G_rot_2,tbd,full_body_mid_distance,[]
person_048,train,16,P4,Seated side posture,A4,Near profile,B3,L2,G_rot_2,person_048__G_rot_2,tbd,full_body_mid_distance,[]
person_048,train,17,P5,Motion pose (step/walk freeze),A1,Front,B1,L1,G_rot_3,person_048__G_rot_3,tbd,full_body_mid_distance,[]
person_048,train,18,P5,Motion pose (step/walk freeze),A2,30° left,B1,L2,G_rot_3,person_048__G_rot_3,tbd,full_body_mid_distance,[]
person_048,train,19,P5,Motion pose (step/walk freeze),A3,30° right,B2,L1,G_rot_3,person_048__G_rot_3,tbd,full_body_mid_distance,[]
person_048,train,20,P5,Motion pose (step/walk freeze),A4,Near profile,B2,L2,G_rot_3,person_048__G_rot_3,tbd,full_body_mid_distance,[]
person_049,train,01,P1,"Standing neutral, arms relaxed",A1,Front,B1,L1,G_core_1,person_049__G_core_1,tbd,full_body_mid_distance,[]
person_049,train,02,P1,"Standing neutral, arms relaxed",A2,30° left,B1,L1,G_core_1,person_049__G_core_1,tbd,full_body_mid_distance,[]
person_049,train,03,P1,"Standing neutral, arms relaxed",A3,30° right,B1,L1,G_core_1,person_049__G_core_1,tbd,full_body_mid_distance,[]
person_049,train,04,P1,"Standing neutral, arms relaxed",A4,Near profile,B1,L2,G_core_1,person_049__G_core_1,tbd,full_body_mid_distance,[]
person_049,train,05,P2,Standing contrapposto (weight shift),A1,Front,B2,L1,G_core_2,person_049__G_core_2,tbd,full_body_mid_distance,[]
person_049,train,06,P2,Standing contrapposto (weight shift),A2,30° left,B2,L1,G_core_2,person_049__G_core_2,tbd,full_body_mid_distance,[]
person_049,train,07,P2,Standing contrapposto (weight shift),A3,30° right,B2,L2,G_core_2,person_049__G_core_2,tbd,full_body_mid_distance,[]
person_049,train,08,P2,Standing contrapposto (weight shift),A4,Near profile,B2,L2,G_core_2,person_049__G_core_2,tbd,full_body_mid_distance,[]
person_049,train,09,P3,"Seated upright, knees forward",A1,Front,B1,L2,G_rot_1,person_049__G_rot_1,tbd,full_body_mid_distance,[]
person_049,train,10,P3,"Seated upright, knees forward",A2,30° left,B1,L2,G_rot_1,person_049__G_rot_1,tbd,full_body_mid_distance,[]
person_049,train,11,P3,"Seated upright, knees forward",A3,30° right,B3,L1,G_rot_1,person_049__G_rot_1,tbd,full_body_mid_distance,[]
person_049,train,12,P3,"Seated upright, knees forward",A4,Near profile,B3,L1,G_rot_1,person_049__G_rot_1,tbd,full_body_mid_distance,[]
person_049,train,13,P4,Seated side posture,A1,Front,B2,L2,G_rot_2,person_049__G_rot_2,tbd,full_body_mid_distance,[]
person_049,train,14,P4,Seated side posture,A2,30° left,B2,L2,G_rot_2,person_049__G_rot_2,tbd,full_body_mid_distance,[]
person_049,train,15,P4,Seated side posture,A3,30° right,B3,L1,G_rot_2,person_049__G_rot_2,tbd,full_body_mid_distance,[]
person_049,train,16,P4,Seated side posture,A4,Near profile,B3,L2,G_rot_2,person_049__G_rot_2,tbd,full_body_mid_distance,[]
person_049,train,17,P5,Motion pose (step/walk freeze),A1,Front,B1,L1,G_rot_3,person_049__G_rot_3,tbd,full_body_mid_distance,[]
person_049,train,18,P5,Motion pose (step/walk freeze),A2,30° left,B1,L2,G_rot_3,person_049__G_rot_3,tbd,full_body_mid_distance,[]
person_049,train,19,P5,Motion pose (step/walk freeze),A3,30° right,B2,L1,G_rot_3,person_049__G_rot_3,tbd,full_body_mid_distance,[]
person_049,train,20,P5,Motion pose (step/walk freeze),A4,Near profile,B2,L2,G_rot_3,person_049__G_rot_3,tbd,full_body_mid_distance,[]
person_050,train,01,P1,"Standing neutral, arms relaxed",A1,Front,B1,L1,G_core_1,person_050__G_core_1,tbd,full_body_mid_distance,[]
person_050,train,02,P1,"Standing neutral, arms relaxed",A2,30° left,B1,L1,G_core_1,person_050__G_core_1,tbd,full_body_mid_distance,[]
person_050,train,03,P1,"Standing neutral, arms relaxed",A3,30° right,B1,L1,G_core_1,person_050__G_core_1,tbd,full_body_mid_distance,[]
person_050,train,04,P1,"Standing neutral, arms relaxed",A4,Near profile,B1,L2,G_core_1,person_050__G_core_1,tbd,full_body_mid_distance,[]
person_050,train,05,P2,Standing contrapposto (weight shift),A1,Front,B2,L1,G_core_2,person_050__G_core_2,tbd,full_body_mid_distance,[]
person_050,train,06,P2,Standing contrapposto (weight shift),A2,30° left,B2,L1,G_core_2,person_050__G_core_2,tbd,full_body_mid_distance,[]
person_050,train,07,P2,Standing contrapposto (weight shift),A3,30° right,B2,L2,G_core_2,person_050__G_core_2,tbd,full_body_mid_distance,[]
person_050,train,08,P2,Standing contrapposto (weight shift),A4,Near profile,B2,L2,G_core_2,person_050__G_core_2,tbd,full_body_mid_distance,[]
person_050,train,09,P3,"Seated upright, knees forward",A1,Front,B1,L2,G_rot_1,person_050__G_rot_1,tbd,full_body_mid_distance,[]
person_050,train,10,P3,"Seated upright, knees forward",A2,30° left,B1,L2,G_rot_1,person_050__G_rot_1,tbd,full_body_mid_distance,[]
person_050,train,11,P3,"Seated upright, knees forward",A3,30° right,B3,L1,G_rot_1,person_050__G_rot_1,tbd,full_body_mid_distance,[]
person_050,train,12,P3,"Seated upright, knees forward",A4,Near profile,B3,L1,G_rot_1,person_050__G_rot_1,tbd,full_body_mid_distance,[]
person_050,train,13,P4,Seated side posture,A1,Front,B2,L2,G_rot_2,person_050__G_rot_2,tbd,full_body_mid_distance,[]
person_050,train,14,P4,Seated side posture,A2,30° left,B2,L2,G_rot_2,person_050__G_rot_2,tbd,full_body_mid_distance,[]
person_050,train,15,P4,Seated side posture,A3,30° right,B3,L1,G_rot_2,person_050__G_rot_2,tbd,full_body_mid_distance,[]
person_050,train,16,P4,Seated side posture,A4,Near profile,B3,L2,G_rot_2,person_050__G_rot_2,tbd,full_body_mid_distance,[]
person_050,train,17,P5,Motion pose (step/walk freeze),A1,Front,B1,L1,G_rot_3,person_050__G_rot_3,tbd,full_body_mid_distance,[]
person_050,train,18,P5,Motion pose (step/walk freeze),A2,30° left,B1,L2,G_rot_3,person_050__G_rot_3,tbd,full_body_mid_distance,[]
person_050,train,19,P5,Motion pose (step/walk freeze),A3,30° right,B2,L1,G_rot_3,person_050__G_rot_3,tbd,full_body_mid_distance,[]
person_050,train,20,P5,Motion pose (step/walk freeze),A4,Near profile,B2,L2,G_rot_3,person_050__G_rot_3,tbd,full_body_mid_distance,[]
person_051,train,01,P1,"Standing neutral, arms relaxed",A1,Front,B1,L1,G_core_1,person_051__G_core_1,tbd,full_body_mid_distance,[]
person_051,train,02,P1,"Standing neutral, arms relaxed",A2,30° left,B1,L1,G_core_1,person_051__G_core_1,tbd,full_body_mid_distance,[]
person_051,train,03,P1,"Standing neutral, arms relaxed",A3,30° right,B1,L1,G_core_1,person_051__G_core_1,tbd,full_body_mid_distance,[]
person_051,train,04,P1,"Standing neutral, arms relaxed",A4,Near profile,B1,L2,G_core_1,person_051__G_core_1,tbd,full_body_mid_distance,[]
person_051,train,05,P2,Standing contrapposto (weight shift),A1,Front,B2,L1,G_core_2,person_051__G_core_2,tbd,full_body_mid_distance,[]
person_051,train,06,P2,Standing contrapposto (weight shift),A2,30° left,B2,L1,G_core_2,person_051__G_core_2,tbd,full_body_mid_distance,[]
person_051,train,07,P2,Standing contrapposto (weight shift),A3,30° right,B2,L2,G_core_2,person_051__G_core_2,tbd,full_body_mid_distance,[]
person_051,train,08,P2,Standing contrapposto (weight shift),A4,Near profile,B2,L2,G_core_2,person_051__G_core_2,tbd,full_body_mid_distance,[]
person_051,train,09,P3,"Seated upright, knees forward",A1,Front,B1,L2,G_rot_1,person_051__G_rot_1,tbd,full_body_mid_distance,[]
person_051,train,10,P3,"Seated upright, knees forward",A2,30° left,B1,L2,G_rot_1,person_051__G_rot_1,tbd,full_body_mid_distance,[]
person_051,train,11,P3,"Seated upright, knees forward",A3,30° right,B3,L1,G_rot_1,person_051__G_rot_1,tbd,full_body_mid_distance,[]
person_051,train,12,P3,"Seated upright, knees forward",A4,Near profile,B3,L1,G_rot_1,person_051__G_rot_1,tbd,full_body_mid_distance,[]
person_051,train,13,P4,Seated side posture,A1,Front,B2,L2,G_rot_2,person_051__G_rot_2,tbd,full_body_mid_distance,[]
person_051,train,14,P4,Seated side posture,A2,30° left,B2,L2,G_rot_2,person_051__G_rot_2,tbd,full_body_mid_distance,[]
person_051,train,15,P4,Seated side posture,A3,30° right,B3,L1,G_rot_2,person_051__G_rot_2,tbd,full_body_mid_distance,[]
person_051,train,16,P4,Seated side posture,A4,Near profile,B3,L2,G_rot_2,person_051__G_rot_2,tbd,full_body_mid_distance,[]
person_051,train,17,P5,Motion pose (step/walk freeze),A1,Front,B1,L1,G_rot_3,person_051__G_rot_3,tbd,full_body_mid_distance,[]
person_051,train,18,P5,Motion pose (step/walk freeze),A2,30° left,B1,L2,G_rot_3,person_051__G_rot_3,tbd,full_body_mid_distance,[]
person_051,train,19,P5,Motion pose (step/walk freeze),A3,30° right,B2,L1,G_rot_3,person_051__G_rot_3,tbd,full_body_mid_distance,[]
person_051,train,20,P5,Motion pose (step/walk freeze),A4,Near profile,B2,L2,G_rot_3,person_051__G_rot_3,tbd,full_body_mid_distance,[]
person_052,train,01,P1,"Standing neutral, arms relaxed",A1,Front,B1,L1,G_core_1,person_052__G_core_1,tbd,full_body_mid_distance,[]
person_052,train,02,P1,"Standing neutral, arms relaxed",A2,30° left,B1,L1,G_core_1,person_052__G_core_1,tbd,full_body_mid_distance,[]
person_052,train,03,P1,"Standing neutral, arms relaxed",A3,30° right,B1,L1,G_core_1,person_052__G_core_1,tbd,full_body_mid_distance,[]
person_052,train,04,P1,"Standing neutral, arms relaxed",A4,Near profile,B1,L2,G_core_1,person_052__G_core_1,tbd,full_body_mid_distance,[]
person_052,train,05,P2,Standing contrapposto (weight shift),A1,Front,B2,L1,G_core_2,person_052__G_core_2,tbd,full_body_mid_distance,[]
person_052,train,06,P2,Standing contrapposto (weight shift),A2,30° left,B2,L1,G_core_2,person_052__G_core_2,tbd,full_body_mid_distance,[]
person_052,train,07,P2,Standing contrapposto (weight shift),A3,30° right,B2,L2,G_core_2,person_052__G_core_2,tbd,full_body_mid_distance,[]
person_052,train,08,P2,Standing contrapposto (weight shift),A4,Near profile,B2,L2,G_core_2,person_052__G_core_2,tbd,full_body_mid_distance,[]
person_052,train,09,P3,"Seated upright, knees forward",A1,Front,B1,L2,G_rot_1,person_052__G_rot_1,tbd,full_body_mid_distance,[]
person_052,train,10,P3,"Seated upright, knees forward",A2,30° left,B1,L2,G_rot_1,person_052__G_rot_1,tbd,full_body_mid_distance,[]
person_052,train,11,P3,"Seated upright, knees forward",A3,30° right,B3,L1,G_rot_1,person_052__G_rot_1,tbd,full_body_mid_distance,[]
person_052,train,12,P3,"Seated upright, knees forward",A4,Near profile,B3,L1,G_rot_1,person_052__G_rot_1,tbd,full_body_mid_distance,[]
person_052,train,13,P4,Seated side posture,A1,Front,B2,L2,G_rot_2,person_052__G_rot_2,tbd,full_body_mid_distance,[]
person_052,train,14,P4,Seated side posture,A2,30° left,B2,L2,G_rot_2,person_052__G_rot_2,tbd,full_body_mid_distance,[]
person_052,train,15,P4,Seated side posture,A3,30° right,B3,L1,G_rot_2,person_052__G_rot_2,tbd,full_body_mid_distance,[]
person_052,train,16,P4,Seated side posture,A4,Near profile,B3,L2,G_rot_2,person_052__G_rot_2,tbd,full_body_mid_distance,[]
person_052,train,17,P5,Motion pose (step/walk freeze),A1,Front,B1,L1,G_rot_3,person_052__G_rot_3,tbd,full_body_mid_distance,[]
person_052,train,18,P5,Motion pose (step/walk freeze),A2,30° left,B1,L2,G_rot_3,person_052__G_rot_3,tbd,full_body_mid_distance,[]
person_052,train,19,P5,Motion pose (step/walk freeze),A3,30° right,B2,L1,G_rot_3,person_052__G_rot_3,tbd,full_body_mid_distance,[]
person_052,train,20,P5,Motion pose (step/walk freeze),A4,Near profile,B2,L2,G_rot_3,person_052__G_rot_3,tbd,full_body_mid_distance,[]
person_053,train,01,P1,"Standing neutral, arms relaxed",A1,Front,B1,L1,G_core_1,person_053__G_core_1,tbd,full_body_mid_distance,[]
person_053,train,02,P1,"Standing neutral, arms relaxed",A2,30° left,B1,L1,G_core_1,person_053__G_core_1,tbd,full_body_mid_distance,[]
person_053,train,03,P1,"Standing neutral, arms relaxed",A3,30° right,B1,L1,G_core_1,person_053__G_core_1,tbd,full_body_mid_distance,[]
person_053,train,04,P1,"Standing neutral, arms relaxed",A4,Near profile,B1,L2,G_core_1,person_053__G_core_1,tbd,full_body_mid_distance,[]
person_053,train,05,P2,Standing contrapposto (weight shift),A1,Front,B2,L1,G_core_2,person_053__G_core_2,tbd,full_body_mid_distance,[]
person_053,train,06,P2,Standing contrapposto (weight shift),A2,30° left,B2,L1,G_core_2,person_053__G_core_2,tbd,full_body_mid_distance,[]
person_053,train,07,P2,Standing contrapposto (weight shift),A3,30° right,B2,L2,G_core_2,person_053__G_core_2,tbd,full_body_mid_distance,[]
person_053,train,08,P2,Standing contrapposto (weight shift),A4,Near profile,B2,L2,G_core_2,person_053__G_core_2,tbd,full_body_mid_distance,[]
person_053,train,09,P3,"Seated upright, knees forward",A1,Front,B1,L2,G_rot_1,person_053__G_rot_1,tbd,full_body_mid_distance,[]
person_053,train,10,P3,"Seated upright, knees forward",A2,30° left,B1,L2,G_rot_1,person_053__G_rot_1,tbd,full_body_mid_distance,[]
person_053,train,11,P3,"Seated upright, knees forward",A3,30° right,B3,L1,G_rot_1,person_053__G_rot_1,tbd,full_body_mid_distance,[]
person_053,train,12,P3,"Seated upright, knees forward",A4,Near profile,B3,L1,G_rot_1,person_053__G_rot_1,tbd,full_body_mid_distance,[]
person_053,train,13,P4,Seated side posture,A1,Front,B2,L2,G_rot_2,person_053__G_rot_2,tbd,full_body_mid_distance,[]
person_053,train,14,P4,Seated side posture,A2,30° left,B2,L2,G_rot_2,person_053__G_rot_2,tbd,full_body_mid_distance,[]
person_053,train,15,P4,Seated side posture,A3,30° right,B3,L1,G_rot_2,person_053__G_rot_2,tbd,full_body_mid_distance,[]
person_053,train,16,P4,Seated side posture,A4,Near profile,B3,L2,G_rot_2,person_053__G_rot_2,tbd,full_body_mid_distance,[]
person_053,train,17,P5,Motion pose (step/walk freeze),A1,Front,B1,L1,G_rot_3,person_053__G_rot_3,tbd,full_body_mid_distance,[]
person_053,train,18,P5,Motion pose (step/walk freeze),A2,30° left,B1,L2,G_rot_3,person_053__G_rot_3,tbd,full_body_mid_distance,[]
person_053,train,19,P5,Motion pose (step/walk freeze),A3,30° right,B2,L1,G_rot_3,person_053__G_rot_3,tbd,full_body_mid_distance,[]
person_053,train,20,P5,Motion pose (step/walk freeze),A4,Near profile,B2,L2,G_rot_3,person_053__G_rot_3,tbd,full_body_mid_distance,[]
person_054,train,01,P1,"Standing neutral, arms relaxed",A1,Front,B1,L1,G_core_1,person_054__G_core_1,tbd,full_body_mid_distance,[]
person_054,train,02,P1,"Standing neutral, arms relaxed",A2,30° left,B1,L1,G_core_1,person_054__G_core_1,tbd,full_body_mid_distance,[]
person_054,train,03,P1,"Standing neutral, arms relaxed",A3,30° right,B1,L1,G_core_1,person_054__G_core_1,tbd,full_body_mid_distance,[]
person_054,train,04,P1,"Standing neutral, arms relaxed",A4,Near profile,B1,L2,G_core_1,person_054__G_core_1,tbd,full_body_mid_distance,[]
person_054,train,05,P2,Standing contrapposto (weight shift),A1,Front,B2,L1,G_core_2,person_054__G_core_2,tbd,full_body_mid_distance,[]
person_054,train,06,P2,Standing contrapposto (weight shift),A2,30° left,B2,L1,G_core_2,person_054__G_core_2,tbd,full_body_mid_distance,[]
person_054,train,07,P2,Standing contrapposto (weight shift),A3,30° right,B2,L2,G_core_2,person_054__G_core_2,tbd,full_body_mid_distance,[]
person_054,train,08,P2,Standing contrapposto (weight shift),A4,Near profile,B2,L2,G_core_2,person_054__G_core_2,tbd,full_body_mid_distance,[]
person_054,train,09,P3,"Seated upright, knees forward",A1,Front,B1,L2,G_rot_1,person_054__G_rot_1,tbd,full_body_mid_distance,[]
person_054,train,10,P3,"Seated upright, knees forward",A2,30° left,B1,L2,G_rot_1,person_054__G_rot_1,tbd,full_body_mid_distance,[]
person_054,train,11,P3,"Seated upright, knees forward",A3,30° right,B3,L1,G_rot_1,person_054__G_rot_1,tbd,full_body_mid_distance,[]
person_054,train,12,P3,"Seated upright, knees forward",A4,Near profile,B3,L1,G_rot_1,person_054__G_rot_1,tbd,full_body_mid_distance,[]
person_054,train,13,P4,Seated side posture,A1,Front,B2,L2,G_rot_2,person_054__G_rot_2,tbd,full_body_mid_distance,[]
person_054,train,14,P4,Seated side posture,A2,30° left,B2,L2,G_rot_2,person_054__G_rot_2,tbd,full_body_mid_distance,[]
person_054,train,15,P4,Seated side posture,A3,30° right,B3,L1,G_rot_2,person_054__G_rot_2,tbd,full_body_mid_distance,[]
person_054,train,16,P4,Seated side posture,A4,Near profile,B3,L2,G_rot_2,person_054__G_rot_2,tbd,full_body_mid_distance,[]
person_054,train,17,P5,Motion pose (step/walk freeze),A1,Front,B1,L1,G_rot_3,person_054__G_rot_3,tbd,full_body_mid_distance,[]
person_054,train,18,P5,Motion pose (step/walk freeze),A2,30° left,B1,L2,G_rot_3,person_054__G_rot_3,tbd,full_body_mid_distance,[]
person_054,train,19,P5,Motion pose (step/walk freeze),A3,30° right,B2,L1,G_rot_3,person_054__G_rot_3,tbd,full_body_mid_distance,[]
person_054,train,20,P5,Motion pose (step/walk freeze),A4,Near profile,B2,L2,G_rot_3,person_054__G_rot_3,tbd,full_body_mid_distance,[]
person_055,train,01,P1,"Standing neutral, arms relaxed",A1,Front,B1,L1,G_core_1,person_055__G_core_1,tbd,full_body_mid_distance,[]
person_055,train,02,P1,"Standing neutral, arms relaxed",A2,30° left,B1,L1,G_core_1,person_055__G_core_1,tbd,full_body_mid_distance,[]
person_055,train,03,P1,"Standing neutral, arms relaxed",A3,30° right,B1,L1,G_core_1,person_055__G_core_1,tbd,full_body_mid_distance,[]
person_055,train,04,P1,"Standing neutral, arms relaxed",A4,Near profile,B1,L2,G_core_1,person_055__G_core_1,tbd,full_body_mid_distance,[]
person_055,train,05,P2,Standing contrapposto (weight shift),A1,Front,B2,L1,G_core_2,person_055__G_core_2,tbd,full_body_mid_distance,[]
person_055,train,06,P2,Standing contrapposto (weight shift),A2,30° left,B2,L1,G_core_2,person_055__G_core_2,tbd,full_body_mid_distance,[]
person_055,train,07,P2,Standing contrapposto (weight shift),A3,30° right,B2,L2,G_core_2,person_055__G_core_2,tbd,full_body_mid_distance,[]
person_055,train,08,P2,Standing contrapposto (weight shift),A4,Near profile,B2,L2,G_core_2,person_055__G_core_2,tbd,full_body_mid_distance,[]
person_055,train,09,P3,"Seated upright, knees forward",A1,Front,B1,L2,G_rot_1,person_055__G_rot_1,tbd,full_body_mid_distance,[]
person_055,train,10,P3,"Seated upright, knees forward",A2,30° left,B1,L2,G_rot_1,person_055__G_rot_1,tbd,full_body_mid_distance,[]
person_055,train,11,P3,"Seated upright, knees forward",A3,30° right,B3,L1,G_rot_1,person_055__G_rot_1,tbd,full_body_mid_distance,[]
person_055,train,12,P3,"Seated upright, knees forward",A4,Near profile,B3,L1,G_rot_1,person_055__G_rot_1,tbd,full_body_mid_distance,[]
person_055,train,13,P4,Seated side posture,A1,Front,B2,L2,G_rot_2,person_055__G_rot_2,tbd,full_body_mid_distance,[]
person_055,train,14,P4,Seated side posture,A2,30° left,B2,L2,G_rot_2,person_055__G_rot_2,tbd,full_body_mid_distance,[]
person_055,train,15,P4,Seated side posture,A3,30° right,B3,L1,G_rot_2,person_055__G_rot_2,tbd,full_body_mid_distance,[]
person_055,train,16,P4,Seated side posture,A4,Near profile,B3,L2,G_rot_2,person_055__G_rot_2,tbd,full_body_mid_distance,[]
person_055,train,17,P5,Motion pose (step/walk freeze),A1,Front,B1,L1,G_rot_3,person_055__G_rot_3,tbd,full_body_mid_distance,[]
person_055,train,18,P5,Motion pose (step/walk freeze),A2,30° left,B1,L2,G_rot_3,person_055__G_rot_3,tbd,full_body_mid_distance,[]
person_055,train,19,P5,Motion pose (step/walk freeze),A3,30° right,B2,L1,G_rot_3,person_055__G_rot_3,tbd,full_body_mid_distance,[]
person_055,train,20,P5,Motion pose (step/walk freeze),A4,Near profile,B2,L2,G_rot_3,person_055__G_rot_3,tbd,full_body_mid_distance,[]
person_056,train,01,P1,"Standing neutral, arms relaxed",A1,Front,B1,L1,G_core_1,person_056__G_core_1,tbd,full_body_mid_distance,[]
person_056,train,02,P1,"Standing neutral, arms relaxed",A2,30° left,B1,L1,G_core_1,person_056__G_core_1,tbd,full_body_mid_distance,[]
person_056,train,03,P1,"Standing neutral, arms relaxed",A3,30° right,B1,L1,G_core_1,person_056__G_core_1,tbd,full_body_mid_distance,[]
person_056,train,04,P1,"Standing neutral, arms relaxed",A4,Near profile,B1,L2,G_core_1,person_056__G_core_1,tbd,full_body_mid_distance,[]
person_056,train,05,P2,Standing contrapposto (weight shift),A1,Front,B2,L1,G_core_2,person_056__G_core_2,tbd,full_body_mid_distance,[]
person_056,train,06,P2,Standing contrapposto (weight shift),A2,30° left,B2,L1,G_core_2,person_056__G_core_2,tbd,full_body_mid_distance,[]
person_056,train,07,P2,Standing contrapposto (weight shift),A3,30° right,B2,L2,G_core_2,person_056__G_core_2,tbd,full_body_mid_distance,[]
person_056,train,08,P2,Standing contrapposto (weight shift),A4,Near profile,B2,L2,G_core_2,person_056__G_core_2,tbd,full_body_mid_distance,[]
person_056,train,09,P3,"Seated upright, knees forward",A1,Front,B1,L2,G_rot_1,person_056__G_rot_1,tbd,full_body_mid_distance,[]
person_056,train,10,P3,"Seated upright, knees forward",A2,30° left,B1,L2,G_rot_1,person_056__G_rot_1,tbd,full_body_mid_distance,[]
person_056,train,11,P3,"Seated upright, knees forward",A3,30° right,B3,L1,G_rot_1,person_056__G_rot_1,tbd,full_body_mid_distance,[]
person_056,train,12,P3,"Seated upright, knees forward",A4,Near profile,B3,L1,G_rot_1,person_056__G_rot_1,tbd,full_body_mid_distance,[]
person_056,train,13,P4,Seated side posture,A1,Front,B2,L2,G_rot_2,person_056__G_rot_2,tbd,full_body_mid_distance,[]
person_056,train,14,P4,Seated side posture,A2,30° left,B2,L2,G_rot_2,person_056__G_rot_2,tbd,full_body_mid_distance,[]
person_056,train,15,P4,Seated side posture,A3,30° right,B3,L1,G_rot_2,person_056__G_rot_2,tbd,full_body_mid_distance,[]
person_056,train,16,P4,Seated side posture,A4,Near profile,B3,L2,G_rot_2,person_056__G_rot_2,tbd,full_body_mid_distance,[]
person_056,train,17,P5,Motion pose (step/walk freeze),A1,Front,B1,L1,G_rot_3,person_056__G_rot_3,tbd,full_body_mid_distance,[]
person_056,train,18,P5,Motion pose (step/walk freeze),A2,30° left,B1,L2,G_rot_3,person_056__G_rot_3,tbd,full_body_mid_distance,[]
person_056,train,19,P5,Motion pose (step/walk freeze),A3,30° right,B2,L1,G_rot_3,person_056__G_rot_3,tbd,full_body_mid_distance,[]
person_056,train,20,P5,Motion pose (step/walk freeze),A4,Near profile,B2,L2,G_rot_3,person_056__G_rot_3,tbd,full_body_mid_distance,[]
person_057,train,01,P1,"Standing neutral, arms relaxed",A1,Front,B1,L1,G_core_1,person_057__G_core_1,tbd,full_body_mid_distance,[]
person_057,train,02,P1,"Standing neutral, arms relaxed",A2,30° left,B1,L1,G_core_1,person_057__G_core_1,tbd,full_body_mid_distance,[]
person_057,train,03,P1,"Standing neutral, arms relaxed",A3,30° right,B1,L1,G_core_1,person_057__G_core_1,tbd,full_body_mid_distance,[]
person_057,train,04,P1,"Standing neutral, arms relaxed",A4,Near profile,B1,L2,G_core_1,person_057__G_core_1,tbd,full_body_mid_distance,[]
person_057,train,05,P2,Standing contrapposto (weight shift),A1,Front,B2,L1,G_core_2,person_057__G_core_2,tbd,full_body_mid_distance,[]
person_057,train,06,P2,Standing contrapposto (weight shift),A2,30° left,B2,L1,G_core_2,person_057__G_core_2,tbd,full_body_mid_distance,[]
person_057,train,07,P2,Standing contrapposto (weight shift),A3,30° right,B2,L2,G_core_2,person_057__G_core_2,tbd,full_body_mid_distance,[]
person_057,train,08,P2,Standing contrapposto (weight shift),A4,Near profile,B2,L2,G_core_2,person_057__G_core_2,tbd,full_body_mid_distance,[]
person_057,train,09,P3,"Seated upright, knees forward",A1,Front,B1,L2,G_rot_1,person_057__G_rot_1,tbd,full_body_mid_distance,[]
person_057,train,10,P3,"Seated upright, knees forward",A2,30° left,B1,L2,G_rot_1,person_057__G_rot_1,tbd,full_body_mid_distance,[]
person_057,train,11,P3,"Seated upright, knees forward",A3,30° right,B3,L1,G_rot_1,person_057__G_rot_1,tbd,full_body_mid_distance,[]
person_057,train,12,P3,"Seated upright, knees forward",A4,Near profile,B3,L1,G_rot_1,person_057__G_rot_1,tbd,full_body_mid_distance,[]
person_057,train,13,P4,Seated side posture,A1,Front,B2,L2,G_rot_2,person_057__G_rot_2,tbd,full_body_mid_distance,[]
person_057,train,14,P4,Seated side posture,A2,30° left,B2,L2,G_rot_2,person_057__G_rot_2,tbd,full_body_mid_distance,[]
person_057,train,15,P4,Seated side posture,A3,30° right,B3,L1,G_rot_2,person_057__G_rot_2,tbd,full_body_mid_distance,[]
person_057,train,16,P4,Seated side posture,A4,Near profile,B3,L2,G_rot_2,person_057__G_rot_2,tbd,full_body_mid_distance,[]
person_057,train,17,P5,Motion pose (step/walk freeze),A1,Front,B1,L1,G_rot_3,person_057__G_rot_3,tbd,full_body_mid_distance,[]
person_057,train,18,P5,Motion pose (step/walk freeze),A2,30° left,B1,L2,G_rot_3,person_057__G_rot_3,tbd,full_body_mid_distance,[]
person_057,train,19,P5,Motion pose (step/walk freeze),A3,30° right,B2,L1,G_rot_3,person_057__G_rot_3,tbd,full_body_mid_distance,[]
person_057,train,20,P5,Motion pose (step/walk freeze),A4,Near profile,B2,L2,G_rot_3,person_057__G_rot_3,tbd,full_body_mid_distance,[]
person_058,train,01,P1,"Standing neutral, arms relaxed",A1,Front,B1,L1,G_core_1,person_058__G_core_1,tbd,full_body_mid_distance,[]
person_058,train,02,P1,"Standing neutral, arms relaxed",A2,30° left,B1,L1,G_core_1,person_058__G_core_1,tbd,full_body_mid_distance,[]
person_058,train,03,P1,"Standing neutral, arms relaxed",A3,30° right,B1,L1,G_core_1,person_058__G_core_1,tbd,full_body_mid_distance,[]
person_058,train,04,P1,"Standing neutral, arms relaxed",A4,Near profile,B1,L2,G_core_1,person_058__G_core_1,tbd,full_body_mid_distance,[]
person_058,train,05,P2,Standing contrapposto (weight shift),A1,Front,B2,L1,G_core_2,person_058__G_core_2,tbd,full_body_mid_distance,[]
person_058,train,06,P2,Standing contrapposto (weight shift),A2,30° left,B2,L1,G_core_2,person_058__G_core_2,tbd,full_body_mid_distance,[]
person_058,train,07,P2,Standing contrapposto (weight shift),A3,30° right,B2,L2,G_core_2,person_058__G_core_2,tbd,full_body_mid_distance,[]
person_058,train,08,P2,Standing contrapposto (weight shift),A4,Near profile,B2,L2,G_core_2,person_058__G_core_2,tbd,full_body_mid_distance,[]
person_058,train,09,P3,"Seated upright, knees forward",A1,Front,B1,L2,G_rot_1,person_058__G_rot_1,tbd,full_body_mid_distance,[]
person_058,train,10,P3,"Seated upright, knees forward",A2,30° left,B1,L2,G_rot_1,person_058__G_rot_1,tbd,full_body_mid_distance,[]
person_058,train,11,P3,"Seated upright, knees forward",A3,30° right,B3,L1,G_rot_1,person_058__G_rot_1,tbd,full_body_mid_distance,[]
person_058,train,12,P3,"Seated upright, knees forward",A4,Near profile,B3,L1,G_rot_1,person_058__G_rot_1,tbd,full_body_mid_distance,[]
person_058,train,13,P4,Seated side posture,A1,Front,B2,L2,G_rot_2,person_058__G_rot_2,tbd,full_body_mid_distance,[]
person_058,train,14,P4,Seated side posture,A2,30° left,B2,L2,G_rot_2,person_058__G_rot_2,tbd,full_body_mid_distance,[]
person_058,train,15,P4,Seated side posture,A3,30° right,B3,L1,G_rot_2,person_058__G_rot_2,tbd,full_body_mid_distance,[]
person_058,train,16,P4,Seated side posture,A4,Near profile,B3,L2,G_rot_2,person_058__G_rot_2,tbd,full_body_mid_distance,[]
person_058,train,17,P5,Motion pose (step/walk freeze),A1,Front,B1,L1,G_rot_3,person_058__G_rot_3,tbd,full_body_mid_distance,[]
person_058,train,18,P5,Motion pose (step/walk freeze),A2,30° left,B1,L2,G_rot_3,person_058__G_rot_3,tbd,full_body_mid_distance,[]
person_058,train,19,P5,Motion pose (step/walk freeze),A3,30° right,B2,L1,G_rot_3,person_058__G_rot_3,tbd,full_body_mid_distance,[]
person_058,train,20,P5,Motion pose (step/walk freeze),A4,Near profile,B2,L2,G_rot_3,person_058__G_rot_3,tbd,full_body_mid_distance,[]
person_059,train,01,P1,"Standing neutral, arms relaxed",A1,Front,B1,L1,G_core_1,person_059__G_core_1,tbd,full_body_mid_distance,[]
person_059,train,02,P1,"Standing neutral, arms relaxed",A2,30° left,B1,L1,G_core_1,person_059__G_core_1,tbd,full_body_mid_distance,[]
person_059,train,03,P1,"Standing neutral, arms relaxed",A3,30° right,B1,L1,G_core_1,person_059__G_core_1,tbd,full_body_mid_distance,[]
person_059,train,04,P1,"Standing neutral, arms relaxed",A4,Near profile,B1,L2,G_core_1,person_059__G_core_1,tbd,full_body_mid_distance,[]
person_059,train,05,P2,Standing contrapposto (weight shift),A1,Front,B2,L1,G_core_2,person_059__G_core_2,tbd,full_body_mid_distance,[]
person_059,train,06,P2,Standing contrapposto (weight shift),A2,30° left,B2,L1,G_core_2,person_059__G_core_2,tbd,full_body_mid_distance,[]
person_059,train,07,P2,Standing contrapposto (weight shift),A3,30° right,B2,L2,G_core_2,person_059__G_core_2,tbd,full_body_mid_distance,[]
person_059,train,08,P2,Standing contrapposto (weight shift),A4,Near profile,B2,L2,G_core_2,person_059__G_core_2,tbd,full_body_mid_distance,[]
person_059,train,09,P3,"Seated upright, knees forward",A1,Front,B1,L2,G_rot_1,person_059__G_rot_1,tbd,full_body_mid_distance,[]
person_059,train,10,P3,"Seated upright, knees forward",A2,30° left,B1,L2,G_rot_1,person_059__G_rot_1,tbd,full_body_mid_distance,[]
person_059,train,11,P3,"Seated upright, knees forward",A3,30° right,B3,L1,G_rot_1,person_059__G_rot_1,tbd,full_body_mid_distance,[]
person_059,train,12,P3,"Seated upright, knees forward",A4,Near profile,B3,L1,G_rot_1,person_059__G_rot_1,tbd,full_body_mid_distance,[]
person_059,train,13,P4,Seated side posture,A1,Front,B2,L2,G_rot_2,person_059__G_rot_2,tbd,full_body_mid_distance,[]
person_059,train,14,P4,Seated side posture,A2,30° left,B2,L2,G_rot_2,person_059__G_rot_2,tbd,full_body_mid_distance,[]
person_059,train,15,P4,Seated side posture,A3,30° right,B3,L1,G_rot_2,person_059__G_rot_2,tbd,full_body_mid_distance,[]
person_059,train,16,P4,Seated side posture,A4,Near profile,B3,L2,G_rot_2,person_059__G_rot_2,tbd,full_body_mid_distance,[]
person_059,train,17,P5,Motion pose (step/walk freeze),A1,Front,B1,L1,G_rot_3,person_059__G_rot_3,tbd,full_body_mid_distance,[]
person_059,train,18,P5,Motion pose (step/walk freeze),A2,30° left,B1,L2,G_rot_3,person_059__G_rot_3,tbd,full_body_mid_distance,[]
person_059,train,19,P5,Motion pose (step/walk freeze),A3,30° right,B2,L1,G_rot_3,person_059__G_rot_3,tbd,full_body_mid_distance,[]
person_059,train,20,P5,Motion pose (step/walk freeze),A4,Near profile,B2,L2,G_rot_3,person_059__G_rot_3,tbd,full_body_mid_distance,[]
person_060,train,01,P1,"Standing neutral, arms relaxed",A1,Front,B1,L1,G_core_1,person_060__G_core_1,tbd,full_body_mid_distance,[]
person_060,train,02,P1,"Standing neutral, arms relaxed",A2,30° left,B1,L1,G_core_1,person_060__G_core_1,tbd,full_body_mid_distance,[]
person_060,train,03,P1,"Standing neutral, arms relaxed",A3,30° right,B1,L1,G_core_1,person_060__G_core_1,tbd,full_body_mid_distance,[]
person_060,train,04,P1,"Standing neutral, arms relaxed",A4,Near profile,B1,L2,G_core_1,person_060__G_core_1,tbd,full_body_mid_distance,[]
person_060,train,05,P2,Standing contrapposto (weight shift),A1,Front,B2,L1,G_core_2,person_060__G_core_2,tbd,full_body_mid_distance,[]
person_060,train,06,P2,Standing contrapposto (weight shift),A2,30° left,B2,L1,G_core_2,person_060__G_core_2,tbd,full_body_mid_distance,[]
person_060,train,07,P2,Standing contrapposto (weight shift),A3,30° right,B2,L2,G_core_2,person_060__G_core_2,tbd,full_body_mid_distance,[]
person_060,train,08,P2,Standing contrapposto (weight shift),A4,Near profile,B2,L2,G_core_2,person_060__G_core_2,tbd,full_body_mid_distance,[]
person_060,train,09,P3,"Seated upright, knees forward",A1,Front,B1,L2,G_rot_1,person_060__G_rot_1,tbd,full_body_mid_distance,[]
person_060,train,10,P3,"Seated upright, knees forward",A2,30° left,B1,L2,G_rot_1,person_060__G_rot_1,tbd,full_body_mid_distance,[]
person_060,train,11,P3,"Seated upright, knees forward",A3,30° right,B3,L1,G_rot_1,person_060__G_rot_1,tbd,full_body_mid_distance,[]
person_060,train,12,P3,"Seated upright, knees forward",A4,Near profile,B3,L1,G_rot_1,person_060__G_rot_1,tbd,full_body_mid_distance,[]
person_060,train,13,P4,Seated side posture,A1,Front,B2,L2,G_rot_2,person_060__G_rot_2,tbd,full_body_mid_distance,[]
person_060,train,14,P4,Seated side posture,A2,30° left,B2,L2,G_rot_2,person_060__G_rot_2,tbd,full_body_mid_distance,[]
person_060,train,15,P4,Seated side posture,A3,30° right,B3,L1,G_rot_2,person_060__G_rot_2,tbd,full_body_mid_distance,[]
person_060,train,16,P4,Seated side posture,A4,Near profile,B3,L2,G_rot_2,person_060__G_rot_2,tbd,full_body_mid_distance,[]
person_060,train,17,P5,Motion pose (step/walk freeze),A1,Front,B1,L1,G_rot_3,person_060__G_rot_3,tbd,full_body_mid_distance,[]
person_060,train,18,P5,Motion pose (step/walk freeze),A2,30° left,B1,L2,G_rot_3,person_060__G_rot_3,tbd,full_body_mid_distance,[]
person_060,train,19,P5,Motion pose (step/walk freeze),A3,30° right,B2,L1,G_rot_3,person_060__G_rot_3,tbd,full_body_mid_distance,[]
person_060,train,20,P5,Motion pose (step/walk freeze),A4,Near profile,B2,L2,G_rot_3,person_060__G_rot_3,tbd,full_body_mid_distance,[]
person_061,val,01,P1,"Standing neutral, arms relaxed",A1,Front,B1,L1,G_core_1,person_061__G_core_1,tbd,full_body_mid_distance,[]
person_061,val,02,P1,"Standing neutral, arms relaxed",A2,30° left,B1,L1,G_core_1,person_061__G_core_1,tbd,full_body_mid_distance,[]
person_061,val,03,P1,"Standing neutral, arms relaxed",A3,30° right,B1,L1,G_core_1,person_061__G_core_1,tbd,full_body_mid_distance,[]
person_061,val,04,P1,"Standing neutral, arms relaxed",A4,Near profile,B1,L2,G_core_1,person_061__G_core_1,tbd,full_body_mid_distance,[]
person_061,val,05,P2,Standing contrapposto (weight shift),A1,Front,B2,L1,G_core_2,person_061__G_core_2,tbd,full_body_mid_distance,[]
person_061,val,06,P2,Standing contrapposto (weight shift),A2,30° left,B2,L1,G_core_2,person_061__G_core_2,tbd,full_body_mid_distance,[]
person_061,val,07,P2,Standing contrapposto (weight shift),A3,30° right,B2,L2,G_core_2,person_061__G_core_2,tbd,full_body_mid_distance,[]
person_061,val,08,P2,Standing contrapposto (weight shift),A4,Near profile,B2,L2,G_core_2,person_061__G_core_2,tbd,full_body_mid_distance,[]
person_061,val,09,P3,"Seated upright, knees forward",A1,Front,B1,L2,G_rot_1,person_061__G_rot_1,tbd,full_body_mid_distance,[]
person_061,val,10,P3,"Seated upright, knees forward",A2,30° left,B1,L2,G_rot_1,person_061__G_rot_1,tbd,full_body_mid_distance,[]
person_061,val,11,P3,"Seated upright, knees forward",A3,30° right,B3,L1,G_rot_1,person_061__G_rot_1,tbd,full_body_mid_distance,[]
person_061,val,12,P3,"Seated upright, knees forward",A4,Near profile,B3,L1,G_rot_1,person_061__G_rot_1,tbd,full_body_mid_distance,[]
person_061,val,13,P4,Seated side posture,A1,Front,B2,L2,G_rot_2,person_061__G_rot_2,tbd,full_body_mid_distance,[]
person_061,val,14,P4,Seated side posture,A2,30° left,B2,L2,G_rot_2,person_061__G_rot_2,tbd,full_body_mid_distance,[]
person_061,val,15,P4,Seated side posture,A3,30° right,B3,L1,G_rot_2,person_061__G_rot_2,tbd,full_body_mid_distance,[]
person_061,val,16,P4,Seated side posture,A4,Near profile,B3,L2,G_rot_2,person_061__G_rot_2,tbd,full_body_mid_distance,[]
person_061,val,17,P5,Motion pose (step/walk freeze),A1,Front,B1,L1,G_rot_3,person_061__G_rot_3,tbd,full_body_mid_distance,[]
person_061,val,18,P5,Motion pose (step/walk freeze),A2,30° left,B1,L2,G_rot_3,person_061__G_rot_3,tbd,full_body_mid_distance,[]
person_061,val,19,P5,Motion pose (step/walk freeze),A3,30° right,B2,L1,G_rot_3,person_061__G_rot_3,tbd,full_body_mid_distance,[]
person_061,val,20,P5,Motion pose (step/walk freeze),A4,Near profile,B2,L2,G_rot_3,person_061__G_rot_3,tbd,full_body_mid_distance,[]
person_062,val,01,P1,"Standing neutral, arms relaxed",A1,Front,B1,L1,G_core_1,person_062__G_core_1,tbd,full_body_mid_distance,[]
person_062,val,02,P1,"Standing neutral, arms relaxed",A2,30° left,B1,L1,G_core_1,person_062__G_core_1,tbd,full_body_mid_distance,[]
person_062,val,03,P1,"Standing neutral, arms relaxed",A3,30° right,B1,L1,G_core_1,person_062__G_core_1,tbd,full_body_mid_distance,[]
person_062,val,04,P1,"Standing neutral, arms relaxed",A4,Near profile,B1,L2,G_core_1,person_062__G_core_1,tbd,full_body_mid_distance,[]
person_062,val,05,P2,Standing contrapposto (weight shift),A1,Front,B2,L1,G_core_2,person_062__G_core_2,tbd,full_body_mid_distance,[]
person_062,val,06,P2,Standing contrapposto (weight shift),A2,30° left,B2,L1,G_core_2,person_062__G_core_2,tbd,full_body_mid_distance,[]
person_062,val,07,P2,Standing contrapposto (weight shift),A3,30° right,B2,L2,G_core_2,person_062__G_core_2,tbd,full_body_mid_distance,[]
person_062,val,08,P2,Standing contrapposto (weight shift),A4,Near profile,B2,L2,G_core_2,person_062__G_core_2,tbd,full_body_mid_distance,[]
person_062,val,09,P3,"Seated upright, knees forward",A1,Front,B1,L2,G_rot_1,person_062__G_rot_1,tbd,full_body_mid_distance,[]
person_062,val,10,P3,"Seated upright, knees forward",A2,30° left,B1,L2,G_rot_1,person_062__G_rot_1,tbd,full_body_mid_distance,[]
person_062,val,11,P3,"Seated upright, knees forward",A3,30° right,B3,L1,G_rot_1,person_062__G_rot_1,tbd,full_body_mid_distance,[]
person_062,val,12,P3,"Seated upright, knees forward",A4,Near profile,B3,L1,G_rot_1,person_062__G_rot_1,tbd,full_body_mid_distance,[]
person_062,val,13,P4,Seated side posture,A1,Front,B2,L2,G_rot_2,person_062__G_rot_2,tbd,full_body_mid_distance,[]
person_062,val,14,P4,Seated side posture,A2,30° left,B2,L2,G_rot_2,person_062__G_rot_2,tbd,full_body_mid_distance,[]
person_062,val,15,P4,Seated side posture,A3,30° right,B3,L1,G_rot_2,person_062__G_rot_2,tbd,full_body_mid_distance,[]
person_062,val,16,P4,Seated side posture,A4,Near profile,B3,L2,G_rot_2,person_062__G_rot_2,tbd,full_body_mid_distance,[]
person_062,val,17,P5,Motion pose (step/walk freeze),A1,Front,B1,L1,G_rot_3,person_062__G_rot_3,tbd,full_body_mid_distance,[]
person_062,val,18,P5,Motion pose (step/walk freeze),A2,30° left,B1,L2,G_rot_3,person_062__G_rot_3,tbd,full_body_mid_distance,[]
person_062,val,19,P5,Motion pose (step/walk freeze),A3,30° right,B2,L1,G_rot_3,person_062__G_rot_3,tbd,full_body_mid_distance,[]
person_062,val,20,P5,Motion pose (step/walk freeze),A4,Near profile,B2,L2,G_rot_3,person_062__G_rot_3,tbd,full_body_mid_distance,[]
person_063,val,01,P1,"Standing neutral, arms relaxed",A1,Front,B1,L1,G_core_1,person_063__G_core_1,tbd,full_body_mid_distance,[]
person_063,val,02,P1,"Standing neutral, arms relaxed",A2,30° left,B1,L1,G_core_1,person_063__G_core_1,tbd,full_body_mid_distance,[]
person_063,val,03,P1,"Standing neutral, arms relaxed",A3,30° right,B1,L1,G_core_1,person_063__G_core_1,tbd,full_body_mid_distance,[]
person_063,val,04,P1,"Standing neutral, arms relaxed",A4,Near profile,B1,L2,G_core_1,person_063__G_core_1,tbd,full_body_mid_distance,[]
person_063,val,05,P2,Standing contrapposto (weight shift),A1,Front,B2,L1,G_core_2,person_063__G_core_2,tbd,full_body_mid_distance,[]
person_063,val,06,P2,Standing contrapposto (weight shift),A2,30° left,B2,L1,G_core_2,person_063__G_core_2,tbd,full_body_mid_distance,[]
person_063,val,07,P2,Standing contrapposto (weight shift),A3,30° right,B2,L2,G_core_2,person_063__G_core_2,tbd,full_body_mid_distance,[]
person_063,val,08,P2,Standing contrapposto (weight shift),A4,Near profile,B2,L2,G_core_2,person_063__G_core_2,tbd,full_body_mid_distance,[]
person_063,val,09,P3,"Seated upright, knees forward",A1,Front,B1,L2,G_rot_1,person_063__G_rot_1,tbd,full_body_mid_distance,[]
person_063,val,10,P3,"Seated upright, knees forward",A2,30° left,B1,L2,G_rot_1,person_063__G_rot_1,tbd,full_body_mid_distance,[]
person_063,val,11,P3,"Seated upright, knees forward",A3,30° right,B3,L1,G_rot_1,person_063__G_rot_1,tbd,full_body_mid_distance,[]
person_063,val,12,P3,"Seated upright, knees forward",A4,Near profile,B3,L1,G_rot_1,person_063__G_rot_1,tbd,full_body_mid_distance,[]
person_063,val,13,P4,Seated side posture,A1,Front,B2,L2,G_rot_2,person_063__G_rot_2,tbd,full_body_mid_distance,[]
person_063,val,14,P4,Seated side posture,A2,30° left,B2,L2,G_rot_2,person_063__G_rot_2,tbd,full_body_mid_distance,[]
person_063,val,15,P4,Seated side posture,A3,30° right,B3,L1,G_rot_2,person_063__G_rot_2,tbd,full_body_mid_distance,[]
person_063,val,16,P4,Seated side posture,A4,Near profile,B3,L2,G_rot_2,person_063__G_rot_2,tbd,full_body_mid_distance,[]
person_063,val,17,P5,Motion pose (step/walk freeze),A1,Front,B1,L1,G_rot_3,person_063__G_rot_3,tbd,full_body_mid_distance,[]
person_063,val,18,P5,Motion pose (step/walk freeze),A2,30° left,B1,L2,G_rot_3,person_063__G_rot_3,tbd,full_body_mid_distance,[]
person_063,val,19,P5,Motion pose (step/walk freeze),A3,30° right,B2,L1,G_rot_3,person_063__G_rot_3,tbd,full_body_mid_distance,[]
person_063,val,20,P5,Motion pose (step/walk freeze),A4,Near profile,B2,L2,G_rot_3,person_063__G_rot_3,tbd,full_body_mid_distance,[]
person_064,val,01,P1,"Standing neutral, arms relaxed",A1,Front,B1,L1,G_core_1,person_064__G_core_1,tbd,full_body_mid_distance,[]
person_064,val,02,P1,"Standing neutral, arms relaxed",A2,30° left,B1,L1,G_core_1,person_064__G_core_1,tbd,full_body_mid_distance,[]
person_064,val,03,P1,"Standing neutral, arms relaxed",A3,30° right,B1,L1,G_core_1,person_064__G_core_1,tbd,full_body_mid_distance,[]
person_064,val,04,P1,"Standing neutral, arms relaxed",A4,Near profile,B1,L2,G_core_1,person_064__G_core_1,tbd,full_body_mid_distance,[]
person_064,val,05,P2,Standing contrapposto (weight shift),A1,Front,B2,L1,G_core_2,person_064__G_core_2,tbd,full_body_mid_distance,[]
person_064,val,06,P2,Standing contrapposto (weight shift),A2,30° left,B2,L1,G_core_2,person_064__G_core_2,tbd,full_body_mid_distance,[]
person_064,val,07,P2,Standing contrapposto (weight shift),A3,30° right,B2,L2,G_core_2,person_064__G_core_2,tbd,full_body_mid_distance,[]
person_064,val,08,P2,Standing contrapposto (weight shift),A4,Near profile,B2,L2,G_core_2,person_064__G_core_2,tbd,full_body_mid_distance,[]
person_064,val,09,P3,"Seated upright, knees forward",A1,Front,B1,L2,G_rot_1,person_064__G_rot_1,tbd,full_body_mid_distance,[]
person_064,val,10,P3,"Seated upright, knees forward",A2,30° left,B1,L2,G_rot_1,person_064__G_rot_1,tbd,full_body_mid_distance,[]
person_064,val,11,P3,"Seated upright, knees forward",A3,30° right,B3,L1,G_rot_1,person_064__G_rot_1,tbd,full_body_mid_distance,[]
person_064,val,12,P3,"Seated upright, knees forward",A4,Near profile,B3,L1,G_rot_1,person_064__G_rot_1,tbd,full_body_mid_distance,[]
person_064,val,13,P4,Seated side posture,A1,Front,B2,L2,G_rot_2,person_064__G_rot_2,tbd,full_body_mid_distance,[]
person_064,val,14,P4,Seated side posture,A2,30° left,B2,L2,G_rot_2,person_064__G_rot_2,tbd,full_body_mid_distance,[]
person_064,val,15,P4,Seated side posture,A3,30° right,B3,L1,G_rot_2,person_064__G_rot_2,tbd,full_body_mid_distance,[]
person_064,val,16,P4,Seated side posture,A4,Near profile,B3,L2,G_rot_2,person_064__G_rot_2,tbd,full_body_mid_distance,[]
person_064,val,17,P5,Motion pose (step/walk freeze),A1,Front,B1,L1,G_rot_3,person_064__G_rot_3,tbd,full_body_mid_distance,[]
person_064,val,18,P5,Motion pose (step/walk freeze),A2,30° left,B1,L2,G_rot_3,person_064__G_rot_3,tbd,full_body_mid_distance,[]
person_064,val,19,P5,Motion pose (step/walk freeze),A3,30° right,B2,L1,G_rot_3,person_064__G_rot_3,tbd,full_body_mid_distance,[]
person_064,val,20,P5,Motion pose (step/walk freeze),A4,Near profile,B2,L2,G_rot_3,person_064__G_rot_3,tbd,full_body_mid_distance,[]
person_065,val,01,P1,"Standing neutral, arms relaxed",A1,Front,B1,L1,G_core_1,person_065__G_core_1,tbd,full_body_mid_distance,[]
person_065,val,02,P1,"Standing neutral, arms relaxed",A2,30° left,B1,L1,G_core_1,person_065__G_core_1,tbd,full_body_mid_distance,[]
person_065,val,03,P1,"Standing neutral, arms relaxed",A3,30° right,B1,L1,G_core_1,person_065__G_core_1,tbd,full_body_mid_distance,[]
person_065,val,04,P1,"Standing neutral, arms relaxed",A4,Near profile,B1,L2,G_core_1,person_065__G_core_1,tbd,full_body_mid_distance,[]
person_065,val,05,P2,Standing contrapposto (weight shift),A1,Front,B2,L1,G_core_2,person_065__G_core_2,tbd,full_body_mid_distance,[]
person_065,val,06,P2,Standing contrapposto (weight shift),A2,30° left,B2,L1,G_core_2,person_065__G_core_2,tbd,full_body_mid_distance,[]
person_065,val,07,P2,Standing contrapposto (weight shift),A3,30° right,B2,L2,G_core_2,person_065__G_core_2,tbd,full_body_mid_distance,[]
person_065,val,08,P2,Standing contrapposto (weight shift),A4,Near profile,B2,L2,G_core_2,person_065__G_core_2,tbd,full_body_mid_distance,[]
person_065,val,09,P3,"Seated upright, knees forward",A1,Front,B1,L2,G_rot_1,person_065__G_rot_1,tbd,full_body_mid_distance,[]
person_065,val,10,P3,"Seated upright, knees forward",A2,30° left,B1,L2,G_rot_1,person_065__G_rot_1,tbd,full_body_mid_distance,[]
person_065,val,11,P3,"Seated upright, knees forward",A3,30° right,B3,L1,G_rot_1,person_065__G_rot_1,tbd,full_body_mid_distance,[]
person_065,val,12,P3,"Seated upright, knees forward",A4,Near profile,B3,L1,G_rot_1,person_065__G_rot_1,tbd,full_body_mid_distance,[]
person_065,val,13,P4,Seated side posture,A1,Front,B2,L2,G_rot_2,person_065__G_rot_2,tbd,full_body_mid_distance,[]
person_065,val,14,P4,Seated side posture,A2,30° left,B2,L2,G_rot_2,person_065__G_rot_2,tbd,full_body_mid_distance,[]
person_065,val,15,P4,Seated side posture,A3,30° right,B3,L1,G_rot_2,person_065__G_rot_2,tbd,full_body_mid_distance,[]
person_065,val,16,P4,Seated side posture,A4,Near profile,B3,L2,G_rot_2,person_065__G_rot_2,tbd,full_body_mid_distance,[]
person_065,val,17,P5,Motion pose (step/walk freeze),A1,Front,B1,L1,G_rot_3,person_065__G_rot_3,tbd,full_body_mid_distance,[]
person_065,val,18,P5,Motion pose (step/walk freeze),A2,30° left,B1,L2,G_rot_3,person_065__G_rot_3,tbd,full_body_mid_distance,[]
person_065,val,19,P5,Motion pose (step/walk freeze),A3,30° right,B2,L1,G_rot_3,person_065__G_rot_3,tbd,full_body_mid_distance,[]
person_065,val,20,P5,Motion pose (step/walk freeze),A4,Near profile,B2,L2,G_rot_3,person_065__G_rot_3,tbd,full_body_mid_distance,[]
person_066,val,01,P1,"Standing neutral, arms relaxed",A1,Front,B1,L1,G_core_1,person_066__G_core_1,tbd,full_body_mid_distance,[]
person_066,val,02,P1,"Standing neutral, arms relaxed",A2,30° left,B1,L1,G_core_1,person_066__G_core_1,tbd,full_body_mid_distance,[]
person_066,val,03,P1,"Standing neutral, arms relaxed",A3,30° right,B1,L1,G_core_1,person_066__G_core_1,tbd,full_body_mid_distance,[]
person_066,val,04,P1,"Standing neutral, arms relaxed",A4,Near profile,B1,L2,G_core_1,person_066__G_core_1,tbd,full_body_mid_distance,[]
person_066,val,05,P2,Standing contrapposto (weight shift),A1,Front,B2,L1,G_core_2,person_066__G_core_2,tbd,full_body_mid_distance,[]
person_066,val,06,P2,Standing contrapposto (weight shift),A2,30° left,B2,L1,G_core_2,person_066__G_core_2,tbd,full_body_mid_distance,[]
person_066,val,07,P2,Standing contrapposto (weight shift),A3,30° right,B2,L2,G_core_2,person_066__G_core_2,tbd,full_body_mid_distance,[]
person_066,val,08,P2,Standing contrapposto (weight shift),A4,Near profile,B2,L2,G_core_2,person_066__G_core_2,tbd,full_body_mid_distance,[]
person_066,val,09,P3,"Seated upright, knees forward",A1,Front,B1,L2,G_rot_1,person_066__G_rot_1,tbd,full_body_mid_distance,[]
person_066,val,10,P3,"Seated upright, knees forward",A2,30° left,B1,L2,G_rot_1,person_066__G_rot_1,tbd,full_body_mid_distance,[]
person_066,val,11,P3,"Seated upright, knees forward",A3,30° right,B3,L1,G_rot_1,person_066__G_rot_1,tbd,full_body_mid_distance,[]
person_066,val,12,P3,"Seated upright, knees forward",A4,Near profile,B3,L1,G_rot_1,person_066__G_rot_1,tbd,full_body_mid_distance,[]
person_066,val,13,P4,Seated side posture,A1,Front,B2,L2,G_rot_2,person_066__G_rot_2,tbd,full_body_mid_distance,[]
person_066,val,14,P4,Seated side posture,A2,30° left,B2,L2,G_rot_2,person_066__G_rot_2,tbd,full_body_mid_distance,[]
person_066,val,15,P4,Seated side posture,A3,30° right,B3,L1,G_rot_2,person_066__G_rot_2,tbd,full_body_mid_distance,[]
person_066,val,16,P4,Seated side posture,A4,Near profile,B3,L2,G_rot_2,person_066__G_rot_2,tbd,full_body_mid_distance,[]
person_066,val,17,P5,Motion pose (step/walk freeze),A1,Front,B1,L1,G_rot_3,person_066__G_rot_3,tbd,full_body_mid_distance,[]
person_066,val,18,P5,Motion pose (step/walk freeze),A2,30° left,B1,L2,G_rot_3,person_066__G_rot_3,tbd,full_body_mid_distance,[]
person_066,val,19,P5,Motion pose (step/walk freeze),A3,30° right,B2,L1,G_rot_3,person_066__G_rot_3,tbd,full_body_mid_distance,[]
person_066,val,20,P5,Motion pose (step/walk freeze),A4,Near profile,B2,L2,G_rot_3,person_066__G_rot_3,tbd,full_body_mid_distance,[]
person_067,val,01,P1,"Standing neutral, arms relaxed",A1,Front,B1,L1,G_core_1,person_067__G_core_1,tbd,full_body_mid_distance,[]
person_067,val,02,P1,"Standing neutral, arms relaxed",A2,30° left,B1,L1,G_core_1,person_067__G_core_1,tbd,full_body_mid_distance,[]
person_067,val,03,P1,"Standing neutral, arms relaxed",A3,30° right,B1,L1,G_core_1,person_067__G_core_1,tbd,full_body_mid_distance,[]
person_067,val,04,P1,"Standing neutral, arms relaxed",A4,Near profile,B1,L2,G_core_1,person_067__G_core_1,tbd,full_body_mid_distance,[]
person_067,val,05,P2,Standing contrapposto (weight shift),A1,Front,B2,L1,G_core_2,person_067__G_core_2,tbd,full_body_mid_distance,[]
person_067,val,06,P2,Standing contrapposto (weight shift),A2,30° left,B2,L1,G_core_2,person_067__G_core_2,tbd,full_body_mid_distance,[]
person_067,val,07,P2,Standing contrapposto (weight shift),A3,30° right,B2,L2,G_core_2,person_067__G_core_2,tbd,full_body_mid_distance,[]
person_067,val,08,P2,Standing contrapposto (weight shift),A4,Near profile,B2,L2,G_core_2,person_067__G_core_2,tbd,full_body_mid_distance,[]
person_067,val,09,P3,"Seated upright, knees forward",A1,Front,B1,L2,G_rot_1,person_067__G_rot_1,tbd,full_body_mid_distance,[]
person_067,val,10,P3,"Seated upright, knees forward",A2,30° left,B1,L2,G_rot_1,person_067__G_rot_1,tbd,full_body_mid_distance,[]
person_067,val,11,P3,"Seated upright, knees forward",A3,30° right,B3,L1,G_rot_1,person_067__G_rot_1,tbd,full_body_mid_distance,[]
person_067,val,12,P3,"Seated upright, knees forward",A4,Near profile,B3,L1,G_rot_1,person_067__G_rot_1,tbd,full_body_mid_distance,[]
person_067,val,13,P4,Seated side posture,A1,Front,B2,L2,G_rot_2,person_067__G_rot_2,tbd,full_body_mid_distance,[]
person_067,val,14,P4,Seated side posture,A2,30° left,B2,L2,G_rot_2,person_067__G_rot_2,tbd,full_body_mid_distance,[]
person_067,val,15,P4,Seated side posture,A3,30° right,B3,L1,G_rot_2,person_067__G_rot_2,tbd,full_body_mid_distance,[]
person_067,val,16,P4,Seated side posture,A4,Near profile,B3,L2,G_rot_2,person_067__G_rot_2,tbd,full_body_mid_distance,[]
person_067,val,17,P5,Motion pose (step/walk freeze),A1,Front,B1,L1,G_rot_3,person_067__G_rot_3,tbd,full_body_mid_distance,[]
person_067,val,18,P5,Motion pose (step/walk freeze),A2,30° left,B1,L2,G_rot_3,person_067__G_rot_3,tbd,full_body_mid_distance,[]
person_067,val,19,P5,Motion pose (step/walk freeze),A3,30° right,B2,L1,G_rot_3,person_067__G_rot_3,tbd,full_body_mid_distance,[]
person_067,val,20,P5,Motion pose (step/walk freeze),A4,Near profile,B2,L2,G_rot_3,person_067__G_rot_3,tbd,full_body_mid_distance,[]
person_068,val,01,P1,"Standing neutral, arms relaxed",A1,Front,B1,L1,G_core_1,person_068__G_core_1,tbd,full_body_mid_distance,[]
person_068,val,02,P1,"Standing neutral, arms relaxed",A2,30° left,B1,L1,G_core_1,person_068__G_core_1,tbd,full_body_mid_distance,[]
person_068,val,03,P1,"Standing neutral, arms relaxed",A3,30° right,B1,L1,G_core_1,person_068__G_core_1,tbd,full_body_mid_distance,[]
person_068,val,04,P1,"Standing neutral, arms relaxed",A4,Near profile,B1,L2,G_core_1,person_068__G_core_1,tbd,full_body_mid_distance,[]
person_068,val,05,P2,Standing contrapposto (weight shift),A1,Front,B2,L1,G_core_2,person_068__G_core_2,tbd,full_body_mid_distance,[]
person_068,val,06,P2,Standing contrapposto (weight shift),A2,30° left,B2,L1,G_core_2,person_068__G_core_2,tbd,full_body_mid_distance,[]
person_068,val,07,P2,Standing contrapposto (weight shift),A3,30° right,B2,L2,G_core_2,person_068__G_core_2,tbd,full_body_mid_distance,[]
person_068,val,08,P2,Standing contrapposto (weight shift),A4,Near profile,B2,L2,G_core_2,person_068__G_core_2,tbd,full_body_mid_distance,[]
person_068,val,09,P3,"Seated upright, knees forward",A1,Front,B1,L2,G_rot_1,person_068__G_rot_1,tbd,full_body_mid_distance,[]
person_068,val,10,P3,"Seated upright, knees forward",A2,30° left,B1,L2,G_rot_1,person_068__G_rot_1,tbd,full_body_mid_distance,[]
person_068,val,11,P3,"Seated upright, knees forward",A3,30° right,B3,L1,G_rot_1,person_068__G_rot_1,tbd,full_body_mid_distance,[]
person_068,val,12,P3,"Seated upright, knees forward",A4,Near profile,B3,L1,G_rot_1,person_068__G_rot_1,tbd,full_body_mid_distance,[]
person_068,val,13,P4,Seated side posture,A1,Front,B2,L2,G_rot_2,person_068__G_rot_2,tbd,full_body_mid_distance,[]
person_068,val,14,P4,Seated side posture,A2,30° left,B2,L2,G_rot_2,person_068__G_rot_2,tbd,full_body_mid_distance,[]
person_068,val,15,P4,Seated side posture,A3,30° right,B3,L1,G_rot_2,person_068__G_rot_2,tbd,full_body_mid_distance,[]
person_068,val,16,P4,Seated side posture,A4,Near profile,B3,L2,G_rot_2,person_068__G_rot_2,tbd,full_body_mid_distance,[]
person_068,val,17,P5,Motion pose (step/walk freeze),A1,Front,B1,L1,G_rot_3,person_068__G_rot_3,tbd,full_body_mid_distance,[]
person_068,val,18,P5,Motion pose (step/walk freeze),A2,30° left,B1,L2,G_rot_3,person_068__G_rot_3,tbd,full_body_mid_distance,[]
person_068,val,19,P5,Motion pose (step/walk freeze),A3,30° right,B2,L1,G_rot_3,person_068__G_rot_3,tbd,full_body_mid_distance,[]
person_068,val,20,P5,Motion pose (step/walk freeze),A4,Near profile,B2,L2,G_rot_3,person_068__G_rot_3,tbd,full_body_mid_distance,[]
person_069,test,01,P1,"Standing neutral, arms relaxed",A1,Front,B1,L1,G_core_1,person_069__G_core_1,tbd,full_body_mid_distance,[]
person_069,test,02,P1,"Standing neutral, arms relaxed",A2,30° left,B1,L1,G_core_1,person_069__G_core_1,tbd,full_body_mid_distance,[]
person_069,test,03,P1,"Standing neutral, arms relaxed",A3,30° right,B1,L1,G_core_1,person_069__G_core_1,tbd,full_body_mid_distance,[]
person_069,test,04,P1,"Standing neutral, arms relaxed",A4,Near profile,B1,L2,G_core_1,person_069__G_core_1,tbd,full_body_mid_distance,[]
person_069,test,05,P2,Standing contrapposto (weight shift),A1,Front,B2,L1,G_core_2,person_069__G_core_2,tbd,full_body_mid_distance,[]
person_069,test,06,P2,Standing contrapposto (weight shift),A2,30° left,B2,L1,G_core_2,person_069__G_core_2,tbd,full_body_mid_distance,[]
person_069,test,07,P2,Standing contrapposto (weight shift),A3,30° right,B2,L2,G_core_2,person_069__G_core_2,tbd,full_body_mid_distance,[]
person_069,test,08,P2,Standing contrapposto (weight shift),A4,Near profile,B2,L2,G_core_2,person_069__G_core_2,tbd,full_body_mid_distance,[]
person_069,test,09,P3,"Seated upright, knees forward",A1,Front,B1,L2,G_rot_1,person_069__G_rot_1,tbd,full_body_mid_distance,[]
person_069,test,10,P3,"Seated upright, knees forward",A2,30° left,B1,L2,G_rot_1,person_069__G_rot_1,tbd,full_body_mid_distance,[]
person_069,test,11,P3,"Seated upright, knees forward",A3,30° right,B3,L1,G_rot_1,person_069__G_rot_1,tbd,full_body_mid_distance,[]
person_069,test,12,P3,"Seated upright, knees forward",A4,Near profile,B3,L1,G_rot_1,person_069__G_rot_1,tbd,full_body_mid_distance,[]
person_069,test,13,P4,Seated side posture,A1,Front,B2,L2,G_rot_2,person_069__G_rot_2,tbd,full_body_mid_distance,[]
person_069,test,14,P4,Seated side posture,A2,30° left,B2,L2,G_rot_2,person_069__G_rot_2,tbd,full_body_mid_distance,[]
person_069,test,15,P4,Seated side posture,A3,30° right,B3,L1,G_rot_2,person_069__G_rot_2,tbd,full_body_mid_distance,[]
person_069,test,16,P4,Seated side posture,A4,Near profile,B3,L2,G_rot_2,person_069__G_rot_2,tbd,full_body_mid_distance,[]
person_069,test,17,P5,Motion pose (step/walk freeze),A1,Front,B1,L1,G_rot_3,person_069__G_rot_3,tbd,full_body_mid_distance,[]
person_069,test,18,P5,Motion pose (step/walk freeze),A2,30° left,B1,L2,G_rot_3,person_069__G_rot_3,tbd,full_body_mid_distance,[]
person_069,test,19,P5,Motion pose (step/walk freeze),A3,30° right,B2,L1,G_rot_3,person_069__G_rot_3,tbd,full_body_mid_distance,[]
person_069,test,20,P5,Motion pose (step/walk freeze),A4,Near profile,B2,L2,G_rot_3,person_069__G_rot_3,tbd,full_body_mid_distance,[]
person_070,test,01,P1,"Standing neutral, arms relaxed",A1,Front,B1,L1,G_core_1,person_070__G_core_1,tbd,full_body_mid_distance,[]
person_070,test,02,P1,"Standing neutral, arms relaxed",A2,30° left,B1,L1,G_core_1,person_070__G_core_1,tbd,full_body_mid_distance,[]
person_070,test,03,P1,"Standing neutral, arms relaxed",A3,30° right,B1,L1,G_core_1,person_070__G_core_1,tbd,full_body_mid_distance,[]
person_070,test,04,P1,"Standing neutral, arms relaxed",A4,Near profile,B1,L2,G_core_1,person_070__G_core_1,tbd,full_body_mid_distance,[]
person_070,test,05,P2,Standing contrapposto (weight shift),A1,Front,B2,L1,G_core_2,person_070__G_core_2,tbd,full_body_mid_distance,[]
person_070,test,06,P2,Standing contrapposto (weight shift),A2,30° left,B2,L1,G_core_2,person_070__G_core_2,tbd,full_body_mid_distance,[]
person_070,test,07,P2,Standing contrapposto (weight shift),A3,30° right,B2,L2,G_core_2,person_070__G_core_2,tbd,full_body_mid_distance,[]
person_070,test,08,P2,Standing contrapposto (weight shift),A4,Near profile,B2,L2,G_core_2,person_070__G_core_2,tbd,full_body_mid_distance,[]
person_070,test,09,P3,"Seated upright, knees forward",A1,Front,B1,L2,G_rot_1,person_070__G_rot_1,tbd,full_body_mid_distance,[]
person_070,test,10,P3,"Seated upright, knees forward",A2,30° left,B1,L2,G_rot_1,person_070__G_rot_1,tbd,full_body_mid_distance,[]
person_070,test,11,P3,"Seated upright, knees forward",A3,30° right,B3,L1,G_rot_1,person_070__G_rot_1,tbd,full_body_mid_distance,[]
person_070,test,12,P3,"Seated upright, knees forward",A4,Near profile,B3,L1,G_rot_1,person_070__G_rot_1,tbd,full_body_mid_distance,[]
person_070,test,13,P4,Seated side posture,A1,Front,B2,L2,G_rot_2,person_070__G_rot_2,tbd,full_body_mid_distance,[]
person_070,test,14,P4,Seated side posture,A2,30° left,B2,L2,G_rot_2,person_070__G_rot_2,tbd,full_body_mid_distance,[]
person_070,test,15,P4,Seated side posture,A3,30° right,B3,L1,G_rot_2,person_070__G_rot_2,tbd,full_body_mid_distance,[]
person_070,test,16,P4,Seated side posture,A4,Near profile,B3,L2,G_rot_2,person_070__G_rot_2,tbd,full_body_mid_distance,[]
person_070,test,17,P5,Motion pose (step/walk freeze),A1,Front,B1,L1,G_rot_3,person_070__G_rot_3,tbd,full_body_mid_distance,[]
person_070,test,18,P5,Motion pose (step/walk freeze),A2,30° left,B1,L2,G_rot_3,person_070__G_rot_3,tbd,full_body_mid_distance,[]
person_070,test,19,P5,Motion pose (step/walk freeze),A3,30° right,B2,L1,G_rot_3,person_070__G_rot_3,tbd,full_body_mid_distance,[]
person_070,test,20,P5,Motion pose (step/walk freeze),A4,Near profile,B2,L2,G_rot_3,person_070__G_rot_3,tbd,full_body_mid_distance,[]
person_071,test,01,P1,"Standing neutral, arms relaxed",A1,Front,B1,L1,G_core_1,person_071__G_core_1,tbd,full_body_mid_distance,[]
person_071,test,02,P1,"Standing neutral, arms relaxed",A2,30° left,B1,L1,G_core_1,person_071__G_core_1,tbd,full_body_mid_distance,[]
person_071,test,03,P1,"Standing neutral, arms relaxed",A3,30° right,B1,L1,G_core_1,person_071__G_core_1,tbd,full_body_mid_distance,[]
person_071,test,04,P1,"Standing neutral, arms relaxed",A4,Near profile,B1,L2,G_core_1,person_071__G_core_1,tbd,full_body_mid_distance,[]
person_071,test,05,P2,Standing contrapposto (weight shift),A1,Front,B2,L1,G_core_2,person_071__G_core_2,tbd,full_body_mid_distance,[]
person_071,test,06,P2,Standing contrapposto (weight shift),A2,30° left,B2,L1,G_core_2,person_071__G_core_2,tbd,full_body_mid_distance,[]
person_071,test,07,P2,Standing contrapposto (weight shift),A3,30° right,B2,L2,G_core_2,person_071__G_core_2,tbd,full_body_mid_distance,[]
person_071,test,08,P2,Standing contrapposto (weight shift),A4,Near profile,B2,L2,G_core_2,person_071__G_core_2,tbd,full_body_mid_distance,[]
person_071,test,09,P3,"Seated upright, knees forward",A1,Front,B1,L2,G_rot_1,person_071__G_rot_1,tbd,full_body_mid_distance,[]
person_071,test,10,P3,"Seated upright, knees forward",A2,30° left,B1,L2,G_rot_1,person_071__G_rot_1,tbd,full_body_mid_distance,[]
person_071,test,11,P3,"Seated upright, knees forward",A3,30° right,B3,L1,G_rot_1,person_071__G_rot_1,tbd,full_body_mid_distance,[]
person_071,test,12,P3,"Seated upright, knees forward",A4,Near profile,B3,L1,G_rot_1,person_071__G_rot_1,tbd,full_body_mid_distance,[]
person_071,test,13,P4,Seated side posture,A1,Front,B2,L2,G_rot_2,person_071__G_rot_2,tbd,full_body_mid_distance,[]
person_071,test,14,P4,Seated side posture,A2,30° left,B2,L2,G_rot_2,person_071__G_rot_2,tbd,full_body_mid_distance,[]
person_071,test,15,P4,Seated side posture,A3,30° right,B3,L1,G_rot_2,person_071__G_rot_2,tbd,full_body_mid_distance,[]
person_071,test,16,P4,Seated side posture,A4,Near profile,B3,L2,G_rot_2,person_071__G_rot_2,tbd,full_body_mid_distance,[]
person_071,test,17,P5,Motion pose (step/walk freeze),A1,Front,B1,L1,G_rot_3,person_071__G_rot_3,tbd,full_body_mid_distance,[]
person_071,test,18,P5,Motion pose (step/walk freeze),A2,30° left,B1,L2,G_rot_3,person_071__G_rot_3,tbd,full_body_mid_distance,[]
person_071,test,19,P5,Motion pose (step/walk freeze),A3,30° right,B2,L1,G_rot_3,person_071__G_rot_3,tbd,full_body_mid_distance,[]
person_071,test,20,P5,Motion pose (step/walk freeze),A4,Near profile,B2,L2,G_rot_3,person_071__G_rot_3,tbd,full_body_mid_distance,[]
person_072,test,01,P1,"Standing neutral, arms relaxed",A1,Front,B1,L1,G_core_1,person_072__G_core_1,tbd,full_body_mid_distance,[]
person_072,test,02,P1,"Standing neutral, arms relaxed",A2,30° left,B1,L1,G_core_1,person_072__G_core_1,tbd,full_body_mid_distance,[]
person_072,test,03,P1,"Standing neutral, arms relaxed",A3,30° right,B1,L1,G_core_1,person_072__G_core_1,tbd,full_body_mid_distance,[]
person_072,test,04,P1,"Standing neutral, arms relaxed",A4,Near profile,B1,L2,G_core_1,person_072__G_core_1,tbd,full_body_mid_distance,[]
person_072,test,05,P2,Standing contrapposto (weight shift),A1,Front,B2,L1,G_core_2,person_072__G_core_2,tbd,full_body_mid_distance,[]
person_072,test,06,P2,Standing contrapposto (weight shift),A2,30° left,B2,L1,G_core_2,person_072__G_core_2,tbd,full_body_mid_distance,[]
person_072,test,07,P2,Standing contrapposto (weight shift),A3,30° right,B2,L2,G_core_2,person_072__G_core_2,tbd,full_body_mid_distance,[]
person_072,test,08,P2,Standing contrapposto (weight shift),A4,Near profile,B2,L2,G_core_2,person_072__G_core_2,tbd,full_body_mid_distance,[]
person_072,test,09,P3,"Seated upright, knees forward",A1,Front,B1,L2,G_rot_1,person_072__G_rot_1,tbd,full_body_mid_distance,[]
person_072,test,10,P3,"Seated upright, knees forward",A2,30° left,B1,L2,G_rot_1,person_072__G_rot_1,tbd,full_body_mid_distance,[]
person_072,test,11,P3,"Seated upright, knees forward",A3,30° right,B3,L1,G_rot_1,person_072__G_rot_1,tbd,full_body_mid_distance,[]
person_072,test,12,P3,"Seated upright, knees forward",A4,Near profile,B3,L1,G_rot_1,person_072__G_rot_1,tbd,full_body_mid_distance,[]
person_072,test,13,P4,Seated side posture,A1,Front,B2,L2,G_rot_2,person_072__G_rot_2,tbd,full_body_mid_distance,[]
person_072,test,14,P4,Seated side posture,A2,30° left,B2,L2,G_rot_2,person_072__G_rot_2,tbd,full_body_mid_distance,[]
person_072,test,15,P4,Seated side posture,A3,30° right,B3,L1,G_rot_2,person_072__G_rot_2,tbd,full_body_mid_distance,[]
person_072,test,16,P4,Seated side posture,A4,Near profile,B3,L2,G_rot_2,person_072__G_rot_2,tbd,full_body_mid_distance,[]
person_072,test,17,P5,Motion pose (step/walk freeze),A1,Front,B1,L1,G_rot_3,person_072__G_rot_3,tbd,full_body_mid_distance,[]
person_072,test,18,P5,Motion pose (step/walk freeze),A2,30° left,B1,L2,G_rot_3,person_072__G_rot_3,tbd,full_body_mid_distance,[]
person_072,test,19,P5,Motion pose (step/walk freeze),A3,30° right,B2,L1,G_rot_3,person_072__G_rot_3,tbd,full_body_mid_distance,[]
person_072,test,20,P5,Motion pose (step/walk freeze),A4,Near profile,B2,L2,G_rot_3,person_072__G_rot_3,tbd,full_body_mid_distance,[]
person_073,test,01,P1,"Standing neutral, arms relaxed",A1,Front,B1,L1,G_core_1,person_073__G_core_1,tbd,full_body_mid_distance,[]
person_073,test,02,P1,"Standing neutral, arms relaxed",A2,30° left,B1,L1,G_core_1,person_073__G_core_1,tbd,full_body_mid_distance,[]
person_073,test,03,P1,"Standing neutral, arms relaxed",A3,30° right,B1,L1,G_core_1,person_073__G_core_1,tbd,full_body_mid_distance,[]
person_073,test,04,P1,"Standing neutral, arms relaxed",A4,Near profile,B1,L2,G_core_1,person_073__G_core_1,tbd,full_body_mid_distance,[]
person_073,test,05,P2,Standing contrapposto (weight shift),A1,Front,B2,L1,G_core_2,person_073__G_core_2,tbd,full_body_mid_distance,[]
person_073,test,06,P2,Standing contrapposto (weight shift),A2,30° left,B2,L1,G_core_2,person_073__G_core_2,tbd,full_body_mid_distance,[]
person_073,test,07,P2,Standing contrapposto (weight shift),A3,30° right,B2,L2,G_core_2,person_073__G_core_2,tbd,full_body_mid_distance,[]
person_073,test,08,P2,Standing contrapposto (weight shift),A4,Near profile,B2,L2,G_core_2,person_073__G_core_2,tbd,full_body_mid_distance,[]
person_073,test,09,P3,"Seated upright, knees forward",A1,Front,B1,L2,G_rot_1,person_073__G_rot_1,tbd,full_body_mid_distance,[]
person_073,test,10,P3,"Seated upright, knees forward",A2,30° left,B1,L2,G_rot_1,person_073__G_rot_1,tbd,full_body_mid_distance,[]
person_073,test,11,P3,"Seated upright, knees forward",A3,30° right,B3,L1,G_rot_1,person_073__G_rot_1,tbd,full_body_mid_distance,[]
person_073,test,12,P3,"Seated upright, knees forward",A4,Near profile,B3,L1,G_rot_1,person_073__G_rot_1,tbd,full_body_mid_distance,[]
person_073,test,13,P4,Seated side posture,A1,Front,B2,L2,G_rot_2,person_073__G_rot_2,tbd,full_body_mid_distance,[]
person_073,test,14,P4,Seated side posture,A2,30° left,B2,L2,G_rot_2,person_073__G_rot_2,tbd,full_body_mid_distance,[]
person_073,test,15,P4,Seated side posture,A3,30° right,B3,L1,G_rot_2,person_073__G_rot_2,tbd,full_body_mid_distance,[]
person_073,test,16,P4,Seated side posture,A4,Near profile,B3,L2,G_rot_2,person_073__G_rot_2,tbd,full_body_mid_distance,[]
person_073,test,17,P5,Motion pose (step/walk freeze),A1,Front,B1,L1,G_rot_3,person_073__G_rot_3,tbd,full_body_mid_distance,[]
person_073,test,18,P5,Motion pose (step/walk freeze),A2,30° left,B1,L2,G_rot_3,person_073__G_rot_3,tbd,full_body_mid_distance,[]
person_073,test,19,P5,Motion pose (step/walk freeze),A3,30° right,B2,L1,G_rot_3,person_073__G_rot_3,tbd,full_body_mid_distance,[]
person_073,test,20,P5,Motion pose (step/walk freeze),A4,Near profile,B2,L2,G_rot_3,person_073__G_rot_3,tbd,full_body_mid_distance,[]
person_074,test,01,P1,"Standing neutral, arms relaxed",A1,Front,B1,L1,G_core_1,person_074__G_core_1,tbd,full_body_mid_distance,[]
person_074,test,02,P1,"Standing neutral, arms relaxed",A2,30° left,B1,L1,G_core_1,person_074__G_core_1,tbd,full_body_mid_distance,[]
person_074,test,03,P1,"Standing neutral, arms relaxed",A3,30° right,B1,L1,G_core_1,person_074__G_core_1,tbd,full_body_mid_distance,[]
person_074,test,04,P1,"Standing neutral, arms relaxed",A4,Near profile,B1,L2,G_core_1,person_074__G_core_1,tbd,full_body_mid_distance,[]
person_074,test,05,P2,Standing contrapposto (weight shift),A1,Front,B2,L1,G_core_2,person_074__G_core_2,tbd,full_body_mid_distance,[]
person_074,test,06,P2,Standing contrapposto (weight shift),A2,30° left,B2,L1,G_core_2,person_074__G_core_2,tbd,full_body_mid_distance,[]
person_074,test,07,P2,Standing contrapposto (weight shift),A3,30° right,B2,L2,G_core_2,person_074__G_core_2,tbd,full_body_mid_distance,[]
person_074,test,08,P2,Standing contrapposto (weight shift),A4,Near profile,B2,L2,G_core_2,person_074__G_core_2,tbd,full_body_mid_distance,[]
person_074,test,09,P3,"Seated upright, knees forward",A1,Front,B1,L2,G_rot_1,person_074__G_rot_1,tbd,full_body_mid_distance,[]
person_074,test,10,P3,"Seated upright, knees forward",A2,30° left,B1,L2,G_rot_1,person_074__G_rot_1,tbd,full_body_mid_distance,[]
person_074,test,11,P3,"Seated upright, knees forward",A3,30° right,B3,L1,G_rot_1,person_074__G_rot_1,tbd,full_body_mid_distance,[]
person_074,test,12,P3,"Seated upright, knees forward",A4,Near profile,B3,L1,G_rot_1,person_074__G_rot_1,tbd,full_body_mid_distance,[]
person_074,test,13,P4,Seated side posture,A1,Front,B2,L2,G_rot_2,person_074__G_rot_2,tbd,full_body_mid_distance,[]
person_074,test,14,P4,Seated side posture,A2,30° left,B2,L2,G_rot_2,person_074__G_rot_2,tbd,full_body_mid_distance,[]
person_074,test,15,P4,Seated side posture,A3,30° right,B3,L1,G_rot_2,person_074__G_rot_2,tbd,full_body_mid_distance,[]
person_074,test,16,P4,Seated side posture,A4,Near profile,B3,L2,G_rot_2,person_074__G_rot_2,tbd,full_body_mid_distance,[]
person_074,test,17,P5,Motion pose (step/walk freeze),A1,Front,B1,L1,G_rot_3,person_074__G_rot_3,tbd,full_body_mid_distance,[]
person_074,test,18,P5,Motion pose (step/walk freeze),A2,30° left,B1,L2,G_rot_3,person_074__G_rot_3,tbd,full_body_mid_distance,[]
person_074,test,19,P5,Motion pose (step/walk freeze),A3,30° right,B2,L1,G_rot_3,person_074__G_rot_3,tbd,full_body_mid_distance,[]
person_074,test,20,P5,Motion pose (step/walk freeze),A4,Near profile,B2,L2,G_rot_3,person_074__G_rot_3,tbd,full_body_mid_distance,[]
person_075,test,01,P1,"Standing neutral, arms relaxed",A1,Front,B1,L1,G_core_1,person_075__G_core_1,tbd,full_body_mid_distance,[]
person_075,test,02,P1,"Standing neutral, arms relaxed",A2,30° left,B1,L1,G_core_1,person_075__G_core_1,tbd,full_body_mid_distance,[]
person_075,test,03,P1,"Standing neutral, arms relaxed",A3,30° right,B1,L1,G_core_1,person_075__G_core_1,tbd,full_body_mid_distance,[]
person_075,test,04,P1,"Standing neutral, arms relaxed",A4,Near profile,B1,L2,G_core_1,person_075__G_core_1,tbd,full_body_mid_distance,[]
person_075,test,05,P2,Standing contrapposto (weight shift),A1,Front,B2,L1,G_core_2,person_075__G_core_2,tbd,full_body_mid_distance,[]
person_075,test,06,P2,Standing contrapposto (weight shift),A2,30° left,B2,L1,G_core_2,person_075__G_core_2,tbd,full_body_mid_distance,[]
person_075,test,07,P2,Standing contrapposto (weight shift),A3,30° right,B2,L2,G_core_2,person_075__G_core_2,tbd,full_body_mid_distance,[]
person_075,test,08,P2,Standing contrapposto (weight shift),A4,Near profile,B2,L2,G_core_2,person_075__G_core_2,tbd,full_body_mid_distance,[]
person_075,test,09,P3,"Seated upright, knees forward",A1,Front,B1,L2,G_rot_1,person_075__G_rot_1,tbd,full_body_mid_distance,[]
person_075,test,10,P3,"Seated upright, knees forward",A2,30° left,B1,L2,G_rot_1,person_075__G_rot_1,tbd,full_body_mid_distance,[]
person_075,test,11,P3,"Seated upright, knees forward",A3,30° right,B3,L1,G_rot_1,person_075__G_rot_1,tbd,full_body_mid_distance,[]
person_075,test,12,P3,"Seated upright, knees forward",A4,Near profile,B3,L1,G_rot_1,person_075__G_rot_1,tbd,full_body_mid_distance,[]
person_075,test,13,P4,Seated side posture,A1,Front,B2,L2,G_rot_2,person_075__G_rot_2,tbd,full_body_mid_distance,[]
person_075,test,14,P4,Seated side posture,A2,30° left,B2,L2,G_rot_2,person_075__G_rot_2,tbd,full_body_mid_distance,[]
person_075,test,15,P4,Seated side posture,A3,30° right,B3,L1,G_rot_2,person_075__G_rot_2,tbd,full_body_mid_distance,[]
person_075,test,16,P4,Seated side posture,A4,Near profile,B3,L2,G_rot_2,person_075__G_rot_2,tbd,full_body_mid_distance,[]
person_075,test,17,P5,Motion pose (step/walk freeze),A1,Front,B1,L1,G_rot_3,person_075__G_rot_3,tbd,full_body_mid_distance,[]
person_075,test,18,P5,Motion pose (step/walk freeze),A2,30° left,B1,L2,G_rot_3,person_075__G_rot_3,tbd,full_body_mid_distance,[]
person_075,test,19,P5,Motion pose (step/walk freeze),A3,30° right,B2,L1,G_rot_3,person_075__G_rot_3,tbd,full_body_mid_distance,[]
person_075,test,20,P5,Motion pose (step/walk freeze),A4,Near profile,B2,L2,G_rot_3,person_075__G_rot_3,tbd,full_body_mid_distance,[]
