index,user_file,user_input_url,output_url,garment_url,garment_prompt,garment_type,user_prompt,prompt_used,status,error,prepare_latency_s,tryon_latency_s,total_latency_s
1,d59b4890-cd3b-4863-b7d4-243fbea10610.jpg,https://glamifydevstorage.blob.core.windows.net/wardrobe-outputs/5f1aa5bf-2a1c-49a6-a57c-2ab60311a149.png,https://glamifydevstorage.blob.core.windows.net/wardrobe-outputs/522e6871-556e-4705-8fd2-adc5bfbfdd5b.png,https://glamifydevstorage.blob.core.windows.net/wardrobe-outputs/1e1009b9-21cf-42aa-8ec5-d65e65622acb.png,"This garment is a fitted, short-sleeved dress with a structured bodice and a short skirt. The bodice features a sweetheart neckline with a central vertical seam that extends down the front, flanked by two angled seams converging at the waist, creating a corset-like silhouette. The front closure consists of five large, round, gold-toned buttons arranged vertically along the central seam. The sleeves are short and capped, with a slight flare at the hem, and are attached to the bodice with shoulder seams that extend from the neckline to the sleeve cap. The shoulder layout includes a square neckline with a straight upper edge, bordered by a narrow band of fabric that forms a slight V-shape at the center front. The waist transition is defined by a series of vertical seams that contour the torso, enhancing the fitted shape. The skirt is constructed from the same material as the bodice, with a smooth, continuous flow from the waist to the hem, which ends above the knee. The fabric exhibits a textured pattern resembling reptile skin, with visible grain lines running vertically along the bodice and skirt. The dress appears to be made from a structured, possibly leather-like material with a slight sheen. There are no visible boning, lining, or additional trims beyond the buttons and the subtle texture of the fabric.",dress,A young woman with blonde shoulder-length wavy hair and curvy body build.,"TRYON A young woman with blonde shoulder-length wavy hair and curvy body build. Replace the entire outfit completely with This garment is a fitted, short-sleeved dress with a structured bodice and a short skirt. The bodice features a sweetheart neckline with a central vertical seam that extends down the front, flanked by two angled seams converging at the waist, creating a corset-like silhouette. The front closure consists of five large, round, gold-toned buttons arranged vertically along the central seam. The sleeves are short and capped, with a slight flare at the hem, and are attached to the bodice with shoulder seams that extend from the neckline to the sleeve cap. The shoulder layout includes a square neckline with a straight upper edge, bordered by a narrow band of fabric that forms a slight V-shape at the center front. The waist transition is defined by a series of vertical seams that contour the torso, enhancing the fitted shape. The skirt is constructed from the same material as the bodice, with a smooth, continuous flow from the waist to the hem, which ends above the knee. The fabric exhibits a textured pattern resembling reptile skin, with visible grain lines running vertically along the bodice and skirt. The dress appears to be made from a structured, possibly leather-like material with a slight sheen. There are no visible boning, lining, or additional trims beyond the buttons and the subtle texture of the fabric. as shown in the reference image. Strictly keep the same face, body measurements, hair color, eye directions, exact foot wear, same accessories and preserve strict body pose. Preserve the exact subject scale and framing from the original image; do not zoom, crop, or change camera distance. Generate a hyper realistic virtual tryon. The final image is a full body shot.",success,,3.9405534267425537,8.079737901687622,16.994901657104492
2,image.jpg,https://glamifydevstorage.blob.core.windows.net/wardrobe-outputs/54755d7f-ee72-470f-ac35-f64b874a2282.png,https://glamifydevstorage.blob.core.windows.net/wardrobe-outputs/8076df40-1063-4171-85cf-df4c415c4682.png,https://glamifydevstorage.blob.core.windows.net/wardrobe-outputs/1e1009b9-21cf-42aa-8ec5-d65e65622acb.png,"This garment is a fitted, short-sleeved dress with a structured bodice and a short skirt. The bodice features a sweetheart neckline with a central vertical seam that extends down the front, flanked by two angled seams converging at the waist, creating a corset-like silhouette. The front closure consists of five large, round, gold-toned buttons arranged vertically along the central seam. The sleeves are short and capped, with a slight flare at the hem, and are attached to the bodice with shoulder seams that extend from the neckline to the sleeve cap. The shoulder layout includes a square neckline with a straight upper edge, bordered by a narrow band of fabric that forms a slight V-shape at the center front. The waist transition is defined by a series of vertical seams that contour the torso, enhancing the fitted shape. The skirt is constructed from the same material as the bodice, with a smooth, continuous flow from the waist to the hem, which ends above the knee. The fabric exhibits a textured pattern resembling reptile skin, with visible grain lines running vertically along the bodice and skirt. The dress appears to be made from a structured, possibly leather-like material with a slight sheen. There are no visible boning, lining, or additional trims beyond the buttons and the subtle texture of the fabric.",dress,An adult woman with blonde shoulder-length wavy hair and curvy body build.,"TRYON An adult woman with blonde shoulder-length wavy hair and curvy body build. Replace the entire outfit completely with This garment is a fitted, short-sleeved dress with a structured bodice and a short skirt. The bodice features a sweetheart neckline with a central vertical seam that extends down the front, flanked by two angled seams converging at the waist, creating a corset-like silhouette. The front closure consists of five large, round, gold-toned buttons arranged vertically along the central seam. The sleeves are short and capped, with a slight flare at the hem, and are attached to the bodice with shoulder seams that extend from the neckline to the sleeve cap. The shoulder layout includes a square neckline with a straight upper edge, bordered by a narrow band of fabric that forms a slight V-shape at the center front. The waist transition is defined by a series of vertical seams that contour the torso, enhancing the fitted shape. The skirt is constructed from the same material as the bodice, with a smooth, continuous flow from the waist to the hem, which ends above the knee. The fabric exhibits a textured pattern resembling reptile skin, with visible grain lines running vertically along the bodice and skirt. The dress appears to be made from a structured, possibly leather-like material with a slight sheen. There are no visible boning, lining, or additional trims beyond the buttons and the subtle texture of the fabric. as shown in the reference image. Strictly keep the same face, body measurements, hair color, eye directions, exact foot wear, same accessories and preserve strict body pose. Preserve the exact subject scale and framing from the original image; do not zoom, crop, or change camera distance. Generate a hyper realistic virtual tryon. The final image is a full body shot.",success,,12.675061702728271,5.836070537567139,23.304161310195923
3,pexels-2997777-4838042.jpg,https://glamifydevstorage.blob.core.windows.net/wardrobe-outputs/895b2490-2175-4e77-9f80-23b13137bb0e.png,https://glamifydevstorage.blob.core.windows.net/wardrobe-outputs/b6c53362-cd86-4eb3-990a-cb93c4a0e645.png,https://glamifydevstorage.blob.core.windows.net/wardrobe-outputs/1e1009b9-21cf-42aa-8ec5-d65e65622acb.png,"This garment is a fitted, short-sleeved dress with a structured bodice and a short skirt. The bodice features a sweetheart neckline with a central vertical seam that extends down the front, flanked by two angled seams converging at the waist, creating a corset-like silhouette. The front closure consists of five large, round, gold-toned buttons arranged vertically along the central seam. The sleeves are short and capped, with a slight flare at the hem, and are attached to the bodice with shoulder seams that extend from the neckline to the sleeve cap. The shoulder layout includes a square neckline with a straight upper edge, bordered by a narrow band of fabric that forms a slight V-shape at the center front. The waist transition is defined by a series of vertical seams that contour the torso, enhancing the fitted shape. The skirt is constructed from the same material as the bodice, with a smooth, continuous flow from the waist to the hem, which ends above the knee. The fabric exhibits a textured pattern resembling reptile skin, with visible grain lines running vertically along the bodice and skirt. The dress appears to be made from a structured, possibly leather-like material with a slight sheen. There are no visible boning, lining, or additional trims beyond the buttons and the subtle texture of the fabric.",dress,A young woman with blonde long smooth hair and slim body build.,"TRYON A young woman with blonde long smooth hair and slim body build. Replace the entire outfit completely with This garment is a fitted, short-sleeved dress with a structured bodice and a short skirt. The bodice features a sweetheart neckline with a central vertical seam that extends down the front, flanked by two angled seams converging at the waist, creating a corset-like silhouette. The front closure consists of five large, round, gold-toned buttons arranged vertically along the central seam. The sleeves are short and capped, with a slight flare at the hem, and are attached to the bodice with shoulder seams that extend from the neckline to the sleeve cap. The shoulder layout includes a square neckline with a straight upper edge, bordered by a narrow band of fabric that forms a slight V-shape at the center front. The waist transition is defined by a series of vertical seams that contour the torso, enhancing the fitted shape. The skirt is constructed from the same material as the bodice, with a smooth, continuous flow from the waist to the hem, which ends above the knee. The fabric exhibits a textured pattern resembling reptile skin, with visible grain lines running vertically along the bodice and skirt. The dress appears to be made from a structured, possibly leather-like material with a slight sheen. There are no visible boning, lining, or additional trims beyond the buttons and the subtle texture of the fabric. as shown in the reference image. Strictly keep the same face, body measurements, hair color, eye directions, exact foot wear, same accessories and preserve strict body pose. Preserve the exact subject scale and framing from the original image; do not zoom, crop, or change camera distance. Generate a hyper realistic virtual tryon. The final image is a full body shot.",success,,4.450119733810425,8.092920064926147,18.296738862991333
4,pexels-38711587-7208431.jpg,https://glamifydevstorage.blob.core.windows.net/wardrobe-outputs/36f8c73c-8ff3-48a3-9e00-c2cc10e56a59.png,https://glamifydevstorage.blob.core.windows.net/wardrobe-outputs/eb250dcd-4849-48de-a31a-db72772b61e8.png,https://glamifydevstorage.blob.core.windows.net/wardrobe-outputs/1e1009b9-21cf-42aa-8ec5-d65e65622acb.png,"This garment is a fitted, short-sleeved dress with a structured bodice and a short skirt. The bodice features a sweetheart neckline with a central vertical seam that extends down the front, flanked by two angled seams converging at the waist, creating a corset-like silhouette. The front closure consists of five large, round, gold-toned buttons arranged vertically along the central seam. The sleeves are short and capped, with a slight flare at the hem, and are attached to the bodice with shoulder seams that extend from the neckline to the sleeve cap. The shoulder layout includes a square neckline with a straight upper edge, bordered by a narrow band of fabric that forms a slight V-shape at the center front. The waist transition is defined by a series of vertical seams that contour the torso, enhancing the fitted shape. The skirt is constructed from the same material as the bodice, with a smooth, continuous flow from the waist to the hem, which ends above the knee. The fabric exhibits a textured pattern resembling reptile skin, with visible grain lines running vertically along the bodice and skirt. The dress appears to be made from a structured, possibly leather-like material with a slight sheen. There are no visible boning, lining, or additional trims beyond the buttons and the subtle texture of the fabric.",dress,A young woman with black long smooth hair and slim body build.,"TRYON A young woman with black long smooth hair and slim body build. Replace the entire outfit completely with This garment is a fitted, short-sleeved dress with a structured bodice and a short skirt. The bodice features a sweetheart neckline with a central vertical seam that extends down the front, flanked by two angled seams converging at the waist, creating a corset-like silhouette. The front closure consists of five large, round, gold-toned buttons arranged vertically along the central seam. The sleeves are short and capped, with a slight flare at the hem, and are attached to the bodice with shoulder seams that extend from the neckline to the sleeve cap. The shoulder layout includes a square neckline with a straight upper edge, bordered by a narrow band of fabric that forms a slight V-shape at the center front. The waist transition is defined by a series of vertical seams that contour the torso, enhancing the fitted shape. The skirt is constructed from the same material as the bodice, with a smooth, continuous flow from the waist to the hem, which ends above the knee. The fabric exhibits a textured pattern resembling reptile skin, with visible grain lines running vertically along the bodice and skirt. The dress appears to be made from a structured, possibly leather-like material with a slight sheen. There are no visible boning, lining, or additional trims beyond the buttons and the subtle texture of the fabric. as shown in the reference image. Strictly keep the same face, body measurements, hair color, eye directions, exact foot wear, same accessories and preserve strict body pose. Preserve the exact subject scale and framing from the original image; do not zoom, crop, or change camera distance. Generate a hyper realistic virtual tryon. The final image is a full body shot.",success,,3.8771963119506836,8.091979265213013,17.793617010116577
5,pexels-48518676-7572653.jpg,https://glamifydevstorage.blob.core.windows.net/wardrobe-outputs/7482c898-e23d-48b2-be3f-56638ecebd26.png,https://glamifydevstorage.blob.core.windows.net/wardrobe-outputs/7615c4ed-0585-454d-9e5e-dfe312f29d55.png,https://glamifydevstorage.blob.core.windows.net/wardrobe-outputs/1e1009b9-21cf-42aa-8ec5-d65e65622acb.png,"This garment is a fitted, short-sleeved dress with a structured bodice and a short skirt. The bodice features a sweetheart neckline with a central vertical seam that extends down the front, flanked by two angled seams converging at the waist, creating a corset-like silhouette. The front closure consists of five large, round, gold-toned buttons arranged vertically along the central seam. The sleeves are short and capped, with a slight flare at the hem, and are attached to the bodice with shoulder seams that extend from the neckline to the sleeve cap. The shoulder layout includes a square neckline with a straight upper edge, bordered by a narrow band of fabric that forms a slight V-shape at the center front. The waist transition is defined by a series of vertical seams that contour the torso, enhancing the fitted shape. The skirt is constructed from the same material as the bodice, with a smooth, continuous flow from the waist to the hem, which ends above the knee. The fabric exhibits a textured pattern resembling reptile skin, with visible grain lines running vertically along the bodice and skirt. The dress appears to be made from a structured, possibly leather-like material with a slight sheen. There are no visible boning, lining, or additional trims beyond the buttons and the subtle texture of the fabric.",dress,An adult woman with black long curly hair and slim body build.,"TRYON An adult woman with black long curly hair and slim body build. Replace the entire outfit completely with This garment is a fitted, short-sleeved dress with a structured bodice and a short skirt. The bodice features a sweetheart neckline with a central vertical seam that extends down the front, flanked by two angled seams converging at the waist, creating a corset-like silhouette. The front closure consists of five large, round, gold-toned buttons arranged vertically along the central seam. The sleeves are short and capped, with a slight flare at the hem, and are attached to the bodice with shoulder seams that extend from the neckline to the sleeve cap. The shoulder layout includes a square neckline with a straight upper edge, bordered by a narrow band of fabric that forms a slight V-shape at the center front. The waist transition is defined by a series of vertical seams that contour the torso, enhancing the fitted shape. The skirt is constructed from the same material as the bodice, with a smooth, continuous flow from the waist to the hem, which ends above the knee. The fabric exhibits a textured pattern resembling reptile skin, with visible grain lines running vertically along the bodice and skirt. The dress appears to be made from a structured, possibly leather-like material with a slight sheen. There are no visible boning, lining, or additional trims beyond the buttons and the subtle texture of the fabric. as shown in the reference image. Strictly keep the same face, body measurements, hair color, eye directions, exact foot wear, same accessories and preserve strict body pose. Preserve the exact subject scale and framing from the original image; do not zoom, crop, or change camera distance. Generate a hyper realistic virtual tryon. The final image is a full body shot.",success,,3.9740641117095947,8.168682098388672,18.036590337753296
6,pexels-_ofarias-g-530112232-16986947.jpg,https://glamifydevstorage.blob.core.windows.net/wardrobe-outputs/be4e7ad2-b9a1-4d72-b336-a129ee447963.png,https://glamifydevstorage.blob.core.windows.net/wardrobe-outputs/b2b284f5-3491-480e-b6b1-301862b8c61f.png,https://glamifydevstorage.blob.core.windows.net/wardrobe-outputs/1e1009b9-21cf-42aa-8ec5-d65e65622acb.png,"This garment is a fitted, short-sleeved dress with a structured bodice and a short skirt. The bodice features a sweetheart neckline with a central vertical seam that extends down the front, flanked by two angled seams converging at the waist, creating a corset-like silhouette. The front closure consists of five large, round, gold-toned buttons arranged vertically along the central seam. The sleeves are short and capped, with a slight flare at the hem, and are attached to the bodice with shoulder seams that extend from the neckline to the sleeve cap. The shoulder layout includes a square neckline with a straight upper edge, bordered by a narrow band of fabric that forms a slight V-shape at the center front. The waist transition is defined by a series of vertical seams that contour the torso, enhancing the fitted shape. The skirt is constructed from the same material as the bodice, with a smooth, continuous flow from the waist to the hem, which ends above the knee. The fabric exhibits a textured pattern resembling reptile skin, with visible grain lines running vertically along the bodice and skirt. The dress appears to be made from a structured, possibly leather-like material with a slight sheen. There are no visible boning, lining, or additional trims beyond the buttons and the subtle texture of the fabric.",dress,A young woman with brown long smooth hair and curvy body build.,"TRYON A young woman with brown long smooth hair and curvy body build. Replace the entire outfit completely with This garment is a fitted, short-sleeved dress with a structured bodice and a short skirt. The bodice features a sweetheart neckline with a central vertical seam that extends down the front, flanked by two angled seams converging at the waist, creating a corset-like silhouette. The front closure consists of five large, round, gold-toned buttons arranged vertically along the central seam. The sleeves are short and capped, with a slight flare at the hem, and are attached to the bodice with shoulder seams that extend from the neckline to the sleeve cap. The shoulder layout includes a square neckline with a straight upper edge, bordered by a narrow band of fabric that forms a slight V-shape at the center front. The waist transition is defined by a series of vertical seams that contour the torso, enhancing the fitted shape. The skirt is constructed from the same material as the bodice, with a smooth, continuous flow from the waist to the hem, which ends above the knee. The fabric exhibits a textured pattern resembling reptile skin, with visible grain lines running vertically along the bodice and skirt. The dress appears to be made from a structured, possibly leather-like material with a slight sheen. There are no visible boning, lining, or additional trims beyond the buttons and the subtle texture of the fabric. as shown in the reference image. Strictly keep the same face, body measurements, hair color, eye directions, exact foot wear, same accessories and preserve strict body pose. Preserve the exact subject scale and framing from the original image; do not zoom, crop, or change camera distance. Generate a hyper realistic virtual tryon. The final image is a full body shot.",success,,4.113277912139893,8.09451937675476,18.027888536453247
7,pexels-adhen-wijaya-kusuma-229756871-12493913.jpg,https://glamifydevstorage.blob.core.windows.net/wardrobe-outputs/65d3286a-ec31-4f77-bfd6-d56cc3a224a2.png,https://glamifydevstorage.blob.core.windows.net/wardrobe-outputs/b61b11d2-89bd-4eba-b08c-145b722a7f7e.png,https://glamifydevstorage.blob.core.windows.net/wardrobe-outputs/1e1009b9-21cf-42aa-8ec5-d65e65622acb.png,"This garment is a fitted, short-sleeved dress with a structured bodice and a short skirt. The bodice features a sweetheart neckline with a central vertical seam that extends down the front, flanked by two angled seams converging at the waist, creating a corset-like silhouette. The front closure consists of five large, round, gold-toned buttons arranged vertically along the central seam. The sleeves are short and capped, with a slight flare at the hem, and are attached to the bodice with shoulder seams that extend from the neckline to the sleeve cap. The shoulder layout includes a square neckline with a straight upper edge, bordered by a narrow band of fabric that forms a slight V-shape at the center front. The waist transition is defined by a series of vertical seams that contour the torso, enhancing the fitted shape. The skirt is constructed from the same material as the bodice, with a smooth, continuous flow from the waist to the hem, which ends above the knee. The fabric exhibits a textured pattern resembling reptile skin, with visible grain lines running vertically along the bodice and skirt. The dress appears to be made from a structured, possibly leather-like material with a slight sheen. There are no visible boning, lining, or additional trims beyond the buttons and the subtle texture of the fabric.",dress,A young woman with dark long wavy hair and slim body build.,"TRYON A young woman with dark long wavy hair and slim body build. Replace the entire outfit completely with This garment is a fitted, short-sleeved dress with a structured bodice and a short skirt. The bodice features a sweetheart neckline with a central vertical seam that extends down the front, flanked by two angled seams converging at the waist, creating a corset-like silhouette. The front closure consists of five large, round, gold-toned buttons arranged vertically along the central seam. The sleeves are short and capped, with a slight flare at the hem, and are attached to the bodice with shoulder seams that extend from the neckline to the sleeve cap. The shoulder layout includes a square neckline with a straight upper edge, bordered by a narrow band of fabric that forms a slight V-shape at the center front. The waist transition is defined by a series of vertical seams that contour the torso, enhancing the fitted shape. The skirt is constructed from the same material as the bodice, with a smooth, continuous flow from the waist to the hem, which ends above the knee. The fabric exhibits a textured pattern resembling reptile skin, with visible grain lines running vertically along the bodice and skirt. The dress appears to be made from a structured, possibly leather-like material with a slight sheen. There are no visible boning, lining, or additional trims beyond the buttons and the subtle texture of the fabric. as shown in the reference image. Strictly keep the same face, body measurements, hair color, eye directions, exact foot wear, same accessories and preserve strict body pose. Preserve the exact subject scale and framing from the original image; do not zoom, crop, or change camera distance. Generate a hyper realistic virtual tryon. The final image is a full body shot.",success,,4.15021538734436,8.09178900718689,19.217727661132812
8,pexels-alan-garzon-180446366-11201615.jpg,https://glamifydevstorage.blob.core.windows.net/wardrobe-outputs/b01fd76d-5632-4bce-8777-92cb1358f985.png,https://glamifydevstorage.blob.core.windows.net/wardrobe-outputs/aa251944-3e4d-4cef-8d6f-a04d3092f564.png,https://glamifydevstorage.blob.core.windows.net/wardrobe-outputs/1e1009b9-21cf-42aa-8ec5-d65e65622acb.png,"This garment is a fitted, short-sleeved dress with a structured bodice and a short skirt. The bodice features a sweetheart neckline with a central vertical seam that extends down the front, flanked by two angled seams converging at the waist, creating a corset-like silhouette. The front closure consists of five large, round, gold-toned buttons arranged vertically along the central seam. The sleeves are short and capped, with a slight flare at the hem, and are attached to the bodice with shoulder seams that extend from the neckline to the sleeve cap. The shoulder layout includes a square neckline with a straight upper edge, bordered by a narrow band of fabric that forms a slight V-shape at the center front. The waist transition is defined by a series of vertical seams that contour the torso, enhancing the fitted shape. The skirt is constructed from the same material as the bodice, with a smooth, continuous flow from the waist to the hem, which ends above the knee. The fabric exhibits a textured pattern resembling reptile skin, with visible grain lines running vertically along the bodice and skirt. The dress appears to be made from a structured, possibly leather-like material with a slight sheen. There are no visible boning, lining, or additional trims beyond the buttons and the subtle texture of the fabric.",dress,A young woman with brown medium wavy hair and slim body build.,"TRYON A young woman with brown medium wavy hair and slim body build. Replace the entire outfit completely with This garment is a fitted, short-sleeved dress with a structured bodice and a short skirt. The bodice features a sweetheart neckline with a central vertical seam that extends down the front, flanked by two angled seams converging at the waist, creating a corset-like silhouette. The front closure consists of five large, round, gold-toned buttons arranged vertically along the central seam. The sleeves are short and capped, with a slight flare at the hem, and are attached to the bodice with shoulder seams that extend from the neckline to the sleeve cap. The shoulder layout includes a square neckline with a straight upper edge, bordered by a narrow band of fabric that forms a slight V-shape at the center front. The waist transition is defined by a series of vertical seams that contour the torso, enhancing the fitted shape. The skirt is constructed from the same material as the bodice, with a smooth, continuous flow from the waist to the hem, which ends above the knee. The fabric exhibits a textured pattern resembling reptile skin, with visible grain lines running vertically along the bodice and skirt. The dress appears to be made from a structured, possibly leather-like material with a slight sheen. There are no visible boning, lining, or additional trims beyond the buttons and the subtle texture of the fabric. as shown in the reference image. Strictly keep the same face, body measurements, hair color, eye directions, exact foot wear, same accessories and preserve strict body pose. Preserve the exact subject scale and framing from the original image; do not zoom, crop, or change camera distance. Generate a hyper realistic virtual tryon. The final image is a full body shot.",success,,5.462542295455933,8.09188723564148,20.756100177764893
9,pexels-alan-garzon-180446366-11201618.jpg,https://glamifydevstorage.blob.core.windows.net/wardrobe-outputs/803a7211-7c56-477f-83ad-5e3bf0dcfca7.png,https://glamifydevstorage.blob.core.windows.net/wardrobe-outputs/9e6640d8-b1ab-4333-86d3-89772dafb409.png,https://glamifydevstorage.blob.core.windows.net/wardrobe-outputs/1e1009b9-21cf-42aa-8ec5-d65e65622acb.png,"This garment is a fitted, short-sleeved dress with a structured bodice and a short skirt. The bodice features a sweetheart neckline with a central vertical seam that extends down the front, flanked by two angled seams converging at the waist, creating a corset-like silhouette. The front closure consists of five large, round, gold-toned buttons arranged vertically along the central seam. The sleeves are short and capped, with a slight flare at the hem, and are attached to the bodice with shoulder seams that extend from the neckline to the sleeve cap. The shoulder layout includes a square neckline with a straight upper edge, bordered by a narrow band of fabric that forms a slight V-shape at the center front. The waist transition is defined by a series of vertical seams that contour the torso, enhancing the fitted shape. The skirt is constructed from the same material as the bodice, with a smooth, continuous flow from the waist to the hem, which ends above the knee. The fabric exhibits a textured pattern resembling reptile skin, with visible grain lines running vertically along the bodice and skirt. The dress appears to be made from a structured, possibly leather-like material with a slight sheen. There are no visible boning, lining, or additional trims beyond the buttons and the subtle texture of the fabric.",dress,A young girl with brown medium wavy hair and slim body build.,"TRYON A young girl with brown medium wavy hair and slim body build. Replace the entire outfit completely with This garment is a fitted, short-sleeved dress with a structured bodice and a short skirt. The bodice features a sweetheart neckline with a central vertical seam that extends down the front, flanked by two angled seams converging at the waist, creating a corset-like silhouette. The front closure consists of five large, round, gold-toned buttons arranged vertically along the central seam. The sleeves are short and capped, with a slight flare at the hem, and are attached to the bodice with shoulder seams that extend from the neckline to the sleeve cap. The shoulder layout includes a square neckline with a straight upper edge, bordered by a narrow band of fabric that forms a slight V-shape at the center front. The waist transition is defined by a series of vertical seams that contour the torso, enhancing the fitted shape. The skirt is constructed from the same material as the bodice, with a smooth, continuous flow from the waist to the hem, which ends above the knee. The fabric exhibits a textured pattern resembling reptile skin, with visible grain lines running vertically along the bodice and skirt. The dress appears to be made from a structured, possibly leather-like material with a slight sheen. There are no visible boning, lining, or additional trims beyond the buttons and the subtle texture of the fabric. as shown in the reference image. Strictly keep the same face, body measurements, hair color, eye directions, exact foot wear, same accessories and preserve strict body pose. Preserve the exact subject scale and framing from the original image; do not zoom, crop, or change camera distance. Generate a hyper realistic virtual tryon. The final image is a full body shot.",success,,5.354370594024658,8.09251070022583,19.974810361862183
10,pexels-alan-garzon-180446366-11201761.jpg,https://glamifydevstorage.blob.core.windows.net/wardrobe-outputs/a316bede-3dad-4634-8599-0be0c0f59cae.png,https://glamifydevstorage.blob.core.windows.net/wardrobe-outputs/d9cbcfdd-332f-4956-9338-3b20422811c2.png,https://glamifydevstorage.blob.core.windows.net/wardrobe-outputs/1e1009b9-21cf-42aa-8ec5-d65e65622acb.png,"This garment is a fitted, short-sleeved dress with a structured bodice and a short skirt. The bodice features a sweetheart neckline with a central vertical seam that extends down the front, flanked by two angled seams converging at the waist, creating a corset-like silhouette. The front closure consists of five large, round, gold-toned buttons arranged vertically along the central seam. The sleeves are short and capped, with a slight flare at the hem, and are attached to the bodice with shoulder seams that extend from the neckline to the sleeve cap. The shoulder layout includes a square neckline with a straight upper edge, bordered by a narrow band of fabric that forms a slight V-shape at the center front. The waist transition is defined by a series of vertical seams that contour the torso, enhancing the fitted shape. The skirt is constructed from the same material as the bodice, with a smooth, continuous flow from the waist to the hem, which ends above the knee. The fabric exhibits a textured pattern resembling reptile skin, with visible grain lines running vertically along the bodice and skirt. The dress appears to be made from a structured, possibly leather-like material with a slight sheen. There are no visible boning, lining, or additional trims beyond the buttons and the subtle texture of the fabric.",dress,A young girl with brown medium curly hair and slim body build.,"TRYON A young girl with brown medium curly hair and slim body build. Replace the entire outfit completely with This garment is a fitted, short-sleeved dress with a structured bodice and a short skirt. The bodice features a sweetheart neckline with a central vertical seam that extends down the front, flanked by two angled seams converging at the waist, creating a corset-like silhouette. The front closure consists of five large, round, gold-toned buttons arranged vertically along the central seam. The sleeves are short and capped, with a slight flare at the hem, and are attached to the bodice with shoulder seams that extend from the neckline to the sleeve cap. The shoulder layout includes a square neckline with a straight upper edge, bordered by a narrow band of fabric that forms a slight V-shape at the center front. The waist transition is defined by a series of vertical seams that contour the torso, enhancing the fitted shape. The skirt is constructed from the same material as the bodice, with a smooth, continuous flow from the waist to the hem, which ends above the knee. The fabric exhibits a textured pattern resembling reptile skin, with visible grain lines running vertically along the bodice and skirt. The dress appears to be made from a structured, possibly leather-like material with a slight sheen. There are no visible boning, lining, or additional trims beyond the buttons and the subtle texture of the fabric. as shown in the reference image. Strictly keep the same face, body measurements, hair color, eye directions, exact foot wear, same accessories and preserve strict body pose. Preserve the exact subject scale and framing from the original image; do not zoom, crop, or change camera distance. Generate a hyper realistic virtual tryon. The final image is a full body shot.",success,,4.749041795730591,8.1036958694458,18.744638681411743
11,pexels-aminnaderloei-31897926.jpg,https://glamifydevstorage.blob.core.windows.net/wardrobe-outputs/0b285e78-7e57-44ce-bd9b-53bf694d4c6a.png,https://glamifydevstorage.blob.core.windows.net/wardrobe-outputs/85244b39-0657-4fa4-bae7-9fce2b26984b.png,https://glamifydevstorage.blob.core.windows.net/wardrobe-outputs/1e1009b9-21cf-42aa-8ec5-d65e65622acb.png,"This garment is a fitted, short-sleeved dress with a structured bodice and a short skirt. The bodice features a sweetheart neckline with a central vertical seam that extends down the front, flanked by two angled seams converging at the waist, creating a corset-like silhouette. The front closure consists of five large, round, gold-toned buttons arranged vertically along the central seam. The sleeves are short and capped, with a slight flare at the hem, and are attached to the bodice with shoulder seams that extend from the neckline to the sleeve cap. The shoulder layout includes a square neckline with a straight upper edge, bordered by a narrow band of fabric that forms a slight V-shape at the center front. The waist transition is defined by a series of vertical seams that contour the torso, enhancing the fitted shape. The skirt is constructed from the same material as the bodice, with a smooth, continuous flow from the waist to the hem, which ends above the knee. The fabric exhibits a textured pattern resembling reptile skin, with visible grain lines running vertically along the bodice and skirt. The dress appears to be made from a structured, possibly leather-like material with a slight sheen. There are no visible boning, lining, or additional trims beyond the buttons and the subtle texture of the fabric.",dress,A young woman with black long smooth hair and slim body build.,"TRYON A young woman with black long smooth hair and slim body build. Replace the entire outfit completely with This garment is a fitted, short-sleeved dress with a structured bodice and a short skirt. The bodice features a sweetheart neckline with a central vertical seam that extends down the front, flanked by two angled seams converging at the waist, creating a corset-like silhouette. The front closure consists of five large, round, gold-toned buttons arranged vertically along the central seam. The sleeves are short and capped, with a slight flare at the hem, and are attached to the bodice with shoulder seams that extend from the neckline to the sleeve cap. The shoulder layout includes a square neckline with a straight upper edge, bordered by a narrow band of fabric that forms a slight V-shape at the center front. The waist transition is defined by a series of vertical seams that contour the torso, enhancing the fitted shape. The skirt is constructed from the same material as the bodice, with a smooth, continuous flow from the waist to the hem, which ends above the knee. The fabric exhibits a textured pattern resembling reptile skin, with visible grain lines running vertically along the bodice and skirt. The dress appears to be made from a structured, possibly leather-like material with a slight sheen. There are no visible boning, lining, or additional trims beyond the buttons and the subtle texture of the fabric. as shown in the reference image. Strictly keep the same face, body measurements, hair color, eye directions, exact foot wear, same accessories and preserve strict body pose. Preserve the exact subject scale and framing from the original image; do not zoom, crop, or change camera distance. Generate a hyper realistic virtual tryon. The final image is a full body shot.",success,,4.102472543716431,8.091336727142334,17.688887357711792
12,pexels-amit-chowdhury-2402860-11796004.jpg,https://glamifydevstorage.blob.core.windows.net/wardrobe-outputs/b53d0f4a-6617-4e26-b985-9e3efb2c091e.png,https://glamifydevstorage.blob.core.windows.net/wardrobe-outputs/5d3dc5cb-b0fe-45a4-9c2f-ddd765c4e3ca.png,https://glamifydevstorage.blob.core.windows.net/wardrobe-outputs/1e1009b9-21cf-42aa-8ec5-d65e65622acb.png,"This garment is a fitted, short-sleeved dress with a structured bodice and a short skirt. The bodice features a sweetheart neckline with a central vertical seam that extends down the front, flanked by two angled seams converging at the waist, creating a corset-like silhouette. The front closure consists of five large, round, gold-toned buttons arranged vertically along the central seam. The sleeves are short and capped, with a slight flare at the hem, and are attached to the bodice with shoulder seams that extend from the neckline to the sleeve cap. The shoulder layout includes a square neckline with a straight upper edge, bordered by a narrow band of fabric that forms a slight V-shape at the center front. The waist transition is defined by a series of vertical seams that contour the torso, enhancing the fitted shape. The skirt is constructed from the same material as the bodice, with a smooth, continuous flow from the waist to the hem, which ends above the knee. The fabric exhibits a textured pattern resembling reptile skin, with visible grain lines running vertically along the bodice and skirt. The dress appears to be made from a structured, possibly leather-like material with a slight sheen. There are no visible boning, lining, or additional trims beyond the buttons and the subtle texture of the fabric.",dress,A young woman with dark long wavy hair and slim body build.,"TRYON A young woman with dark long wavy hair and slim body build. Replace the entire outfit completely with This garment is a fitted, short-sleeved dress with a structured bodice and a short skirt. The bodice features a sweetheart neckline with a central vertical seam that extends down the front, flanked by two angled seams converging at the waist, creating a corset-like silhouette. The front closure consists of five large, round, gold-toned buttons arranged vertically along the central seam. The sleeves are short and capped, with a slight flare at the hem, and are attached to the bodice with shoulder seams that extend from the neckline to the sleeve cap. The shoulder layout includes a square neckline with a straight upper edge, bordered by a narrow band of fabric that forms a slight V-shape at the center front. The waist transition is defined by a series of vertical seams that contour the torso, enhancing the fitted shape. The skirt is constructed from the same material as the bodice, with a smooth, continuous flow from the waist to the hem, which ends above the knee. The fabric exhibits a textured pattern resembling reptile skin, with visible grain lines running vertically along the bodice and skirt. The dress appears to be made from a structured, possibly leather-like material with a slight sheen. There are no visible boning, lining, or additional trims beyond the buttons and the subtle texture of the fabric. as shown in the reference image. Strictly keep the same face, body measurements, hair color, eye directions, exact foot wear, same accessories and preserve strict body pose. Preserve the exact subject scale and framing from the original image; do not zoom, crop, or change camera distance. Generate a hyper realistic virtual tryon. The final image is a full body shot.",success,,4.358939170837402,8.090759992599487,19.26744532585144
13,pexels-andrea-musto-135941147-23995927.jpg,https://glamifydevstorage.blob.core.windows.net/wardrobe-outputs/8c6cc5d9-e5b8-4646-9652-0b553cc9acce.png,https://glamifydevstorage.blob.core.windows.net/wardrobe-outputs/5472dfa2-bc73-4300-9811-486ed3315ce7.png,https://glamifydevstorage.blob.core.windows.net/wardrobe-outputs/1e1009b9-21cf-42aa-8ec5-d65e65622acb.png,"This garment is a fitted, short-sleeved dress with a structured bodice and a short skirt. The bodice features a sweetheart neckline with a central vertical seam that extends down the front, flanked by two angled seams converging at the waist, creating a corset-like silhouette. The front closure consists of five large, round, gold-toned buttons arranged vertically along the central seam. The sleeves are short and capped, with a slight flare at the hem, and are attached to the bodice with shoulder seams that extend from the neckline to the sleeve cap. The shoulder layout includes a square neckline with a straight upper edge, bordered by a narrow band of fabric that forms a slight V-shape at the center front. The waist transition is defined by a series of vertical seams that contour the torso, enhancing the fitted shape. The skirt is constructed from the same material as the bodice, with a smooth, continuous flow from the waist to the hem, which ends above the knee. The fabric exhibits a textured pattern resembling reptile skin, with visible grain lines running vertically along the bodice and skirt. The dress appears to be made from a structured, possibly leather-like material with a slight sheen. There are no visible boning, lining, or additional trims beyond the buttons and the subtle texture of the fabric.",dress,A young woman with black long smooth hair and slim body build.,"TRYON A young woman with black long smooth hair and slim body build. Replace the entire outfit completely with This garment is a fitted, short-sleeved dress with a structured bodice and a short skirt. The bodice features a sweetheart neckline with a central vertical seam that extends down the front, flanked by two angled seams converging at the waist, creating a corset-like silhouette. The front closure consists of five large, round, gold-toned buttons arranged vertically along the central seam. The sleeves are short and capped, with a slight flare at the hem, and are attached to the bodice with shoulder seams that extend from the neckline to the sleeve cap. The shoulder layout includes a square neckline with a straight upper edge, bordered by a narrow band of fabric that forms a slight V-shape at the center front. The waist transition is defined by a series of vertical seams that contour the torso, enhancing the fitted shape. The skirt is constructed from the same material as the bodice, with a smooth, continuous flow from the waist to the hem, which ends above the knee. The fabric exhibits a textured pattern resembling reptile skin, with visible grain lines running vertically along the bodice and skirt. The dress appears to be made from a structured, possibly leather-like material with a slight sheen. There are no visible boning, lining, or additional trims beyond the buttons and the subtle texture of the fabric. as shown in the reference image. Strictly keep the same face, body measurements, hair color, eye directions, exact foot wear, same accessories and preserve strict body pose. Preserve the exact subject scale and framing from the original image; do not zoom, crop, or change camera distance. Generate a hyper realistic virtual tryon. The final image is a full body shot.",success,,3.9299259185791016,8.094918251037598,17.501975536346436
14,pexels-angela-chacon-140940805-15536313.jpg,https://glamifydevstorage.blob.core.windows.net/wardrobe-outputs/6d60eabe-ab3f-4001-b33c-0f0794a189e6.png,https://glamifydevstorage.blob.core.windows.net/wardrobe-outputs/d5258893-b98a-4566-97df-e719649dc3e7.png,https://glamifydevstorage.blob.core.windows.net/wardrobe-outputs/1e1009b9-21cf-42aa-8ec5-d65e65622acb.png,"This garment is a fitted, short-sleeved dress with a structured bodice and a short skirt. The bodice features a sweetheart neckline with a central vertical seam that extends down the front, flanked by two angled seams converging at the waist, creating a corset-like silhouette. The front closure consists of five large, round, gold-toned buttons arranged vertically along the central seam. The sleeves are short and capped, with a slight flare at the hem, and are attached to the bodice with shoulder seams that extend from the neckline to the sleeve cap. The shoulder layout includes a square neckline with a straight upper edge, bordered by a narrow band of fabric that forms a slight V-shape at the center front. The waist transition is defined by a series of vertical seams that contour the torso, enhancing the fitted shape. The skirt is constructed from the same material as the bodice, with a smooth, continuous flow from the waist to the hem, which ends above the knee. The fabric exhibits a textured pattern resembling reptile skin, with visible grain lines running vertically along the bodice and skirt. The dress appears to be made from a structured, possibly leather-like material with a slight sheen. There are no visible boning, lining, or additional trims beyond the buttons and the subtle texture of the fabric.",dress,An adult woman with brown medium smooth hair and average body build.,"TRYON An adult woman with brown medium smooth hair and average body build. Replace the entire outfit completely with This garment is a fitted, short-sleeved dress with a structured bodice and a short skirt. The bodice features a sweetheart neckline with a central vertical seam that extends down the front, flanked by two angled seams converging at the waist, creating a corset-like silhouette. The front closure consists of five large, round, gold-toned buttons arranged vertically along the central seam. The sleeves are short and capped, with a slight flare at the hem, and are attached to the bodice with shoulder seams that extend from the neckline to the sleeve cap. The shoulder layout includes a square neckline with a straight upper edge, bordered by a narrow band of fabric that forms a slight V-shape at the center front. The waist transition is defined by a series of vertical seams that contour the torso, enhancing the fitted shape. The skirt is constructed from the same material as the bodice, with a smooth, continuous flow from the waist to the hem, which ends above the knee. The fabric exhibits a textured pattern resembling reptile skin, with visible grain lines running vertically along the bodice and skirt. The dress appears to be made from a structured, possibly leather-like material with a slight sheen. There are no visible boning, lining, or additional trims beyond the buttons and the subtle texture of the fabric. as shown in the reference image. Strictly keep the same face, body measurements, hair color, eye directions, exact foot wear, same accessories and preserve strict body pose. Preserve the exact subject scale and framing from the original image; do not zoom, crop, or change camera distance. Generate a hyper realistic virtual tryon. The final image is a full body shot.",success,,4.6346275806427,8.095014572143555,19.038487911224365
15,pexels-asio-9688592.jpg,https://glamifydevstorage.blob.core.windows.net/wardrobe-outputs/cc622c7a-b193-48ef-87db-b1f1a3fec86f.png,https://glamifydevstorage.blob.core.windows.net/wardrobe-outputs/130f59a0-c380-4e8e-9810-b6ef695f471a.png,https://glamifydevstorage.blob.core.windows.net/wardrobe-outputs/1e1009b9-21cf-42aa-8ec5-d65e65622acb.png,"This garment is a fitted, short-sleeved dress with a structured bodice and a short skirt. The bodice features a sweetheart neckline with a central vertical seam that extends down the front, flanked by two angled seams converging at the waist, creating a corset-like silhouette. The front closure consists of five large, round, gold-toned buttons arranged vertically along the central seam. The sleeves are short and capped, with a slight flare at the hem, and are attached to the bodice with shoulder seams that extend from the neckline to the sleeve cap. The shoulder layout includes a square neckline with a straight upper edge, bordered by a narrow band of fabric that forms a slight V-shape at the center front. The waist transition is defined by a series of vertical seams that contour the torso, enhancing the fitted shape. The skirt is constructed from the same material as the bodice, with a smooth, continuous flow from the waist to the hem, which ends above the knee. The fabric exhibits a textured pattern resembling reptile skin, with visible grain lines running vertically along the bodice and skirt. The dress appears to be made from a structured, possibly leather-like material with a slight sheen. There are no visible boning, lining, or additional trims beyond the buttons and the subtle texture of the fabric.",dress,A young woman with black long smooth hair and slim body build.,"TRYON A young woman with black long smooth hair and slim body build. Replace the entire outfit completely with This garment is a fitted, short-sleeved dress with a structured bodice and a short skirt. The bodice features a sweetheart neckline with a central vertical seam that extends down the front, flanked by two angled seams converging at the waist, creating a corset-like silhouette. The front closure consists of five large, round, gold-toned buttons arranged vertically along the central seam. The sleeves are short and capped, with a slight flare at the hem, and are attached to the bodice with shoulder seams that extend from the neckline to the sleeve cap. The shoulder layout includes a square neckline with a straight upper edge, bordered by a narrow band of fabric that forms a slight V-shape at the center front. The waist transition is defined by a series of vertical seams that contour the torso, enhancing the fitted shape. The skirt is constructed from the same material as the bodice, with a smooth, continuous flow from the waist to the hem, which ends above the knee. The fabric exhibits a textured pattern resembling reptile skin, with visible grain lines running vertically along the bodice and skirt. The dress appears to be made from a structured, possibly leather-like material with a slight sheen. There are no visible boning, lining, or additional trims beyond the buttons and the subtle texture of the fabric. as shown in the reference image. Strictly keep the same face, body measurements, hair color, eye directions, exact foot wear, same accessories and preserve strict body pose. Preserve the exact subject scale and framing from the original image; do not zoom, crop, or change camera distance. Generate a hyper realistic virtual tryon. The final image is a full body shot.",success,,4.185755968093872,8.091726779937744,17.898280382156372
16,pexels-bartosz-olzewski-298756944-13312741.jpg,https://glamifydevstorage.blob.core.windows.net/wardrobe-outputs/0d89ab93-e5db-4e33-a1cb-3021a862756a.png,https://glamifydevstorage.blob.core.windows.net/wardrobe-outputs/b7b8f779-c4ba-46c3-b60e-90ce96486b6a.png,https://glamifydevstorage.blob.core.windows.net/wardrobe-outputs/1e1009b9-21cf-42aa-8ec5-d65e65622acb.png,"This garment is a fitted, short-sleeved dress with a structured bodice and a short skirt. The bodice features a sweetheart neckline with a central vertical seam that extends down the front, flanked by two angled seams converging at the waist, creating a corset-like silhouette. The front closure consists of five large, round, gold-toned buttons arranged vertically along the central seam. The sleeves are short and capped, with a slight flare at the hem, and are attached to the bodice with shoulder seams that extend from the neckline to the sleeve cap. The shoulder layout includes a square neckline with a straight upper edge, bordered by a narrow band of fabric that forms a slight V-shape at the center front. The waist transition is defined by a series of vertical seams that contour the torso, enhancing the fitted shape. The skirt is constructed from the same material as the bodice, with a smooth, continuous flow from the waist to the hem, which ends above the knee. The fabric exhibits a textured pattern resembling reptile skin, with visible grain lines running vertically along the bodice and skirt. The dress appears to be made from a structured, possibly leather-like material with a slight sheen. There are no visible boning, lining, or additional trims beyond the buttons and the subtle texture of the fabric.",dress,A young woman with dark brown shoulder-length smooth hair and slim body build.,"TRYON A young woman with dark brown shoulder-length smooth hair and slim body build. Replace the entire outfit completely with This garment is a fitted, short-sleeved dress with a structured bodice and a short skirt. The bodice features a sweetheart neckline with a central vertical seam that extends down the front, flanked by two angled seams converging at the waist, creating a corset-like silhouette. The front closure consists of five large, round, gold-toned buttons arranged vertically along the central seam. The sleeves are short and capped, with a slight flare at the hem, and are attached to the bodice with shoulder seams that extend from the neckline to the sleeve cap. The shoulder layout includes a square neckline with a straight upper edge, bordered by a narrow band of fabric that forms a slight V-shape at the center front. The waist transition is defined by a series of vertical seams that contour the torso, enhancing the fitted shape. The skirt is constructed from the same material as the bodice, with a smooth, continuous flow from the waist to the hem, which ends above the knee. The fabric exhibits a textured pattern resembling reptile skin, with visible grain lines running vertically along the bodice and skirt. The dress appears to be made from a structured, possibly leather-like material with a slight sheen. There are no visible boning, lining, or additional trims beyond the buttons and the subtle texture of the fabric. as shown in the reference image. Strictly keep the same face, body measurements, hair color, eye directions, exact foot wear, same accessories and preserve strict body pose. Preserve the exact subject scale and framing from the original image; do not zoom, crop, or change camera distance. Generate a hyper realistic virtual tryon. The final image is a full body shot.",success,,4.447392702102661,8.660376071929932,20.24873661994934
17,pexels-bgcortez-17834302.jpg,https://glamifydevstorage.blob.core.windows.net/wardrobe-outputs/c7be6510-5613-4c8c-97cf-e7221f189d7b.png,https://glamifydevstorage.blob.core.windows.net/wardrobe-outputs/546b15d6-6217-4d2c-b90f-53c88aff4bd1.png,https://glamifydevstorage.blob.core.windows.net/wardrobe-outputs/1e1009b9-21cf-42aa-8ec5-d65e65622acb.png,"This garment is a fitted, short-sleeved dress with a structured bodice and a short skirt. The bodice features a sweetheart neckline with a central vertical seam that extends down the front, flanked by two angled seams converging at the waist, creating a corset-like silhouette. The front closure consists of five large, round, gold-toned buttons arranged vertically along the central seam. The sleeves are short and capped, with a slight flare at the hem, and are attached to the bodice with shoulder seams that extend from the neckline to the sleeve cap. The shoulder layout includes a square neckline with a straight upper edge, bordered by a narrow band of fabric that forms a slight V-shape at the center front. The waist transition is defined by a series of vertical seams that contour the torso, enhancing the fitted shape. The skirt is constructed from the same material as the bodice, with a smooth, continuous flow from the waist to the hem, which ends above the knee. The fabric exhibits a textured pattern resembling reptile skin, with visible grain lines running vertically along the bodice and skirt. The dress appears to be made from a structured, possibly leather-like material with a slight sheen. There are no visible boning, lining, or additional trims beyond the buttons and the subtle texture of the fabric.",dress,A young woman with blonde long ponytail hair and slim body build.,"TRYON A young woman with blonde long ponytail hair and slim body build. Replace the entire outfit completely with This garment is a fitted, short-sleeved dress with a structured bodice and a short skirt. The bodice features a sweetheart neckline with a central vertical seam that extends down the front, flanked by two angled seams converging at the waist, creating a corset-like silhouette. The front closure consists of five large, round, gold-toned buttons arranged vertically along the central seam. The sleeves are short and capped, with a slight flare at the hem, and are attached to the bodice with shoulder seams that extend from the neckline to the sleeve cap. The shoulder layout includes a square neckline with a straight upper edge, bordered by a narrow band of fabric that forms a slight V-shape at the center front. The waist transition is defined by a series of vertical seams that contour the torso, enhancing the fitted shape. The skirt is constructed from the same material as the bodice, with a smooth, continuous flow from the waist to the hem, which ends above the knee. The fabric exhibits a textured pattern resembling reptile skin, with visible grain lines running vertically along the bodice and skirt. The dress appears to be made from a structured, possibly leather-like material with a slight sheen. There are no visible boning, lining, or additional trims beyond the buttons and the subtle texture of the fabric. as shown in the reference image. Strictly keep the same face, body measurements, hair color, eye directions, exact foot wear, same accessories and preserve strict body pose. Preserve the exact subject scale and framing from the original image; do not zoom, crop, or change camera distance. Generate a hyper realistic virtual tryon. The final image is a full body shot.",success,,4.331504821777344,8.088572263717651,19.066999197006226
18,pexels-breno-cardoso-149064345-13684160.jpg,https://glamifydevstorage.blob.core.windows.net/wardrobe-outputs/abdbaf90-2453-43c1-a38b-11c47370ef28.png,https://glamifydevstorage.blob.core.windows.net/wardrobe-outputs/e3a67bbf-2b93-4f30-8d2d-c1c5d462ec17.png,https://glamifydevstorage.blob.core.windows.net/wardrobe-outputs/1e1009b9-21cf-42aa-8ec5-d65e65622acb.png,"This garment is a fitted, short-sleeved dress with a structured bodice and a short skirt. The bodice features a sweetheart neckline with a central vertical seam that extends down the front, flanked by two angled seams converging at the waist, creating a corset-like silhouette. The front closure consists of five large, round, gold-toned buttons arranged vertically along the central seam. The sleeves are short and capped, with a slight flare at the hem, and are attached to the bodice with shoulder seams that extend from the neckline to the sleeve cap. The shoulder layout includes a square neckline with a straight upper edge, bordered by a narrow band of fabric that forms a slight V-shape at the center front. The waist transition is defined by a series of vertical seams that contour the torso, enhancing the fitted shape. The skirt is constructed from the same material as the bodice, with a smooth, continuous flow from the waist to the hem, which ends above the knee. The fabric exhibits a textured pattern resembling reptile skin, with visible grain lines running vertically along the bodice and skirt. The dress appears to be made from a structured, possibly leather-like material with a slight sheen. There are no visible boning, lining, or additional trims beyond the buttons and the subtle texture of the fabric.",dress,A young woman with blonde long wavy hair and slim body build.,"TRYON A young woman with blonde long wavy hair and slim body build. Replace the entire outfit completely with This garment is a fitted, short-sleeved dress with a structured bodice and a short skirt. The bodice features a sweetheart neckline with a central vertical seam that extends down the front, flanked by two angled seams converging at the waist, creating a corset-like silhouette. The front closure consists of five large, round, gold-toned buttons arranged vertically along the central seam. The sleeves are short and capped, with a slight flare at the hem, and are attached to the bodice with shoulder seams that extend from the neckline to the sleeve cap. The shoulder layout includes a square neckline with a straight upper edge, bordered by a narrow band of fabric that forms a slight V-shape at the center front. The waist transition is defined by a series of vertical seams that contour the torso, enhancing the fitted shape. The skirt is constructed from the same material as the bodice, with a smooth, continuous flow from the waist to the hem, which ends above the knee. The fabric exhibits a textured pattern resembling reptile skin, with visible grain lines running vertically along the bodice and skirt. The dress appears to be made from a structured, possibly leather-like material with a slight sheen. There are no visible boning, lining, or additional trims beyond the buttons and the subtle texture of the fabric. as shown in the reference image. Strictly keep the same face, body measurements, hair color, eye directions, exact foot wear, same accessories and preserve strict body pose. Preserve the exact subject scale and framing from the original image; do not zoom, crop, or change camera distance. Generate a hyper realistic virtual tryon. The final image is a full body shot.",success,,4.480175256729126,8.090848445892334,19.510969877243042
19,pexels-breno-cardoso-149064345-15728306.jpg,https://glamifydevstorage.blob.core.windows.net/wardrobe-outputs/cbed6c94-d0e0-4ee2-a0cc-52cfc6ac5f24.png,https://glamifydevstorage.blob.core.windows.net/wardrobe-outputs/a284c6bd-2add-4a82-b28d-900785240700.png,https://glamifydevstorage.blob.core.windows.net/wardrobe-outputs/1e1009b9-21cf-42aa-8ec5-d65e65622acb.png,"This garment is a fitted, short-sleeved dress with a structured bodice and a short skirt. The bodice features a sweetheart neckline with a central vertical seam that extends down the front, flanked by two angled seams converging at the waist, creating a corset-like silhouette. The front closure consists of five large, round, gold-toned buttons arranged vertically along the central seam. The sleeves are short and capped, with a slight flare at the hem, and are attached to the bodice with shoulder seams that extend from the neckline to the sleeve cap. The shoulder layout includes a square neckline with a straight upper edge, bordered by a narrow band of fabric that forms a slight V-shape at the center front. The waist transition is defined by a series of vertical seams that contour the torso, enhancing the fitted shape. The skirt is constructed from the same material as the bodice, with a smooth, continuous flow from the waist to the hem, which ends above the knee. The fabric exhibits a textured pattern resembling reptile skin, with visible grain lines running vertically along the bodice and skirt. The dress appears to be made from a structured, possibly leather-like material with a slight sheen. There are no visible boning, lining, or additional trims beyond the buttons and the subtle texture of the fabric.",dress,A young woman with black long smooth hair and slim body build.,"TRYON A young woman with black long smooth hair and slim body build. Replace the entire outfit completely with This garment is a fitted, short-sleeved dress with a structured bodice and a short skirt. The bodice features a sweetheart neckline with a central vertical seam that extends down the front, flanked by two angled seams converging at the waist, creating a corset-like silhouette. The front closure consists of five large, round, gold-toned buttons arranged vertically along the central seam. The sleeves are short and capped, with a slight flare at the hem, and are attached to the bodice with shoulder seams that extend from the neckline to the sleeve cap. The shoulder layout includes a square neckline with a straight upper edge, bordered by a narrow band of fabric that forms a slight V-shape at the center front. The waist transition is defined by a series of vertical seams that contour the torso, enhancing the fitted shape. The skirt is constructed from the same material as the bodice, with a smooth, continuous flow from the waist to the hem, which ends above the knee. The fabric exhibits a textured pattern resembling reptile skin, with visible grain lines running vertically along the bodice and skirt. The dress appears to be made from a structured, possibly leather-like material with a slight sheen. There are no visible boning, lining, or additional trims beyond the buttons and the subtle texture of the fabric. as shown in the reference image. Strictly keep the same face, body measurements, hair color, eye directions, exact foot wear, same accessories and preserve strict body pose. Preserve the exact subject scale and framing from the original image; do not zoom, crop, or change camera distance. Generate a hyper realistic virtual tryon. The final image is a full body shot.",success,,4.266869306564331,8.090617179870605,18.46140766143799
20,pexels-breno-cardoso-149064345-17110661.jpg,https://glamifydevstorage.blob.core.windows.net/wardrobe-outputs/e259c96f-1e16-47c1-a2ce-873076e704f6.png,https://glamifydevstorage.blob.core.windows.net/wardrobe-outputs/6408ad14-4525-461e-8572-8e932265f418.png,https://glamifydevstorage.blob.core.windows.net/wardrobe-outputs/1e1009b9-21cf-42aa-8ec5-d65e65622acb.png,"This garment is a fitted, short-sleeved dress with a structured bodice and a short skirt. The bodice features a sweetheart neckline with a central vertical seam that extends down the front, flanked by two angled seams converging at the waist, creating a corset-like silhouette. The front closure consists of five large, round, gold-toned buttons arranged vertically along the central seam. The sleeves are short and capped, with a slight flare at the hem, and are attached to the bodice with shoulder seams that extend from the neckline to the sleeve cap. The shoulder layout includes a square neckline with a straight upper edge, bordered by a narrow band of fabric that forms a slight V-shape at the center front. The waist transition is defined by a series of vertical seams that contour the torso, enhancing the fitted shape. The skirt is constructed from the same material as the bodice, with a smooth, continuous flow from the waist to the hem, which ends above the knee. The fabric exhibits a textured pattern resembling reptile skin, with visible grain lines running vertically along the bodice and skirt. The dress appears to be made from a structured, possibly leather-like material with a slight sheen. There are no visible boning, lining, or additional trims beyond the buttons and the subtle texture of the fabric.",dress,A young girl with brown long wavy hair and slim body build.,"TRYON A young girl with brown long wavy hair and slim body build. Replace the entire outfit completely with This garment is a fitted, short-sleeved dress with a structured bodice and a short skirt. The bodice features a sweetheart neckline with a central vertical seam that extends down the front, flanked by two angled seams converging at the waist, creating a corset-like silhouette. The front closure consists of five large, round, gold-toned buttons arranged vertically along the central seam. The sleeves are short and capped, with a slight flare at the hem, and are attached to the bodice with shoulder seams that extend from the neckline to the sleeve cap. The shoulder layout includes a square neckline with a straight upper edge, bordered by a narrow band of fabric that forms a slight V-shape at the center front. The waist transition is defined by a series of vertical seams that contour the torso, enhancing the fitted shape. The skirt is constructed from the same material as the bodice, with a smooth, continuous flow from the waist to the hem, which ends above the knee. The fabric exhibits a textured pattern resembling reptile skin, with visible grain lines running vertically along the bodice and skirt. The dress appears to be made from a structured, possibly leather-like material with a slight sheen. There are no visible boning, lining, or additional trims beyond the buttons and the subtle texture of the fabric. as shown in the reference image. Strictly keep the same face, body measurements, hair color, eye directions, exact foot wear, same accessories and preserve strict body pose. Preserve the exact subject scale and framing from the original image; do not zoom, crop, or change camera distance. Generate a hyper realistic virtual tryon. The final image is a full body shot.",success,,4.254949331283569,8.09294605255127,18.387086391448975
21,pexels-bruno-arbigaus-gritten-2155171268-34216114.jpg,https://glamifydevstorage.blob.core.windows.net/wardrobe-outputs/6a6bf213-0c27-486c-a5ed-3286404e750a.png,https://glamifydevstorage.blob.core.windows.net/wardrobe-outputs/5d976a7f-357c-4e57-af80-d794d06e3621.png,https://glamifydevstorage.blob.core.windows.net/wardrobe-outputs/1e1009b9-21cf-42aa-8ec5-d65e65622acb.png,"This garment is a fitted, short-sleeved dress with a structured bodice and a short skirt. The bodice features a sweetheart neckline with a central vertical seam that extends down the front, flanked by two angled seams converging at the waist, creating a corset-like silhouette. The front closure consists of five large, round, gold-toned buttons arranged vertically along the central seam. The sleeves are short and capped, with a slight flare at the hem, and are attached to the bodice with shoulder seams that extend from the neckline to the sleeve cap. The shoulder layout includes a square neckline with a straight upper edge, bordered by a narrow band of fabric that forms a slight V-shape at the center front. The waist transition is defined by a series of vertical seams that contour the torso, enhancing the fitted shape. The skirt is constructed from the same material as the bodice, with a smooth, continuous flow from the waist to the hem, which ends above the knee. The fabric exhibits a textured pattern resembling reptile skin, with visible grain lines running vertically along the bodice and skirt. The dress appears to be made from a structured, possibly leather-like material with a slight sheen. There are no visible boning, lining, or additional trims beyond the buttons and the subtle texture of the fabric.",dress,A young girl with brown long smooth hair and slim body build.,"TRYON A young girl with brown long smooth hair and slim body build. Replace the entire outfit completely with This garment is a fitted, short-sleeved dress with a structured bodice and a short skirt. The bodice features a sweetheart neckline with a central vertical seam that extends down the front, flanked by two angled seams converging at the waist, creating a corset-like silhouette. The front closure consists of five large, round, gold-toned buttons arranged vertically along the central seam. The sleeves are short and capped, with a slight flare at the hem, and are attached to the bodice with shoulder seams that extend from the neckline to the sleeve cap. The shoulder layout includes a square neckline with a straight upper edge, bordered by a narrow band of fabric that forms a slight V-shape at the center front. The waist transition is defined by a series of vertical seams that contour the torso, enhancing the fitted shape. The skirt is constructed from the same material as the bodice, with a smooth, continuous flow from the waist to the hem, which ends above the knee. The fabric exhibits a textured pattern resembling reptile skin, with visible grain lines running vertically along the bodice and skirt. The dress appears to be made from a structured, possibly leather-like material with a slight sheen. There are no visible boning, lining, or additional trims beyond the buttons and the subtle texture of the fabric. as shown in the reference image. Strictly keep the same face, body measurements, hair color, eye directions, exact foot wear, same accessories and preserve strict body pose. Preserve the exact subject scale and framing from the original image; do not zoom, crop, or change camera distance. Generate a hyper realistic virtual tryon. The final image is a full body shot.",success,,4.29252552986145,8.093133211135864,18.883407831192017
22,pexels-caio-mantovani-97605853-13919886.jpg,https://glamifydevstorage.blob.core.windows.net/wardrobe-outputs/8befba67-94b2-4b9d-ad4c-1daef3fdbbd3.png,https://glamifydevstorage.blob.core.windows.net/wardrobe-outputs/1083eb83-f0ab-4c13-b7ed-f208c1a36fa2.png,https://glamifydevstorage.blob.core.windows.net/wardrobe-outputs/1e1009b9-21cf-42aa-8ec5-d65e65622acb.png,"This garment is a fitted, short-sleeved dress with a structured bodice and a short skirt. The bodice features a sweetheart neckline with a central vertical seam that extends down the front, flanked by two angled seams converging at the waist, creating a corset-like silhouette. The front closure consists of five large, round, gold-toned buttons arranged vertically along the central seam. The sleeves are short and capped, with a slight flare at the hem, and are attached to the bodice with shoulder seams that extend from the neckline to the sleeve cap. The shoulder layout includes a square neckline with a straight upper edge, bordered by a narrow band of fabric that forms a slight V-shape at the center front. The waist transition is defined by a series of vertical seams that contour the torso, enhancing the fitted shape. The skirt is constructed from the same material as the bodice, with a smooth, continuous flow from the waist to the hem, which ends above the knee. The fabric exhibits a textured pattern resembling reptile skin, with visible grain lines running vertically along the bodice and skirt. The dress appears to be made from a structured, possibly leather-like material with a slight sheen. There are no visible boning, lining, or additional trims beyond the buttons and the subtle texture of the fabric.",dress,A young girl with brown long smooth hair and slim body build.,"TRYON A young girl with brown long smooth hair and slim body build. Replace the entire outfit completely with This garment is a fitted, short-sleeved dress with a structured bodice and a short skirt. The bodice features a sweetheart neckline with a central vertical seam that extends down the front, flanked by two angled seams converging at the waist, creating a corset-like silhouette. The front closure consists of five large, round, gold-toned buttons arranged vertically along the central seam. The sleeves are short and capped, with a slight flare at the hem, and are attached to the bodice with shoulder seams that extend from the neckline to the sleeve cap. The shoulder layout includes a square neckline with a straight upper edge, bordered by a narrow band of fabric that forms a slight V-shape at the center front. The waist transition is defined by a series of vertical seams that contour the torso, enhancing the fitted shape. The skirt is constructed from the same material as the bodice, with a smooth, continuous flow from the waist to the hem, which ends above the knee. The fabric exhibits a textured pattern resembling reptile skin, with visible grain lines running vertically along the bodice and skirt. The dress appears to be made from a structured, possibly leather-like material with a slight sheen. There are no visible boning, lining, or additional trims beyond the buttons and the subtle texture of the fabric. as shown in the reference image. Strictly keep the same face, body measurements, hair color, eye directions, exact foot wear, same accessories and preserve strict body pose. Preserve the exact subject scale and framing from the original image; do not zoom, crop, or change camera distance. Generate a hyper realistic virtual tryon. The final image is a full body shot.",success,,4.193217992782593,8.093205451965332,18.438087940216064
23,pexels-caio-mantovani-97605853-14097802.jpg,https://glamifydevstorage.blob.core.windows.net/wardrobe-outputs/374394e8-2ba0-464b-a633-25fb35419329.png,https://glamifydevstorage.blob.core.windows.net/wardrobe-outputs/6f3bd365-49e4-441b-a08e-198c357e1908.png,https://glamifydevstorage.blob.core.windows.net/wardrobe-outputs/1e1009b9-21cf-42aa-8ec5-d65e65622acb.png,"This garment is a fitted, short-sleeved dress with a structured bodice and a short skirt. The bodice features a sweetheart neckline with a central vertical seam that extends down the front, flanked by two angled seams converging at the waist, creating a corset-like silhouette. The front closure consists of five large, round, gold-toned buttons arranged vertically along the central seam. The sleeves are short and capped, with a slight flare at the hem, and are attached to the bodice with shoulder seams that extend from the neckline to the sleeve cap. The shoulder layout includes a square neckline with a straight upper edge, bordered by a narrow band of fabric that forms a slight V-shape at the center front. The waist transition is defined by a series of vertical seams that contour the torso, enhancing the fitted shape. The skirt is constructed from the same material as the bodice, with a smooth, continuous flow from the waist to the hem, which ends above the knee. The fabric exhibits a textured pattern resembling reptile skin, with visible grain lines running vertically along the bodice and skirt. The dress appears to be made from a structured, possibly leather-like material with a slight sheen. There are no visible boning, lining, or additional trims beyond the buttons and the subtle texture of the fabric.",dress,A young woman with multi-tone shoulder-length smooth hair and average body build.,"TRYON A young woman with multi-tone shoulder-length smooth hair and average body build. Replace the entire outfit completely with This garment is a fitted, short-sleeved dress with a structured bodice and a short skirt. The bodice features a sweetheart neckline with a central vertical seam that extends down the front, flanked by two angled seams converging at the waist, creating a corset-like silhouette. The front closure consists of five large, round, gold-toned buttons arranged vertically along the central seam. The sleeves are short and capped, with a slight flare at the hem, and are attached to the bodice with shoulder seams that extend from the neckline to the sleeve cap. The shoulder layout includes a square neckline with a straight upper edge, bordered by a narrow band of fabric that forms a slight V-shape at the center front. The waist transition is defined by a series of vertical seams that contour the torso, enhancing the fitted shape. The skirt is constructed from the same material as the bodice, with a smooth, continuous flow from the waist to the hem, which ends above the knee. The fabric exhibits a textured pattern resembling reptile skin, with visible grain lines running vertically along the bodice and skirt. The dress appears to be made from a structured, possibly leather-like material with a slight sheen. There are no visible boning, lining, or additional trims beyond the buttons and the subtle texture of the fabric. as shown in the reference image. Strictly keep the same face, body measurements, hair color, eye directions, exact foot wear, same accessories and preserve strict body pose. Preserve the exact subject scale and framing from the original image; do not zoom, crop, or change camera distance. Generate a hyper realistic virtual tryon. The final image is a full body shot.",success,,4.494389057159424,8.091596603393555,18.82305335998535
24,pexels-carolina-101603542-9412244.jpg,https://glamifydevstorage.blob.core.windows.net/wardrobe-outputs/722f00e0-70c0-40a0-93a4-52841a301a65.png,https://glamifydevstorage.blob.core.windows.net/wardrobe-outputs/a62a064e-513b-45c5-9852-3ddaf6c8e46b.png,https://glamifydevstorage.blob.core.windows.net/wardrobe-outputs/1e1009b9-21cf-42aa-8ec5-d65e65622acb.png,"This garment is a fitted, short-sleeved dress with a structured bodice and a short skirt. The bodice features a sweetheart neckline with a central vertical seam that extends down the front, flanked by two angled seams converging at the waist, creating a corset-like silhouette. The front closure consists of five large, round, gold-toned buttons arranged vertically along the central seam. The sleeves are short and capped, with a slight flare at the hem, and are attached to the bodice with shoulder seams that extend from the neckline to the sleeve cap. The shoulder layout includes a square neckline with a straight upper edge, bordered by a narrow band of fabric that forms a slight V-shape at the center front. The waist transition is defined by a series of vertical seams that contour the torso, enhancing the fitted shape. The skirt is constructed from the same material as the bodice, with a smooth, continuous flow from the waist to the hem, which ends above the knee. The fabric exhibits a textured pattern resembling reptile skin, with visible grain lines running vertically along the bodice and skirt. The dress appears to be made from a structured, possibly leather-like material with a slight sheen. There are no visible boning, lining, or additional trims beyond the buttons and the subtle texture of the fabric.",dress,A young girl with brown long smooth hair and slim body build.,"TRYON A young girl with brown long smooth hair and slim body build. Replace the entire outfit completely with This garment is a fitted, short-sleeved dress with a structured bodice and a short skirt. The bodice features a sweetheart neckline with a central vertical seam that extends down the front, flanked by two angled seams converging at the waist, creating a corset-like silhouette. The front closure consists of five large, round, gold-toned buttons arranged vertically along the central seam. The sleeves are short and capped, with a slight flare at the hem, and are attached to the bodice with shoulder seams that extend from the neckline to the sleeve cap. The shoulder layout includes a square neckline with a straight upper edge, bordered by a narrow band of fabric that forms a slight V-shape at the center front. The waist transition is defined by a series of vertical seams that contour the torso, enhancing the fitted shape. The skirt is constructed from the same material as the bodice, with a smooth, continuous flow from the waist to the hem, which ends above the knee. The fabric exhibits a textured pattern resembling reptile skin, with visible grain lines running vertically along the bodice and skirt. The dress appears to be made from a structured, possibly leather-like material with a slight sheen. There are no visible boning, lining, or additional trims beyond the buttons and the subtle texture of the fabric. as shown in the reference image. Strictly keep the same face, body measurements, hair color, eye directions, exact foot wear, same accessories and preserve strict body pose. Preserve the exact subject scale and framing from the original image; do not zoom, crop, or change camera distance. Generate a hyper realistic virtual tryon. The final image is a full body shot.",success,,4.422570466995239,8.090399026870728,18.51983404159546
25,pexels-cesar-o-neill-26650613-33463134.jpg,https://glamifydevstorage.blob.core.windows.net/wardrobe-outputs/52862c22-1730-46da-b3e4-5451c022e8b8.png,https://glamifydevstorage.blob.core.windows.net/wardrobe-outputs/489f4552-5399-4ab2-926d-62f841fb58ab.png,https://glamifydevstorage.blob.core.windows.net/wardrobe-outputs/1e1009b9-21cf-42aa-8ec5-d65e65622acb.png,"This garment is a fitted, short-sleeved dress with a structured bodice and a short skirt. The bodice features a sweetheart neckline with a central vertical seam that extends down the front, flanked by two angled seams converging at the waist, creating a corset-like silhouette. The front closure consists of five large, round, gold-toned buttons arranged vertically along the central seam. The sleeves are short and capped, with a slight flare at the hem, and are attached to the bodice with shoulder seams that extend from the neckline to the sleeve cap. The shoulder layout includes a square neckline with a straight upper edge, bordered by a narrow band of fabric that forms a slight V-shape at the center front. The waist transition is defined by a series of vertical seams that contour the torso, enhancing the fitted shape. The skirt is constructed from the same material as the bodice, with a smooth, continuous flow from the waist to the hem, which ends above the knee. The fabric exhibits a textured pattern resembling reptile skin, with visible grain lines running vertically along the bodice and skirt. The dress appears to be made from a structured, possibly leather-like material with a slight sheen. There are no visible boning, lining, or additional trims beyond the buttons and the subtle texture of the fabric.",dress,A young woman with blonde long wavy hair and average body build.,"TRYON A young woman with blonde long wavy hair and average body build. Replace the entire outfit completely with This garment is a fitted, short-sleeved dress with a structured bodice and a short skirt. The bodice features a sweetheart neckline with a central vertical seam that extends down the front, flanked by two angled seams converging at the waist, creating a corset-like silhouette. The front closure consists of five large, round, gold-toned buttons arranged vertically along the central seam. The sleeves are short and capped, with a slight flare at the hem, and are attached to the bodice with shoulder seams that extend from the neckline to the sleeve cap. The shoulder layout includes a square neckline with a straight upper edge, bordered by a narrow band of fabric that forms a slight V-shape at the center front. The waist transition is defined by a series of vertical seams that contour the torso, enhancing the fitted shape. The skirt is constructed from the same material as the bodice, with a smooth, continuous flow from the waist to the hem, which ends above the knee. The fabric exhibits a textured pattern resembling reptile skin, with visible grain lines running vertically along the bodice and skirt. The dress appears to be made from a structured, possibly leather-like material with a slight sheen. There are no visible boning, lining, or additional trims beyond the buttons and the subtle texture of the fabric. as shown in the reference image. Strictly keep the same face, body measurements, hair color, eye directions, exact foot wear, same accessories and preserve strict body pose. Preserve the exact subject scale and framing from the original image; do not zoom, crop, or change camera distance. Generate a hyper realistic virtual tryon. The final image is a full body shot.",success,,4.583984613418579,8.092090129852295,19.35692310333252
26,pexels-cesar-o-neill-26650613-33800253.jpg,https://glamifydevstorage.blob.core.windows.net/wardrobe-outputs/58bed7e2-0c5d-490b-b2d7-3efffc575d1b.png,https://glamifydevstorage.blob.core.windows.net/wardrobe-outputs/961fa273-0c2a-422d-ab71-2d4b667a1eeb.png,https://glamifydevstorage.blob.core.windows.net/wardrobe-outputs/1e1009b9-21cf-42aa-8ec5-d65e65622acb.png,"This garment is a fitted, short-sleeved dress with a structured bodice and a short skirt. The bodice features a sweetheart neckline with a central vertical seam that extends down the front, flanked by two angled seams converging at the waist, creating a corset-like silhouette. The front closure consists of five large, round, gold-toned buttons arranged vertically along the central seam. The sleeves are short and capped, with a slight flare at the hem, and are attached to the bodice with shoulder seams that extend from the neckline to the sleeve cap. The shoulder layout includes a square neckline with a straight upper edge, bordered by a narrow band of fabric that forms a slight V-shape at the center front. The waist transition is defined by a series of vertical seams that contour the torso, enhancing the fitted shape. The skirt is constructed from the same material as the bodice, with a smooth, continuous flow from the waist to the hem, which ends above the knee. The fabric exhibits a textured pattern resembling reptile skin, with visible grain lines running vertically along the bodice and skirt. The dress appears to be made from a structured, possibly leather-like material with a slight sheen. There are no visible boning, lining, or additional trims beyond the buttons and the subtle texture of the fabric.",dress,A young woman with brown medium wavy hair and slim body build.,"TRYON A young woman with brown medium wavy hair and slim body build. Replace the entire outfit completely with This garment is a fitted, short-sleeved dress with a structured bodice and a short skirt. The bodice features a sweetheart neckline with a central vertical seam that extends down the front, flanked by two angled seams converging at the waist, creating a corset-like silhouette. The front closure consists of five large, round, gold-toned buttons arranged vertically along the central seam. The sleeves are short and capped, with a slight flare at the hem, and are attached to the bodice with shoulder seams that extend from the neckline to the sleeve cap. The shoulder layout includes a square neckline with a straight upper edge, bordered by a narrow band of fabric that forms a slight V-shape at the center front. The waist transition is defined by a series of vertical seams that contour the torso, enhancing the fitted shape. The skirt is constructed from the same material as the bodice, with a smooth, continuous flow from the waist to the hem, which ends above the knee. The fabric exhibits a textured pattern resembling reptile skin, with visible grain lines running vertically along the bodice and skirt. The dress appears to be made from a structured, possibly leather-like material with a slight sheen. There are no visible boning, lining, or additional trims beyond the buttons and the subtle texture of the fabric. as shown in the reference image. Strictly keep the same face, body measurements, hair color, eye directions, exact foot wear, same accessories and preserve strict body pose. Preserve the exact subject scale and framing from the original image; do not zoom, crop, or change camera distance. Generate a hyper realistic virtual tryon. The final image is a full body shot.",success,,4.399537086486816,8.095470190048218,19.20486330986023
27,pexels-colordragon-24813292.jpg,https://glamifydevstorage.blob.core.windows.net/wardrobe-outputs/d46ee665-2a3b-47d2-a38f-c19b8971e487.png,https://glamifydevstorage.blob.core.windows.net/wardrobe-outputs/aeda1e8f-982d-4c57-82d5-9434c46a6b7d.png,https://glamifydevstorage.blob.core.windows.net/wardrobe-outputs/1e1009b9-21cf-42aa-8ec5-d65e65622acb.png,"This garment is a fitted, short-sleeved dress with a structured bodice and a short skirt. The bodice features a sweetheart neckline with a central vertical seam that extends down the front, flanked by two angled seams converging at the waist, creating a corset-like silhouette. The front closure consists of five large, round, gold-toned buttons arranged vertically along the central seam. The sleeves are short and capped, with a slight flare at the hem, and are attached to the bodice with shoulder seams that extend from the neckline to the sleeve cap. The shoulder layout includes a square neckline with a straight upper edge, bordered by a narrow band of fabric that forms a slight V-shape at the center front. The waist transition is defined by a series of vertical seams that contour the torso, enhancing the fitted shape. The skirt is constructed from the same material as the bodice, with a smooth, continuous flow from the waist to the hem, which ends above the knee. The fabric exhibits a textured pattern resembling reptile skin, with visible grain lines running vertically along the bodice and skirt. The dress appears to be made from a structured, possibly leather-like material with a slight sheen. There are no visible boning, lining, or additional trims beyond the buttons and the subtle texture of the fabric.",dress,A young girl with dark brown long smooth hair and slim body build.,"TRYON A young girl with dark brown long smooth hair and slim body build. Replace the entire outfit completely with This garment is a fitted, short-sleeved dress with a structured bodice and a short skirt. The bodice features a sweetheart neckline with a central vertical seam that extends down the front, flanked by two angled seams converging at the waist, creating a corset-like silhouette. The front closure consists of five large, round, gold-toned buttons arranged vertically along the central seam. The sleeves are short and capped, with a slight flare at the hem, and are attached to the bodice with shoulder seams that extend from the neckline to the sleeve cap. The shoulder layout includes a square neckline with a straight upper edge, bordered by a narrow band of fabric that forms a slight V-shape at the center front. The waist transition is defined by a series of vertical seams that contour the torso, enhancing the fitted shape. The skirt is constructed from the same material as the bodice, with a smooth, continuous flow from the waist to the hem, which ends above the knee. The fabric exhibits a textured pattern resembling reptile skin, with visible grain lines running vertically along the bodice and skirt. The dress appears to be made from a structured, possibly leather-like material with a slight sheen. There are no visible boning, lining, or additional trims beyond the buttons and the subtle texture of the fabric. as shown in the reference image. Strictly keep the same face, body measurements, hair color, eye directions, exact foot wear, same accessories and preserve strict body pose. Preserve the exact subject scale and framing from the original image; do not zoom, crop, or change camera distance. Generate a hyper realistic virtual tryon. The final image is a full body shot.",success,,4.410071134567261,8.095472812652588,19.09796953201294
28,pexels-colordragon-24813296.jpg,https://glamifydevstorage.blob.core.windows.net/wardrobe-outputs/f4057964-e35d-4cea-82cc-4c0193467e69.png,https://glamifydevstorage.blob.core.windows.net/wardrobe-outputs/f8fe7ca6-f007-49fd-8019-4e19b6ffc424.png,https://glamifydevstorage.blob.core.windows.net/wardrobe-outputs/1e1009b9-21cf-42aa-8ec5-d65e65622acb.png,"This garment is a fitted, short-sleeved dress with a structured bodice and a short skirt. The bodice features a sweetheart neckline with a central vertical seam that extends down the front, flanked by two angled seams converging at the waist, creating a corset-like silhouette. The front closure consists of five large, round, gold-toned buttons arranged vertically along the central seam. The sleeves are short and capped, with a slight flare at the hem, and are attached to the bodice with shoulder seams that extend from the neckline to the sleeve cap. The shoulder layout includes a square neckline with a straight upper edge, bordered by a narrow band of fabric that forms a slight V-shape at the center front. The waist transition is defined by a series of vertical seams that contour the torso, enhancing the fitted shape. The skirt is constructed from the same material as the bodice, with a smooth, continuous flow from the waist to the hem, which ends above the knee. The fabric exhibits a textured pattern resembling reptile skin, with visible grain lines running vertically along the bodice and skirt. The dress appears to be made from a structured, possibly leather-like material with a slight sheen. There are no visible boning, lining, or additional trims beyond the buttons and the subtle texture of the fabric.",dress,A young girl with dark long smooth hair and slim body build.,"TRYON A young girl with dark long smooth hair and slim body build. Replace the entire outfit completely with This garment is a fitted, short-sleeved dress with a structured bodice and a short skirt. The bodice features a sweetheart neckline with a central vertical seam that extends down the front, flanked by two angled seams converging at the waist, creating a corset-like silhouette. The front closure consists of five large, round, gold-toned buttons arranged vertically along the central seam. The sleeves are short and capped, with a slight flare at the hem, and are attached to the bodice with shoulder seams that extend from the neckline to the sleeve cap. The shoulder layout includes a square neckline with a straight upper edge, bordered by a narrow band of fabric that forms a slight V-shape at the center front. The waist transition is defined by a series of vertical seams that contour the torso, enhancing the fitted shape. The skirt is constructed from the same material as the bodice, with a smooth, continuous flow from the waist to the hem, which ends above the knee. The fabric exhibits a textured pattern resembling reptile skin, with visible grain lines running vertically along the bodice and skirt. The dress appears to be made from a structured, possibly leather-like material with a slight sheen. There are no visible boning, lining, or additional trims beyond the buttons and the subtle texture of the fabric. as shown in the reference image. Strictly keep the same face, body measurements, hair color, eye directions, exact foot wear, same accessories and preserve strict body pose. Preserve the exact subject scale and framing from the original image; do not zoom, crop, or change camera distance. Generate a hyper realistic virtual tryon. The final image is a full body shot.",success,,4.40044379234314,8.091509103775024,19.36522674560547
29,pexels-conejodepapel-17392599.jpg,https://glamifydevstorage.blob.core.windows.net/wardrobe-outputs/1487617a-4a66-45c2-b56c-a12f45b45934.png,https://glamifydevstorage.blob.core.windows.net/wardrobe-outputs/90bf0bff-346b-4140-b119-f1308f33dcad.png,https://glamifydevstorage.blob.core.windows.net/wardrobe-outputs/1e1009b9-21cf-42aa-8ec5-d65e65622acb.png,"This garment is a fitted, short-sleeved dress with a structured bodice and a short skirt. The bodice features a sweetheart neckline with a central vertical seam that extends down the front, flanked by two angled seams converging at the waist, creating a corset-like silhouette. The front closure consists of five large, round, gold-toned buttons arranged vertically along the central seam. The sleeves are short and capped, with a slight flare at the hem, and are attached to the bodice with shoulder seams that extend from the neckline to the sleeve cap. The shoulder layout includes a square neckline with a straight upper edge, bordered by a narrow band of fabric that forms a slight V-shape at the center front. The waist transition is defined by a series of vertical seams that contour the torso, enhancing the fitted shape. The skirt is constructed from the same material as the bodice, with a smooth, continuous flow from the waist to the hem, which ends above the knee. The fabric exhibits a textured pattern resembling reptile skin, with visible grain lines running vertically along the bodice and skirt. The dress appears to be made from a structured, possibly leather-like material with a slight sheen. There are no visible boning, lining, or additional trims beyond the buttons and the subtle texture of the fabric.",dress,A young girl with multi-tone long smooth hair and slim body build.,"TRYON A young girl with multi-tone long smooth hair and slim body build. Replace the entire outfit completely with This garment is a fitted, short-sleeved dress with a structured bodice and a short skirt. The bodice features a sweetheart neckline with a central vertical seam that extends down the front, flanked by two angled seams converging at the waist, creating a corset-like silhouette. The front closure consists of five large, round, gold-toned buttons arranged vertically along the central seam. The sleeves are short and capped, with a slight flare at the hem, and are attached to the bodice with shoulder seams that extend from the neckline to the sleeve cap. The shoulder layout includes a square neckline with a straight upper edge, bordered by a narrow band of fabric that forms a slight V-shape at the center front. The waist transition is defined by a series of vertical seams that contour the torso, enhancing the fitted shape. The skirt is constructed from the same material as the bodice, with a smooth, continuous flow from the waist to the hem, which ends above the knee. The fabric exhibits a textured pattern resembling reptile skin, with visible grain lines running vertically along the bodice and skirt. The dress appears to be made from a structured, possibly leather-like material with a slight sheen. There are no visible boning, lining, or additional trims beyond the buttons and the subtle texture of the fabric. as shown in the reference image. Strictly keep the same face, body measurements, hair color, eye directions, exact foot wear, same accessories and preserve strict body pose. Preserve the exact subject scale and framing from the original image; do not zoom, crop, or change camera distance. Generate a hyper realistic virtual tryon. The final image is a full body shot.",success,,4.199553728103638,8.093662977218628,18.349459171295166
30,pexels-cristian-rojas-10041266.jpg,https://glamifydevstorage.blob.core.windows.net/wardrobe-outputs/15faa783-0d9e-4f7b-8f94-fe3be950cfc5.png,https://glamifydevstorage.blob.core.windows.net/wardrobe-outputs/a58dc105-a971-49bd-bf82-b6db626ef442.png,https://glamifydevstorage.blob.core.windows.net/wardrobe-outputs/1e1009b9-21cf-42aa-8ec5-d65e65622acb.png,"This garment is a fitted, short-sleeved dress with a structured bodice and a short skirt. The bodice features a sweetheart neckline with a central vertical seam that extends down the front, flanked by two angled seams converging at the waist, creating a corset-like silhouette. The front closure consists of five large, round, gold-toned buttons arranged vertically along the central seam. The sleeves are short and capped, with a slight flare at the hem, and are attached to the bodice with shoulder seams that extend from the neckline to the sleeve cap. The shoulder layout includes a square neckline with a straight upper edge, bordered by a narrow band of fabric that forms a slight V-shape at the center front. The waist transition is defined by a series of vertical seams that contour the torso, enhancing the fitted shape. The skirt is constructed from the same material as the bodice, with a smooth, continuous flow from the waist to the hem, which ends above the knee. The fabric exhibits a textured pattern resembling reptile skin, with visible grain lines running vertically along the bodice and skirt. The dress appears to be made from a structured, possibly leather-like material with a slight sheen. There are no visible boning, lining, or additional trims beyond the buttons and the subtle texture of the fabric.",dress,An adult woman with brown long smooth hair and average body build.,"TRYON An adult woman with brown long smooth hair and average body build. Replace the entire outfit completely with This garment is a fitted, short-sleeved dress with a structured bodice and a short skirt. The bodice features a sweetheart neckline with a central vertical seam that extends down the front, flanked by two angled seams converging at the waist, creating a corset-like silhouette. The front closure consists of five large, round, gold-toned buttons arranged vertically along the central seam. The sleeves are short and capped, with a slight flare at the hem, and are attached to the bodice with shoulder seams that extend from the neckline to the sleeve cap. The shoulder layout includes a square neckline with a straight upper edge, bordered by a narrow band of fabric that forms a slight V-shape at the center front. The waist transition is defined by a series of vertical seams that contour the torso, enhancing the fitted shape. The skirt is constructed from the same material as the bodice, with a smooth, continuous flow from the waist to the hem, which ends above the knee. The fabric exhibits a textured pattern resembling reptile skin, with visible grain lines running vertically along the bodice and skirt. The dress appears to be made from a structured, possibly leather-like material with a slight sheen. There are no visible boning, lining, or additional trims beyond the buttons and the subtle texture of the fabric. as shown in the reference image. Strictly keep the same face, body measurements, hair color, eye directions, exact foot wear, same accessories and preserve strict body pose. Preserve the exact subject scale and framing from the original image; do not zoom, crop, or change camera distance. Generate a hyper realistic virtual tryon. The final image is a full body shot.",success,,3.9221479892730713,8.168395042419434,17.67063570022583
31,pexels-cristian-rojas-7535460.jpg,https://glamifydevstorage.blob.core.windows.net/wardrobe-outputs/0546c937-97ac-4229-baa6-1f3c1f1bdc25.png,https://glamifydevstorage.blob.core.windows.net/wardrobe-outputs/49e502db-6067-415a-84df-4254eb277982.png,https://glamifydevstorage.blob.core.windows.net/wardrobe-outputs/1e1009b9-21cf-42aa-8ec5-d65e65622acb.png,"This garment is a fitted, short-sleeved dress with a structured bodice and a short skirt. The bodice features a sweetheart neckline with a central vertical seam that extends down the front, flanked by two angled seams converging at the waist, creating a corset-like silhouette. The front closure consists of five large, round, gold-toned buttons arranged vertically along the central seam. The sleeves are short and capped, with a slight flare at the hem, and are attached to the bodice with shoulder seams that extend from the neckline to the sleeve cap. The shoulder layout includes a square neckline with a straight upper edge, bordered by a narrow band of fabric that forms a slight V-shape at the center front. The waist transition is defined by a series of vertical seams that contour the torso, enhancing the fitted shape. The skirt is constructed from the same material as the bodice, with a smooth, continuous flow from the waist to the hem, which ends above the knee. The fabric exhibits a textured pattern resembling reptile skin, with visible grain lines running vertically along the bodice and skirt. The dress appears to be made from a structured, possibly leather-like material with a slight sheen. There are no visible boning, lining, or additional trims beyond the buttons and the subtle texture of the fabric.",dress,An adult woman with brown long smooth hair and curvy body build.,"TRYON An adult woman with brown long smooth hair and curvy body build. Replace the entire outfit completely with This garment is a fitted, short-sleeved dress with a structured bodice and a short skirt. The bodice features a sweetheart neckline with a central vertical seam that extends down the front, flanked by two angled seams converging at the waist, creating a corset-like silhouette. The front closure consists of five large, round, gold-toned buttons arranged vertically along the central seam. The sleeves are short and capped, with a slight flare at the hem, and are attached to the bodice with shoulder seams that extend from the neckline to the sleeve cap. The shoulder layout includes a square neckline with a straight upper edge, bordered by a narrow band of fabric that forms a slight V-shape at the center front. The waist transition is defined by a series of vertical seams that contour the torso, enhancing the fitted shape. The skirt is constructed from the same material as the bodice, with a smooth, continuous flow from the waist to the hem, which ends above the knee. The fabric exhibits a textured pattern resembling reptile skin, with visible grain lines running vertically along the bodice and skirt. The dress appears to be made from a structured, possibly leather-like material with a slight sheen. There are no visible boning, lining, or additional trims beyond the buttons and the subtle texture of the fabric. as shown in the reference image. Strictly keep the same face, body measurements, hair color, eye directions, exact foot wear, same accessories and preserve strict body pose. Preserve the exact subject scale and framing from the original image; do not zoom, crop, or change camera distance. Generate a hyper realistic virtual tryon. The final image is a full body shot.",success,,4.732069969177246,8.168258905410767,19.15838623046875
32,pexels-dan-borges-1755177.jpg,https://glamifydevstorage.blob.core.windows.net/wardrobe-outputs/76c665c9-154f-4a17-8a49-7f718d567982.png,https://glamifydevstorage.blob.core.windows.net/wardrobe-outputs/56005963-53de-4eed-be2c-a9871fd57379.png,https://glamifydevstorage.blob.core.windows.net/wardrobe-outputs/1e1009b9-21cf-42aa-8ec5-d65e65622acb.png,"This garment is a fitted, short-sleeved dress with a structured bodice and a short skirt. The bodice features a sweetheart neckline with a central vertical seam that extends down the front, flanked by two angled seams converging at the waist, creating a corset-like silhouette. The front closure consists of five large, round, gold-toned buttons arranged vertically along the central seam. The sleeves are short and capped, with a slight flare at the hem, and are attached to the bodice with shoulder seams that extend from the neckline to the sleeve cap. The shoulder layout includes a square neckline with a straight upper edge, bordered by a narrow band of fabric that forms a slight V-shape at the center front. The waist transition is defined by a series of vertical seams that contour the torso, enhancing the fitted shape. The skirt is constructed from the same material as the bodice, with a smooth, continuous flow from the waist to the hem, which ends above the knee. The fabric exhibits a textured pattern resembling reptile skin, with visible grain lines running vertically along the bodice and skirt. The dress appears to be made from a structured, possibly leather-like material with a slight sheen. There are no visible boning, lining, or additional trims beyond the buttons and the subtle texture of the fabric.",dress,A young woman with brown long smooth hair and slim body build.,"TRYON A young woman with brown long smooth hair and slim body build. Replace the entire outfit completely with This garment is a fitted, short-sleeved dress with a structured bodice and a short skirt. The bodice features a sweetheart neckline with a central vertical seam that extends down the front, flanked by two angled seams converging at the waist, creating a corset-like silhouette. The front closure consists of five large, round, gold-toned buttons arranged vertically along the central seam. The sleeves are short and capped, with a slight flare at the hem, and are attached to the bodice with shoulder seams that extend from the neckline to the sleeve cap. The shoulder layout includes a square neckline with a straight upper edge, bordered by a narrow band of fabric that forms a slight V-shape at the center front. The waist transition is defined by a series of vertical seams that contour the torso, enhancing the fitted shape. The skirt is constructed from the same material as the bodice, with a smooth, continuous flow from the waist to the hem, which ends above the knee. The fabric exhibits a textured pattern resembling reptile skin, with visible grain lines running vertically along the bodice and skirt. The dress appears to be made from a structured, possibly leather-like material with a slight sheen. There are no visible boning, lining, or additional trims beyond the buttons and the subtle texture of the fabric. as shown in the reference image. Strictly keep the same face, body measurements, hair color, eye directions, exact foot wear, same accessories and preserve strict body pose. Preserve the exact subject scale and framing from the original image; do not zoom, crop, or change camera distance. Generate a hyper realistic virtual tryon. The final image is a full body shot.",success,,4.204220294952393,8.09312915802002,19.140939950942993
33,pexels-daniel-duarte-270529097-13098732.jpg,https://glamifydevstorage.blob.core.windows.net/wardrobe-outputs/518b78e5-6d99-4ffa-b1fd-e24e25a172b7.png,https://glamifydevstorage.blob.core.windows.net/wardrobe-outputs/ab6e0a9b-dcec-4621-8154-344a16910143.png,https://glamifydevstorage.blob.core.windows.net/wardrobe-outputs/1e1009b9-21cf-42aa-8ec5-d65e65622acb.png,"This garment is a fitted, short-sleeved dress with a structured bodice and a short skirt. The bodice features a sweetheart neckline with a central vertical seam that extends down the front, flanked by two angled seams converging at the waist, creating a corset-like silhouette. The front closure consists of five large, round, gold-toned buttons arranged vertically along the central seam. The sleeves are short and capped, with a slight flare at the hem, and are attached to the bodice with shoulder seams that extend from the neckline to the sleeve cap. The shoulder layout includes a square neckline with a straight upper edge, bordered by a narrow band of fabric that forms a slight V-shape at the center front. The waist transition is defined by a series of vertical seams that contour the torso, enhancing the fitted shape. The skirt is constructed from the same material as the bodice, with a smooth, continuous flow from the waist to the hem, which ends above the knee. The fabric exhibits a textured pattern resembling reptile skin, with visible grain lines running vertically along the bodice and skirt. The dress appears to be made from a structured, possibly leather-like material with a slight sheen. There are no visible boning, lining, or additional trims beyond the buttons and the subtle texture of the fabric.",dress,A young woman with dark brown long wavy hair and slim body build.,"TRYON A young woman with dark brown long wavy hair and slim body build. Replace the entire outfit completely with This garment is a fitted, short-sleeved dress with a structured bodice and a short skirt. The bodice features a sweetheart neckline with a central vertical seam that extends down the front, flanked by two angled seams converging at the waist, creating a corset-like silhouette. The front closure consists of five large, round, gold-toned buttons arranged vertically along the central seam. The sleeves are short and capped, with a slight flare at the hem, and are attached to the bodice with shoulder seams that extend from the neckline to the sleeve cap. The shoulder layout includes a square neckline with a straight upper edge, bordered by a narrow band of fabric that forms a slight V-shape at the center front. The waist transition is defined by a series of vertical seams that contour the torso, enhancing the fitted shape. The skirt is constructed from the same material as the bodice, with a smooth, continuous flow from the waist to the hem, which ends above the knee. The fabric exhibits a textured pattern resembling reptile skin, with visible grain lines running vertically along the bodice and skirt. The dress appears to be made from a structured, possibly leather-like material with a slight sheen. There are no visible boning, lining, or additional trims beyond the buttons and the subtle texture of the fabric. as shown in the reference image. Strictly keep the same face, body measurements, hair color, eye directions, exact foot wear, same accessories and preserve strict body pose. Preserve the exact subject scale and framing from the original image; do not zoom, crop, or change camera distance. Generate a hyper realistic virtual tryon. The final image is a full body shot.",success,,4.4185779094696045,8.859715461730957,18.862954139709473
34,pexels-davincidelasfotos-28480020.jpg,https://glamifydevstorage.blob.core.windows.net/wardrobe-outputs/c1e001bf-7a85-479a-a9ac-587a1dc342d7.png,https://glamifydevstorage.blob.core.windows.net/wardrobe-outputs/206eef6e-4c31-49d1-af6b-de2d2f2bf9d4.png,https://glamifydevstorage.blob.core.windows.net/wardrobe-outputs/1e1009b9-21cf-42aa-8ec5-d65e65622acb.png,"This garment is a fitted, short-sleeved dress with a structured bodice and a short skirt. The bodice features a sweetheart neckline with a central vertical seam that extends down the front, flanked by two angled seams converging at the waist, creating a corset-like silhouette. The front closure consists of five large, round, gold-toned buttons arranged vertically along the central seam. The sleeves are short and capped, with a slight flare at the hem, and are attached to the bodice with shoulder seams that extend from the neckline to the sleeve cap. The shoulder layout includes a square neckline with a straight upper edge, bordered by a narrow band of fabric that forms a slight V-shape at the center front. The waist transition is defined by a series of vertical seams that contour the torso, enhancing the fitted shape. The skirt is constructed from the same material as the bodice, with a smooth, continuous flow from the waist to the hem, which ends above the knee. The fabric exhibits a textured pattern resembling reptile skin, with visible grain lines running vertically along the bodice and skirt. The dress appears to be made from a structured, possibly leather-like material with a slight sheen. There are no visible boning, lining, or additional trims beyond the buttons and the subtle texture of the fabric.",dress,A young woman with brown shoulder-length smooth hair and slim body build.,"TRYON A young woman with brown shoulder-length smooth hair and slim body build. Replace the entire outfit completely with This garment is a fitted, short-sleeved dress with a structured bodice and a short skirt. The bodice features a sweetheart neckline with a central vertical seam that extends down the front, flanked by two angled seams converging at the waist, creating a corset-like silhouette. The front closure consists of five large, round, gold-toned buttons arranged vertically along the central seam. The sleeves are short and capped, with a slight flare at the hem, and are attached to the bodice with shoulder seams that extend from the neckline to the sleeve cap. The shoulder layout includes a square neckline with a straight upper edge, bordered by a narrow band of fabric that forms a slight V-shape at the center front. The waist transition is defined by a series of vertical seams that contour the torso, enhancing the fitted shape. The skirt is constructed from the same material as the bodice, with a smooth, continuous flow from the waist to the hem, which ends above the knee. The fabric exhibits a textured pattern resembling reptile skin, with visible grain lines running vertically along the bodice and skirt. The dress appears to be made from a structured, possibly leather-like material with a slight sheen. There are no visible boning, lining, or additional trims beyond the buttons and the subtle texture of the fabric. as shown in the reference image. Strictly keep the same face, body measurements, hair color, eye directions, exact foot wear, same accessories and preserve strict body pose. Preserve the exact subject scale and framing from the original image; do not zoom, crop, or change camera distance. Generate a hyper realistic virtual tryon. The final image is a full body shot.",success,,4.301438331604004,8.112203598022461,18.518391847610474
35,pexels-davincidelasfotos-28714398.jpg,https://glamifydevstorage.blob.core.windows.net/wardrobe-outputs/9131440c-2c23-4c0f-bf2f-9665866b1c60.png,https://glamifydevstorage.blob.core.windows.net/wardrobe-outputs/e930e6e2-510a-4442-9b29-f23e52a54d52.png,https://glamifydevstorage.blob.core.windows.net/wardrobe-outputs/1e1009b9-21cf-42aa-8ec5-d65e65622acb.png,"This garment is a fitted, short-sleeved dress with a structured bodice and a short skirt. The bodice features a sweetheart neckline with a central vertical seam that extends down the front, flanked by two angled seams converging at the waist, creating a corset-like silhouette. The front closure consists of five large, round, gold-toned buttons arranged vertically along the central seam. The sleeves are short and capped, with a slight flare at the hem, and are attached to the bodice with shoulder seams that extend from the neckline to the sleeve cap. The shoulder layout includes a square neckline with a straight upper edge, bordered by a narrow band of fabric that forms a slight V-shape at the center front. The waist transition is defined by a series of vertical seams that contour the torso, enhancing the fitted shape. The skirt is constructed from the same material as the bodice, with a smooth, continuous flow from the waist to the hem, which ends above the knee. The fabric exhibits a textured pattern resembling reptile skin, with visible grain lines running vertically along the bodice and skirt. The dress appears to be made from a structured, possibly leather-like material with a slight sheen. There are no visible boning, lining, or additional trims beyond the buttons and the subtle texture of the fabric.",dress,A young woman with black long smooth hair and slim body build.,"TRYON A young woman with black long smooth hair and slim body build. Replace the entire outfit completely with This garment is a fitted, short-sleeved dress with a structured bodice and a short skirt. The bodice features a sweetheart neckline with a central vertical seam that extends down the front, flanked by two angled seams converging at the waist, creating a corset-like silhouette. The front closure consists of five large, round, gold-toned buttons arranged vertically along the central seam. The sleeves are short and capped, with a slight flare at the hem, and are attached to the bodice with shoulder seams that extend from the neckline to the sleeve cap. The shoulder layout includes a square neckline with a straight upper edge, bordered by a narrow band of fabric that forms a slight V-shape at the center front. The waist transition is defined by a series of vertical seams that contour the torso, enhancing the fitted shape. The skirt is constructed from the same material as the bodice, with a smooth, continuous flow from the waist to the hem, which ends above the knee. The fabric exhibits a textured pattern resembling reptile skin, with visible grain lines running vertically along the bodice and skirt. The dress appears to be made from a structured, possibly leather-like material with a slight sheen. There are no visible boning, lining, or additional trims beyond the buttons and the subtle texture of the fabric. as shown in the reference image. Strictly keep the same face, body measurements, hair color, eye directions, exact foot wear, same accessories and preserve strict body pose. Preserve the exact subject scale and framing from the original image; do not zoom, crop, or change camera distance. Generate a hyper realistic virtual tryon. The final image is a full body shot.",success,,4.037215948104858,8.090907335281372,18.161168336868286
36,pexels-davincidelasfotos-28714525.jpg,https://glamifydevstorage.blob.core.windows.net/wardrobe-outputs/1162be60-98e8-4342-8ede-5b72e6ba6764.png,https://glamifydevstorage.blob.core.windows.net/wardrobe-outputs/cbe80670-db1d-4282-b641-0cbb96b0f71f.png,https://glamifydevstorage.blob.core.windows.net/wardrobe-outputs/1e1009b9-21cf-42aa-8ec5-d65e65622acb.png,"This garment is a fitted, short-sleeved dress with a structured bodice and a short skirt. The bodice features a sweetheart neckline with a central vertical seam that extends down the front, flanked by two angled seams converging at the waist, creating a corset-like silhouette. The front closure consists of five large, round, gold-toned buttons arranged vertically along the central seam. The sleeves are short and capped, with a slight flare at the hem, and are attached to the bodice with shoulder seams that extend from the neckline to the sleeve cap. The shoulder layout includes a square neckline with a straight upper edge, bordered by a narrow band of fabric that forms a slight V-shape at the center front. The waist transition is defined by a series of vertical seams that contour the torso, enhancing the fitted shape. The skirt is constructed from the same material as the bodice, with a smooth, continuous flow from the waist to the hem, which ends above the knee. The fabric exhibits a textured pattern resembling reptile skin, with visible grain lines running vertically along the bodice and skirt. The dress appears to be made from a structured, possibly leather-like material with a slight sheen. There are no visible boning, lining, or additional trims beyond the buttons and the subtle texture of the fabric.",dress,A young woman with black long smooth hair and slim body build.,"TRYON A young woman with black long smooth hair and slim body build. Replace the entire outfit completely with This garment is a fitted, short-sleeved dress with a structured bodice and a short skirt. The bodice features a sweetheart neckline with a central vertical seam that extends down the front, flanked by two angled seams converging at the waist, creating a corset-like silhouette. The front closure consists of five large, round, gold-toned buttons arranged vertically along the central seam. The sleeves are short and capped, with a slight flare at the hem, and are attached to the bodice with shoulder seams that extend from the neckline to the sleeve cap. The shoulder layout includes a square neckline with a straight upper edge, bordered by a narrow band of fabric that forms a slight V-shape at the center front. The waist transition is defined by a series of vertical seams that contour the torso, enhancing the fitted shape. The skirt is constructed from the same material as the bodice, with a smooth, continuous flow from the waist to the hem, which ends above the knee. The fabric exhibits a textured pattern resembling reptile skin, with visible grain lines running vertically along the bodice and skirt. The dress appears to be made from a structured, possibly leather-like material with a slight sheen. There are no visible boning, lining, or additional trims beyond the buttons and the subtle texture of the fabric. as shown in the reference image. Strictly keep the same face, body measurements, hair color, eye directions, exact foot wear, same accessories and preserve strict body pose. Preserve the exact subject scale and framing from the original image; do not zoom, crop, or change camera distance. Generate a hyper realistic virtual tryon. The final image is a full body shot.",success,,4.205310344696045,8.102067232131958,18.348215579986572
37,pexels-diana-reyes-227887231-34035163.jpg,https://glamifydevstorage.blob.core.windows.net/wardrobe-outputs/536c4ed3-d877-4bc1-9437-7fd9c9252aef.png,https://glamifydevstorage.blob.core.windows.net/wardrobe-outputs/23d62494-397c-45c1-86b0-4a8115b4e376.png,https://glamifydevstorage.blob.core.windows.net/wardrobe-outputs/1e1009b9-21cf-42aa-8ec5-d65e65622acb.png,"This garment is a fitted, short-sleeved dress with a structured bodice and a short skirt. The bodice features a sweetheart neckline with a central vertical seam that extends down the front, flanked by two angled seams converging at the waist, creating a corset-like silhouette. The front closure consists of five large, round, gold-toned buttons arranged vertically along the central seam. The sleeves are short and capped, with a slight flare at the hem, and are attached to the bodice with shoulder seams that extend from the neckline to the sleeve cap. The shoulder layout includes a square neckline with a straight upper edge, bordered by a narrow band of fabric that forms a slight V-shape at the center front. The waist transition is defined by a series of vertical seams that contour the torso, enhancing the fitted shape. The skirt is constructed from the same material as the bodice, with a smooth, continuous flow from the waist to the hem, which ends above the knee. The fabric exhibits a textured pattern resembling reptile skin, with visible grain lines running vertically along the bodice and skirt. The dress appears to be made from a structured, possibly leather-like material with a slight sheen. There are no visible boning, lining, or additional trims beyond the buttons and the subtle texture of the fabric.",dress,A young woman with slim body build.,"TRYON A young woman with slim body build. Replace the entire outfit completely with This garment is a fitted, short-sleeved dress with a structured bodice and a short skirt. The bodice features a sweetheart neckline with a central vertical seam that extends down the front, flanked by two angled seams converging at the waist, creating a corset-like silhouette. The front closure consists of five large, round, gold-toned buttons arranged vertically along the central seam. The sleeves are short and capped, with a slight flare at the hem, and are attached to the bodice with shoulder seams that extend from the neckline to the sleeve cap. The shoulder layout includes a square neckline with a straight upper edge, bordered by a narrow band of fabric that forms a slight V-shape at the center front. The waist transition is defined by a series of vertical seams that contour the torso, enhancing the fitted shape. The skirt is constructed from the same material as the bodice, with a smooth, continuous flow from the waist to the hem, which ends above the knee. The fabric exhibits a textured pattern resembling reptile skin, with visible grain lines running vertically along the bodice and skirt. The dress appears to be made from a structured, possibly leather-like material with a slight sheen. There are no visible boning, lining, or additional trims beyond the buttons and the subtle texture of the fabric. as shown in the reference image. Strictly keep the same face, body measurements, hair color, eye directions, exact foot wear, same accessories and preserve strict body pose. Preserve the exact subject scale and framing from the original image; do not zoom, crop, or change camera distance. Generate a hyper realistic virtual tryon. The final image is a full body shot.",success,,4.244335412979126,8.092974662780762,18.29374647140503
38,pexels-dinielle-de-veyra-2610843-4195089.jpg,https://glamifydevstorage.blob.core.windows.net/wardrobe-outputs/5ca3f909-5842-4c72-9762-135bbeb2cb20.png,https://glamifydevstorage.blob.core.windows.net/wardrobe-outputs/8a1cc583-cde6-4048-b126-616779f498e4.png,https://glamifydevstorage.blob.core.windows.net/wardrobe-outputs/1e1009b9-21cf-42aa-8ec5-d65e65622acb.png,"This garment is a fitted, short-sleeved dress with a structured bodice and a short skirt. The bodice features a sweetheart neckline with a central vertical seam that extends down the front, flanked by two angled seams converging at the waist, creating a corset-like silhouette. The front closure consists of five large, round, gold-toned buttons arranged vertically along the central seam. The sleeves are short and capped, with a slight flare at the hem, and are attached to the bodice with shoulder seams that extend from the neckline to the sleeve cap. The shoulder layout includes a square neckline with a straight upper edge, bordered by a narrow band of fabric that forms a slight V-shape at the center front. The waist transition is defined by a series of vertical seams that contour the torso, enhancing the fitted shape. The skirt is constructed from the same material as the bodice, with a smooth, continuous flow from the waist to the hem, which ends above the knee. The fabric exhibits a textured pattern resembling reptile skin, with visible grain lines running vertically along the bodice and skirt. The dress appears to be made from a structured, possibly leather-like material with a slight sheen. There are no visible boning, lining, or additional trims beyond the buttons and the subtle texture of the fabric.",dress,A young woman with blonde long wavy hair and slim body build.,"TRYON A young woman with blonde long wavy hair and slim body build. Replace the entire outfit completely with This garment is a fitted, short-sleeved dress with a structured bodice and a short skirt. The bodice features a sweetheart neckline with a central vertical seam that extends down the front, flanked by two angled seams converging at the waist, creating a corset-like silhouette. The front closure consists of five large, round, gold-toned buttons arranged vertically along the central seam. The sleeves are short and capped, with a slight flare at the hem, and are attached to the bodice with shoulder seams that extend from the neckline to the sleeve cap. The shoulder layout includes a square neckline with a straight upper edge, bordered by a narrow band of fabric that forms a slight V-shape at the center front. The waist transition is defined by a series of vertical seams that contour the torso, enhancing the fitted shape. The skirt is constructed from the same material as the bodice, with a smooth, continuous flow from the waist to the hem, which ends above the knee. The fabric exhibits a textured pattern resembling reptile skin, with visible grain lines running vertically along the bodice and skirt. The dress appears to be made from a structured, possibly leather-like material with a slight sheen. There are no visible boning, lining, or additional trims beyond the buttons and the subtle texture of the fabric. as shown in the reference image. Strictly keep the same face, body measurements, hair color, eye directions, exact foot wear, same accessories and preserve strict body pose. Preserve the exact subject scale and framing from the original image; do not zoom, crop, or change camera distance. Generate a hyper realistic virtual tryon. The final image is a full body shot.",success,,4.254535436630249,8.093676090240479,18.194725275039673
39,pexels-el-gringo-photo-116752370-10675485.jpg,https://glamifydevstorage.blob.core.windows.net/wardrobe-outputs/7172546e-9773-49ab-b7a5-94a37bf44be4.png,https://glamifydevstorage.blob.core.windows.net/wardrobe-outputs/30ba483b-c33c-43d5-82db-0e6e72d09091.png,https://glamifydevstorage.blob.core.windows.net/wardrobe-outputs/1e1009b9-21cf-42aa-8ec5-d65e65622acb.png,"This garment is a fitted, short-sleeved dress with a structured bodice and a short skirt. The bodice features a sweetheart neckline with a central vertical seam that extends down the front, flanked by two angled seams converging at the waist, creating a corset-like silhouette. The front closure consists of five large, round, gold-toned buttons arranged vertically along the central seam. The sleeves are short and capped, with a slight flare at the hem, and are attached to the bodice with shoulder seams that extend from the neckline to the sleeve cap. The shoulder layout includes a square neckline with a straight upper edge, bordered by a narrow band of fabric that forms a slight V-shape at the center front. The waist transition is defined by a series of vertical seams that contour the torso, enhancing the fitted shape. The skirt is constructed from the same material as the bodice, with a smooth, continuous flow from the waist to the hem, which ends above the knee. The fabric exhibits a textured pattern resembling reptile skin, with visible grain lines running vertically along the bodice and skirt. The dress appears to be made from a structured, possibly leather-like material with a slight sheen. There are no visible boning, lining, or additional trims beyond the buttons and the subtle texture of the fabric.",dress,A young woman with brown long wavy hair and slim body build.,"TRYON A young woman with brown long wavy hair and slim body build. Replace the entire outfit completely with This garment is a fitted, short-sleeved dress with a structured bodice and a short skirt. The bodice features a sweetheart neckline with a central vertical seam that extends down the front, flanked by two angled seams converging at the waist, creating a corset-like silhouette. The front closure consists of five large, round, gold-toned buttons arranged vertically along the central seam. The sleeves are short and capped, with a slight flare at the hem, and are attached to the bodice with shoulder seams that extend from the neckline to the sleeve cap. The shoulder layout includes a square neckline with a straight upper edge, bordered by a narrow band of fabric that forms a slight V-shape at the center front. The waist transition is defined by a series of vertical seams that contour the torso, enhancing the fitted shape. The skirt is constructed from the same material as the bodice, with a smooth, continuous flow from the waist to the hem, which ends above the knee. The fabric exhibits a textured pattern resembling reptile skin, with visible grain lines running vertically along the bodice and skirt. The dress appears to be made from a structured, possibly leather-like material with a slight sheen. There are no visible boning, lining, or additional trims beyond the buttons and the subtle texture of the fabric. as shown in the reference image. Strictly keep the same face, body measurements, hair color, eye directions, exact foot wear, same accessories and preserve strict body pose. Preserve the exact subject scale and framing from the original image; do not zoom, crop, or change camera distance. Generate a hyper realistic virtual tryon. The final image is a full body shot.",success,,4.358501195907593,8.09224009513855,19.28418803215027
40,pexels-elchinoportrait-20471162.jpg,https://glamifydevstorage.blob.core.windows.net/wardrobe-outputs/4ae74ef0-b064-4078-9142-23d2c4b2e942.png,https://glamifydevstorage.blob.core.windows.net/wardrobe-outputs/4879fa5f-dbee-4af8-86c1-0913cb1ee52d.png,https://glamifydevstorage.blob.core.windows.net/wardrobe-outputs/1e1009b9-21cf-42aa-8ec5-d65e65622acb.png,"This garment is a fitted, short-sleeved dress with a structured bodice and a short skirt. The bodice features a sweetheart neckline with a central vertical seam that extends down the front, flanked by two angled seams converging at the waist, creating a corset-like silhouette. The front closure consists of five large, round, gold-toned buttons arranged vertically along the central seam. The sleeves are short and capped, with a slight flare at the hem, and are attached to the bodice with shoulder seams that extend from the neckline to the sleeve cap. The shoulder layout includes a square neckline with a straight upper edge, bordered by a narrow band of fabric that forms a slight V-shape at the center front. The waist transition is defined by a series of vertical seams that contour the torso, enhancing the fitted shape. The skirt is constructed from the same material as the bodice, with a smooth, continuous flow from the waist to the hem, which ends above the knee. The fabric exhibits a textured pattern resembling reptile skin, with visible grain lines running vertically along the bodice and skirt. The dress appears to be made from a structured, possibly leather-like material with a slight sheen. There are no visible boning, lining, or additional trims beyond the buttons and the subtle texture of the fabric.",dress,A young woman with dark brown shoulder-length smooth hair and average body build.,"TRYON A young woman with dark brown shoulder-length smooth hair and average body build. Replace the entire outfit completely with This garment is a fitted, short-sleeved dress with a structured bodice and a short skirt. The bodice features a sweetheart neckline with a central vertical seam that extends down the front, flanked by two angled seams converging at the waist, creating a corset-like silhouette. The front closure consists of five large, round, gold-toned buttons arranged vertically along the central seam. The sleeves are short and capped, with a slight flare at the hem, and are attached to the bodice with shoulder seams that extend from the neckline to the sleeve cap. The shoulder layout includes a square neckline with a straight upper edge, bordered by a narrow band of fabric that forms a slight V-shape at the center front. The waist transition is defined by a series of vertical seams that contour the torso, enhancing the fitted shape. The skirt is constructed from the same material as the bodice, with a smooth, continuous flow from the waist to the hem, which ends above the knee. The fabric exhibits a textured pattern resembling reptile skin, with visible grain lines running vertically along the bodice and skirt. The dress appears to be made from a structured, possibly leather-like material with a slight sheen. There are no visible boning, lining, or additional trims beyond the buttons and the subtle texture of the fabric. as shown in the reference image. Strictly keep the same face, body measurements, hair color, eye directions, exact foot wear, same accessories and preserve strict body pose. Preserve the exact subject scale and framing from the original image; do not zoom, crop, or change camera distance. Generate a hyper realistic virtual tryon. The final image is a full body shot.",success,,4.415069341659546,8.090542554855347,18.945059299468994
